==========================================
Job started at: Thu Nov 27 01:12:39 AM CET 2025
Job ID: 12912206
Node: jwb0311.juwels
==========================================
MASTER_ADDR:MASTER_PORT set to: jwb0311i:29706
Starting training...
==========================================
INFO:    Environment variable SINGULARITYENV_HF_HUB_OFFLINE is set, but APPTAINERENV_HF_HUB_OFFLINE is preferred
INFO:    Environment variable SINGULARITYENV_HF_DATASETS_OFFLINE is set, but APPTAINERENV_HF_DATASETS_OFFLINE is preferred
INFO:    Environment variable SINGULARITYENV_GPUS_PER_NODE is set, but APPTAINERENV_GPUS_PER_NODE is preferred
INFO:    Environment variable SINGULARITYENV_MASTER_ADDR is set, but APPTAINERENV_MASTER_ADDR is preferred
INFO:    Environment variable SINGULARITYENV_HF_HOME is set, but APPTAINERENV_HF_HOME is preferred
INFO:    Environment variable SINGULARITYENV_OMP_NUM_THREADS is set, but APPTAINERENV_OMP_NUM_THREADS is preferred
INFO:    Environment variable SINGULARITYENV_MASTER_PORT is set, but APPTAINERENV_MASTER_PORT is preferred
INFO:    Environment variable SINGULARITYENV_HUGGINGFACE_HUB_CACHE is set, but APPTAINERENV_HUGGINGFACE_HUB_CACHE is preferred
INFO:    Environment variable SINGULARITYENV_TRANSFORMERS_OFFLINE is set, but APPTAINERENV_TRANSFORMERS_OFFLINE is preferred
INFO:    Environment variable SINGULARITYENV_TRITON_LIBCUDA_PATH is set, but APPTAINERENV_TRITON_LIBCUDA_PATH is preferred
INFO:    Environment variable SINGULARITYENV_CUDA_DEVICE_MAX_CONNECTIONS is set, but APPTAINERENV_CUDA_DEVICE_MAX_CONNECTIONS is preferred
INFO:    Environment variable SINGULARITYENV_NCCL_IB_TIMEOUT is set, but APPTAINERENV_NCCL_IB_TIMEOUT is preferred
INFO:    Environment variable SINGULARITYENV_NCCL_DEBUG is set, but APPTAINERENV_NCCL_DEBUG is preferred
INFO:    Environment variable SINGULARITYENV_HF_HUB_CACHE is set, but APPTAINERENV_HF_HUB_CACHE is preferred
INFO:    Environment variable SINGULARITYENV_HF_HUB_OFFLINE is set, but APPTAINERENV_HF_HUB_OFFLINE is preferred
INFO:    Environment variable SINGULARITYENV_HF_DATASETS_OFFLINE is set, but APPTAINERENV_HF_DATASETS_OFFLINE is preferred
INFO:    Environment variable SINGULARITYENV_GPUS_PER_NODE is set, but APPTAINERENV_GPUS_PER_NODE is preferred
INFO:    Environment variable SINGULARITYENV_MASTER_ADDR is set, but APPTAINERENV_MASTER_ADDR is preferred
INFO:    Environment variable SINGULARITYENV_HF_HOME is set, but APPTAINERENV_HF_HOME is preferred
INFO:    Environment variable SINGULARITYENV_OMP_NUM_THREADS is set, but APPTAINERENV_OMP_NUM_THREADS is preferred
INFO:    Environment variable SINGULARITYENV_MASTER_PORT is set, but APPTAINERENV_MASTER_PORT is preferred
INFO:    Environment variable SINGULARITYENV_HUGGINGFACE_HUB_CACHE is set, but APPTAINERENV_HUGGINGFACE_HUB_CACHE is preferred
INFO:    Environment variable SINGULARITYENV_TRANSFORMERS_OFFLINE is set, but APPTAINERENV_TRANSFORMERS_OFFLINE is preferred
INFO:    Environment variable SINGULARITYENV_TRITON_LIBCUDA_PATH is set, but APPTAINERENV_TRITON_LIBCUDA_PATH is preferred
INFO:    Environment variable SINGULARITYENV_CUDA_DEVICE_MAX_CONNECTIONS is set, but APPTAINERENV_CUDA_DEVICE_MAX_CONNECTIONS is preferred
INFO:    Environment variable SINGULARITYENV_NCCL_IB_TIMEOUT is set, but APPTAINERENV_NCCL_IB_TIMEOUT is preferred
INFO:    Environment variable SINGULARITYENV_NCCL_DEBUG is set, but APPTAINERENV_NCCL_DEBUG is preferred
INFO:    Environment variable SINGULARITYENV_HF_HUB_CACHE is set, but APPTAINERENV_HF_HUB_CACHE is preferred
INFO:    Environment variable SINGULARITYENV_HF_HUB_OFFLINE is set, but APPTAINERENV_HF_HUB_OFFLINE is preferred
INFO:    Environment variable SINGULARITYENV_HF_DATASETS_OFFLINE is set, but APPTAINERENV_HF_DATASETS_OFFLINE is preferred
INFO:    Environment variable SINGULARITYENV_GPUS_PER_NODE is set, but APPTAINERENV_GPUS_PER_NODE is preferred
INFO:    Environment variable SINGULARITYENV_MASTER_ADDR is set, but APPTAINERENV_MASTER_ADDR is preferred
INFO:    Environment variable SINGULARITYENV_HF_HOME is set, but APPTAINERENV_HF_HOME is preferred
INFO:    Environment variable SINGULARITYENV_OMP_NUM_THREADS is set, but APPTAINERENV_OMP_NUM_THREADS is preferred
INFO:    Environment variable SINGULARITYENV_MASTER_PORT is set, but APPTAINERENV_MASTER_PORT is preferred
INFO:    Environment variable SINGULARITYENV_HUGGINGFACE_HUB_CACHE is set, but APPTAINERENV_HUGGINGFACE_HUB_CACHE is preferred
INFO:    Environment variable SINGULARITYENV_TRANSFORMERS_OFFLINE is set, but APPTAINERENV_TRANSFORMERS_OFFLINE is preferred
INFO:    Environment variable SINGULARITYENV_TRITON_LIBCUDA_PATH is set, but APPTAINERENV_TRITON_LIBCUDA_PATH is preferred
INFO:    Environment variable SINGULARITYENV_CUDA_DEVICE_MAX_CONNECTIONS is set, but APPTAINERENV_CUDA_DEVICE_MAX_CONNECTIONS is preferred
INFO:    Environment variable SINGULARITYENV_NCCL_IB_TIMEOUT is set, but APPTAINERENV_NCCL_IB_TIMEOUT is preferred
INFO:    Environment variable SINGULARITYENV_NCCL_DEBUG is set, but APPTAINERENV_NCCL_DEBUG is preferred
INFO:    Environment variable SINGULARITYENV_HF_HUB_CACHE is set, but APPTAINERENV_HF_HUB_CACHE is preferred
INFO:    Environment variable SINGULARITYENV_HF_HUB_OFFLINE is set, but APPTAINERENV_HF_HUB_OFFLINE is preferred
INFO:    Environment variable SINGULARITYENV_HF_DATASETS_OFFLINE is set, but APPTAINERENV_HF_DATASETS_OFFLINE is preferred
INFO:    Environment variable SINGULARITYENV_GPUS_PER_NODE is set, but APPTAINERENV_GPUS_PER_NODE is preferred
INFO:    Environment variable SINGULARITYENV_MASTER_ADDR is set, but APPTAINERENV_MASTER_ADDR is preferred
INFO:    Environment variable SINGULARITYENV_HF_HOME is set, but APPTAINERENV_HF_HOME is preferred
INFO:    Environment variable SINGULARITYENV_OMP_NUM_THREADS is set, but APPTAINERENV_OMP_NUM_THREADS is preferred
INFO:    Environment variable SINGULARITYENV_MASTER_PORT is set, but APPTAINERENV_MASTER_PORT is preferred
INFO:    Environment variable SINGULARITYENV_HUGGINGFACE_HUB_CACHE is set, but APPTAINERENV_HUGGINGFACE_HUB_CACHE is preferred
INFO:    Environment variable SINGULARITYENV_HF_HUB_OFFLINE is set, but APPTAINERENV_HF_HUB_OFFLINE is preferred
INFO:    Environment variable SINGULARITYENV_HF_DATASETS_OFFLINE is set, but APPTAINERENV_HF_DATASETS_OFFLINE is preferred
INFO:    Environment variable SINGULARITYENV_GPUS_PER_NODE is set, but APPTAINERENV_GPUS_PER_NODE is preferred
INFO:    Environment variable SINGULARITYENV_MASTER_ADDR is set, but APPTAINERENV_MASTER_ADDR is preferred
INFO:    Environment variable SINGULARITYENV_HF_HOME is set, but APPTAINERENV_HF_HOME is preferred
INFO:    Environment variable SINGULARITYENV_OMP_NUM_THREADS is set, but APPTAINERENV_OMP_NUM_THREADS is preferred
INFO:    Environment variable SINGULARITYENV_MASTER_PORT is set, but APPTAINERENV_MASTER_PORT is preferred
INFO:    Environment variable SINGULARITYENV_HUGGINGFACE_HUB_CACHE is set, but APPTAINERENV_HUGGINGFACE_HUB_CACHE is preferred
INFO:    Environment variable SINGULARITYENV_HF_HUB_OFFLINE is set, but APPTAINERENV_HF_HUB_OFFLINE is preferred
INFO:    Environment variable SINGULARITYENV_HF_DATASETS_OFFLINE is set, but APPTAINERENV_HF_DATASETS_OFFLINE is preferred
INFO:    Environment variable SINGULARITYENV_GPUS_PER_NODE is set, but APPTAINERENV_GPUS_PER_NODE is preferred
INFO:    Environment variable SINGULARITYENV_MASTER_ADDR is set, but APPTAINERENV_MASTER_ADDR is preferred
INFO:    Environment variable SINGULARITYENV_HF_HOME is set, but APPTAINERENV_HF_HOME is preferred
INFO:    Environment variable SINGULARITYENV_OMP_NUM_THREADS is set, but APPTAINERENV_OMP_NUM_THREADS is preferred
INFO:    Environment variable SINGULARITYENV_MASTER_PORT is set, but APPTAINERENV_MASTER_PORT is preferred
INFO:    Environment variable SINGULARITYENV_HUGGINGFACE_HUB_CACHE is set, but APPTAINERENV_HUGGINGFACE_HUB_CACHE is preferred
INFO:    Environment variable SINGULARITYENV_HF_HUB_OFFLINE is set, but APPTAINERENV_HF_HUB_OFFLINE is preferred
INFO:    Environment variable SINGULARITYENV_HF_DATASETS_OFFLINE is set, but APPTAINERENV_HF_DATASETS_OFFLINE is preferred
INFO:    Environment variable SINGULARITYENV_GPUS_PER_NODE is set, but APPTAINERENV_GPUS_PER_NODE is preferred
INFO:    Environment variable SINGULARITYENV_MASTER_ADDR is set, but APPTAINERENV_MASTER_ADDR is preferred
INFO:    Environment variable SINGULARITYENV_HF_HOME is set, but APPTAINERENV_HF_HOME is preferred
INFO:    Environment variable SINGULARITYENV_OMP_NUM_THREADS is set, but APPTAINERENV_OMP_NUM_THREADS is preferred
INFO:    Environment variable SINGULARITYENV_MASTER_PORT is set, but APPTAINERENV_MASTER_PORT is preferred
INFO:    Environment variable SINGULARITYENV_HUGGINGFACE_HUB_CACHE is set, but APPTAINERENV_HUGGINGFACE_HUB_CACHE is preferred
INFO:    Environment variable SINGULARITYENV_TRANSFORMERS_OFFLINE is set, but APPTAINERENV_TRANSFORMERS_OFFLINE is preferred
INFO:    Environment variable SINGULARITYENV_TRITON_LIBCUDA_PATH is set, but APPTAINERENV_TRITON_LIBCUDA_PATH is preferred
INFO:    Environment variable SINGULARITYENV_CUDA_DEVICE_MAX_CONNECTIONS is set, but APPTAINERENV_CUDA_DEVICE_MAX_CONNECTIONS is preferred
INFO:    Environment variable SINGULARITYENV_NCCL_IB_TIMEOUT is set, but APPTAINERENV_NCCL_IB_TIMEOUT is preferred
INFO:    Environment variable SINGULARITYENV_NCCL_DEBUG is set, but APPTAINERENV_NCCL_DEBUG is preferred
INFO:    Environment variable SINGULARITYENV_HF_HUB_CACHE is set, but APPTAINERENV_HF_HUB_CACHE is preferred
INFO:    Environment variable SINGULARITYENV_HF_HUB_OFFLINE is set, but APPTAINERENV_HF_HUB_OFFLINE is preferred
INFO:    Environment variable SINGULARITYENV_HF_DATASETS_OFFLINE is set, but APPTAINERENV_HF_DATASETS_OFFLINE is preferred
INFO:    Environment variable SINGULARITYENV_GPUS_PER_NODE is set, but APPTAINERENV_GPUS_PER_NODE is preferred
INFO:    Environment variable SINGULARITYENV_MASTER_ADDR is set, but APPTAINERENV_MASTER_ADDR is preferred
INFO:    Environment variable SINGULARITYENV_HF_HOME is set, but APPTAINERENV_HF_HOME is preferred
INFO:    Environment variable SINGULARITYENV_OMP_NUM_THREADS is set, but APPTAINERENV_OMP_NUM_THREADS is preferred
INFO:    Environment variable SINGULARITYENV_MASTER_PORT is set, but APPTAINERENV_MASTER_PORT is preferred
INFO:    Environment variable SINGULARITYENV_HUGGINGFACE_HUB_CACHE is set, but APPTAINERENV_HUGGINGFACE_HUB_CACHE is preferred
INFO:    Environment variable SINGULARITYENV_TRANSFORMERS_OFFLINE is set, but APPTAINERENV_TRANSFORMERS_OFFLINE is preferred
INFO:    Environment variable SINGULARITYENV_TRITON_LIBCUDA_PATH is set, but APPTAINERENV_TRITON_LIBCUDA_PATH is preferred
INFO:    Environment variable SINGULARITYENV_CUDA_DEVICE_MAX_CONNECTIONS is set, but APPTAINERENV_CUDA_DEVICE_MAX_CONNECTIONS is preferred
INFO:    Environment variable SINGULARITYENV_NCCL_IB_TIMEOUT is set, but APPTAINERENV_NCCL_IB_TIMEOUT is preferred
INFO:    Environment variable SINGULARITYENV_NCCL_DEBUG is set, but APPTAINERENV_NCCL_DEBUG is preferred
INFO:    Environment variable SINGULARITYENV_HF_HUB_CACHE is set, but APPTAINERENV_HF_HUB_CACHE is preferred
INFO:    Environment variable SINGULARITYENV_TRANSFORMERS_OFFLINE is set, but APPTAINERENV_TRANSFORMERS_OFFLINE is preferred
INFO:    Environment variable SINGULARITYENV_TRITON_LIBCUDA_PATH is set, but APPTAINERENV_TRITON_LIBCUDA_PATH is preferred
INFO:    Environment variable SINGULARITYENV_CUDA_DEVICE_MAX_CONNECTIONS is set, but APPTAINERENV_CUDA_DEVICE_MAX_CONNECTIONS is preferred
INFO:    Environment variable SINGULARITYENV_NCCL_IB_TIMEOUT is set, but APPTAINERENV_NCCL_IB_TIMEOUT is preferred
INFO:    Environment variable SINGULARITYENV_NCCL_DEBUG is set, but APPTAINERENV_NCCL_DEBUG is preferred
INFO:    Environment variable SINGULARITYENV_HF_HUB_CACHE is set, but APPTAINERENV_HF_HUB_CACHE is preferred
INFO:    Environment variable SINGULARITYENV_TRANSFORMERS_OFFLINE is set, but APPTAINERENV_TRANSFORMERS_OFFLINE is preferred
INFO:    Environment variable SINGULARITYENV_TRITON_LIBCUDA_PATH is set, but APPTAINERENV_TRITON_LIBCUDA_PATH is preferred
INFO:    Environment variable SINGULARITYENV_CUDA_DEVICE_MAX_CONNECTIONS is set, but APPTAINERENV_CUDA_DEVICE_MAX_CONNECTIONS is preferred
INFO:    Environment variable SINGULARITYENV_NCCL_IB_TIMEOUT is set, but APPTAINERENV_NCCL_IB_TIMEOUT is preferred
INFO:    Environment variable SINGULARITYENV_NCCL_DEBUG is set, but APPTAINERENV_NCCL_DEBUG is preferred
INFO:    Environment variable SINGULARITYENV_HF_HUB_CACHE is set, but APPTAINERENV_HF_HUB_CACHE is preferred
INFO:    Environment variable SINGULARITYENV_TRANSFORMERS_OFFLINE is set, but APPTAINERENV_TRANSFORMERS_OFFLINE is preferred
INFO:    Environment variable SINGULARITYENV_TRITON_LIBCUDA_PATH is set, but APPTAINERENV_TRITON_LIBCUDA_PATH is preferred
INFO:    Environment variable SINGULARITYENV_CUDA_DEVICE_MAX_CONNECTIONS is set, but APPTAINERENV_CUDA_DEVICE_MAX_CONNECTIONS is preferred
INFO:    Environment variable SINGULARITYENV_NCCL_IB_TIMEOUT is set, but APPTAINERENV_NCCL_IB_TIMEOUT is preferred
INFO:    Environment variable SINGULARITYENV_NCCL_DEBUG is set, but APPTAINERENV_NCCL_DEBUG is preferred
INFO:    Environment variable SINGULARITYENV_HF_HUB_CACHE is set, but APPTAINERENV_HF_HUB_CACHE is preferred
nvm is not compatible with the "NPM_CONFIG_PREFIX" environment variable: currently set to "/p/project1/laionize/harsh/.npm-global"
Run `unset NPM_CONFIG_PREFIX` to unset it.
nvm is not compatible with the "NPM_CONFIG_PREFIX" environment variable: currently set to "/p/project1/laionize/harsh/.npm-global"
Run `unset NPM_CONFIG_PREFIX` to unset it.
nvm is not compatible with the "NPM_CONFIG_PREFIX" environment variable: currently set to "/p/project1/laionize/harsh/.npm-global"
Run `unset NPM_CONFIG_PREFIX` to unset it.
nvm is not compatible with the "NPM_CONFIG_PREFIX" environment variable: currently set to "/p/project1/laionize/harsh/.npm-global"
Run `unset NPM_CONFIG_PREFIX` to unset it.
nvm is not compatible with the "NPM_CONFIG_PREFIX" environment variable: currently set to "/p/project1/laionize/harsh/.npm-global"
Run `unset NPM_CONFIG_PREFIX` to unset it.
nvm is not compatible with the "NPM_CONFIG_PREFIX" environment variable: currently set to "/p/project1/laionize/harsh/.npm-global"
Run `unset NPM_CONFIG_PREFIX` to unset it.
nvm is not compatible with the "NPM_CONFIG_PREFIX" environment variable: currently set to "/p/project1/laionize/harsh/.npm-global"
Run `unset NPM_CONFIG_PREFIX` to unset it.
nvm is not compatible with the "NPM_CONFIG_PREFIX" environment variable: currently set to "/p/project1/laionize/harsh/.npm-global"
Run `unset NPM_CONFIG_PREFIX` to unset it.
/opt/conda/lib/python3.11/site-packages/transformers/utils/hub.py:110: FutureWarning: Using `TRANSFORMERS_CACHE` is deprecated and will be removed in v5 of Transformers. Use `HF_HOME` instead.
  warnings.warn(
/opt/conda/lib/python3.11/site-packages/transformers/utils/hub.py:110: FutureWarning: Using `TRANSFORMERS_CACHE` is deprecated and will be removed in v5 of Transformers. Use `HF_HOME` instead.
  warnings.warn(
/opt/conda/lib/python3.11/site-packages/transformers/utils/hub.py:110: FutureWarning: Using `TRANSFORMERS_CACHE` is deprecated and will be removed in v5 of Transformers. Use `HF_HOME` instead.
  warnings.warn(
/opt/conda/lib/python3.11/site-packages/transformers/utils/hub.py:110: FutureWarning: Using `TRANSFORMERS_CACHE` is deprecated and will be removed in v5 of Transformers. Use `HF_HOME` instead.
  warnings.warn(
/opt/conda/lib/python3.11/site-packages/transformers/utils/hub.py:110: FutureWarning: Using `TRANSFORMERS_CACHE` is deprecated and will be removed in v5 of Transformers. Use `HF_HOME` instead.
  warnings.warn(
/opt/conda/lib/python3.11/site-packages/transformers/utils/hub.py:110: FutureWarning: Using `TRANSFORMERS_CACHE` is deprecated and will be removed in v5 of Transformers. Use `HF_HOME` instead.
  warnings.warn(
/opt/conda/lib/python3.11/site-packages/transformers/utils/hub.py:110: FutureWarning: Using `TRANSFORMERS_CACHE` is deprecated and will be removed in v5 of Transformers. Use `HF_HOME` instead.
  warnings.warn(
/opt/conda/lib/python3.11/site-packages/transformers/utils/hub.py:110: FutureWarning: Using `TRANSFORMERS_CACHE` is deprecated and will be removed in v5 of Transformers. Use `HF_HOME` instead.
  warnings.warn(
[INFO|2025-11-27 01:12:51] llamafactory.launcher:143 >> Initializing 4 distributed tasks at: jwb0311i:29706
[INFO|2025-11-27 01:12:51] llamafactory.launcher:143 >> Multi-node training enabled: num nodes: 8, node rank: 1
[INFO|2025-11-27 01:12:51] llamafactory.launcher:143 >> Initializing 4 distributed tasks at: jwb0311i:29706
[INFO|2025-11-27 01:12:51] llamafactory.launcher:143 >> Multi-node training enabled: num nodes: 8, node rank: 7
[INFO|2025-11-27 01:12:51] llamafactory.launcher:143 >> Initializing 4 distributed tasks at: jwb0311i:29706
[INFO|2025-11-27 01:12:51] llamafactory.launcher:143 >> Multi-node training enabled: num nodes: 8, node rank: 4
[INFO|2025-11-27 01:12:51] llamafactory.launcher:143 >> Initializing 4 distributed tasks at: jwb0311i:29706
[INFO|2025-11-27 01:12:51] llamafactory.launcher:143 >> Multi-node training enabled: num nodes: 8, node rank: 6
[INFO|2025-11-27 01:12:52] llamafactory.launcher:143 >> Initializing 4 distributed tasks at: jwb0311i:29706
[INFO|2025-11-27 01:12:52] llamafactory.launcher:143 >> Multi-node training enabled: num nodes: 8, node rank: 5
[INFO|2025-11-27 01:12:52] llamafactory.launcher:143 >> Initializing 4 distributed tasks at: jwb0311i:29706
[INFO|2025-11-27 01:12:52] llamafactory.launcher:143 >> Multi-node training enabled: num nodes: 8, node rank: 3
[INFO|2025-11-27 01:12:52] llamafactory.launcher:143 >> Initializing 4 distributed tasks at: jwb0311i:29706
[INFO|2025-11-27 01:12:52] llamafactory.launcher:143 >> Multi-node training enabled: num nodes: 8, node rank: 0
[W1127 01:12:52.861843933 socket.cpp:759] [c10d] The client socket cannot be initialized to connect to [jwb0311i.juwels]:29706 (errno: 97 - Address family not supported by protocol).
[INFO|2025-11-27 01:12:52] llamafactory.launcher:143 >> Initializing 4 distributed tasks at: jwb0311i:29706
[INFO|2025-11-27 01:12:52] llamafactory.launcher:143 >> Multi-node training enabled: num nodes: 8, node rank: 2
[W1127 01:12:52.066707942 socket.cpp:759] [c10d] The client socket cannot be initialized to connect to [jwb0311i.juwels]:29706 (errno: 97 - Address family not supported by protocol).
[W1127 01:12:52.009489667 socket.cpp:759] [c10d] The client socket cannot be initialized to connect to [jwb0311i.juwels]:29706 (errno: 97 - Address family not supported by protocol).
[W1127 01:12:53.414415265 socket.cpp:759] [c10d] The client socket cannot be initialized to connect to [jwb0311i.juwels]:29706 (errno: 97 - Address family not supported by protocol).
[W1127 01:12:53.035534323 socket.cpp:759] [c10d] The client socket cannot be initialized to connect to [jwb0311i.juwels]:29706 (errno: 97 - Address family not supported by protocol).
[W1127 01:12:53.178083298 socket.cpp:759] [c10d] The client socket cannot be initialized to connect to [jwb0311i.juwels]:29706 (errno: 97 - Address family not supported by protocol).
[W1127 01:12:54.328055332 socket.cpp:759] [c10d] The client socket cannot be initialized to connect to [jwb0311i.juwels]:29706 (errno: 97 - Address family not supported by protocol).
[W1127 01:12:54.527948824 socket.cpp:759] [c10d] The client socket cannot be initialized to connect to [jwb0311i.juwels]:29706 (errno: 97 - Address family not supported by protocol).
/opt/conda/lib/python3.11/site-packages/transformers/utils/hub.py:110: FutureWarning: Using `TRANSFORMERS_CACHE` is deprecated and will be removed in v5 of Transformers. Use `HF_HOME` instead.
  warnings.warn(
/opt/conda/lib/python3.11/site-packages/transformers/utils/hub.py:110: FutureWarning: Using `TRANSFORMERS_CACHE` is deprecated and will be removed in v5 of Transformers. Use `HF_HOME` instead.
  warnings.warn(
/opt/conda/lib/python3.11/site-packages/transformers/utils/hub.py:110: FutureWarning: Using `TRANSFORMERS_CACHE` is deprecated and will be removed in v5 of Transformers. Use `HF_HOME` instead.
  warnings.warn(
/opt/conda/lib/python3.11/site-packages/transformers/utils/hub.py:110: FutureWarning: Using `TRANSFORMERS_CACHE` is deprecated and will be removed in v5 of Transformers. Use `HF_HOME` instead.
  warnings.warn(
/opt/conda/lib/python3.11/site-packages/transformers/utils/hub.py:110: FutureWarning: Using `TRANSFORMERS_CACHE` is deprecated and will be removed in v5 of Transformers. Use `HF_HOME` instead.
  warnings.warn(
/opt/conda/lib/python3.11/site-packages/transformers/utils/hub.py:110: FutureWarning: Using `TRANSFORMERS_CACHE` is deprecated and will be removed in v5 of Transformers. Use `HF_HOME` instead.
  warnings.warn(
/opt/conda/lib/python3.11/site-packages/transformers/utils/hub.py:110: FutureWarning: Using `TRANSFORMERS_CACHE` is deprecated and will be removed in v5 of Transformers. Use `HF_HOME` instead.
  warnings.warn(
/opt/conda/lib/python3.11/site-packages/transformers/utils/hub.py:110: FutureWarning: Using `TRANSFORMERS_CACHE` is deprecated and will be removed in v5 of Transformers. Use `HF_HOME` instead.
  warnings.warn(
/opt/conda/lib/python3.11/site-packages/transformers/utils/hub.py:110: FutureWarning: Using `TRANSFORMERS_CACHE` is deprecated and will be removed in v5 of Transformers. Use `HF_HOME` instead.
  warnings.warn(
/opt/conda/lib/python3.11/site-packages/transformers/utils/hub.py:110: FutureWarning: Using `TRANSFORMERS_CACHE` is deprecated and will be removed in v5 of Transformers. Use `HF_HOME` instead.
  warnings.warn(
/opt/conda/lib/python3.11/site-packages/transformers/utils/hub.py:110: FutureWarning: Using `TRANSFORMERS_CACHE` is deprecated and will be removed in v5 of Transformers. Use `HF_HOME` instead.
  warnings.warn(
/opt/conda/lib/python3.11/site-packages/transformers/utils/hub.py:110: FutureWarning: Using `TRANSFORMERS_CACHE` is deprecated and will be removed in v5 of Transformers. Use `HF_HOME` instead.
  warnings.warn(
/opt/conda/lib/python3.11/site-packages/transformers/utils/hub.py:110: FutureWarning: Using `TRANSFORMERS_CACHE` is deprecated and will be removed in v5 of Transformers. Use `HF_HOME` instead.
  warnings.warn(
/opt/conda/lib/python3.11/site-packages/transformers/utils/hub.py:110: FutureWarning: Using `TRANSFORMERS_CACHE` is deprecated and will be removed in v5 of Transformers. Use `HF_HOME` instead.
  warnings.warn(
/opt/conda/lib/python3.11/site-packages/transformers/utils/hub.py:110: FutureWarning: Using `TRANSFORMERS_CACHE` is deprecated and will be removed in v5 of Transformers. Use `HF_HOME` instead.
  warnings.warn(
/opt/conda/lib/python3.11/site-packages/transformers/utils/hub.py:110: FutureWarning: Using `TRANSFORMERS_CACHE` is deprecated and will be removed in v5 of Transformers. Use `HF_HOME` instead.
  warnings.warn(
/opt/conda/lib/python3.11/site-packages/transformers/utils/hub.py:110: FutureWarning: Using `TRANSFORMERS_CACHE` is deprecated and will be removed in v5 of Transformers. Use `HF_HOME` instead.
  warnings.warn(
/opt/conda/lib/python3.11/site-packages/transformers/utils/hub.py:110: FutureWarning: Using `TRANSFORMERS_CACHE` is deprecated and will be removed in v5 of Transformers. Use `HF_HOME` instead.
  warnings.warn(
/opt/conda/lib/python3.11/site-packages/transformers/utils/hub.py:110: FutureWarning: Using `TRANSFORMERS_CACHE` is deprecated and will be removed in v5 of Transformers. Use `HF_HOME` instead.
  warnings.warn(
/opt/conda/lib/python3.11/site-packages/transformers/utils/hub.py:110: FutureWarning: Using `TRANSFORMERS_CACHE` is deprecated and will be removed in v5 of Transformers. Use `HF_HOME` instead.
  warnings.warn(
/opt/conda/lib/python3.11/site-packages/transformers/utils/hub.py:110: FutureWarning: Using `TRANSFORMERS_CACHE` is deprecated and will be removed in v5 of Transformers. Use `HF_HOME` instead.
  warnings.warn(
/opt/conda/lib/python3.11/site-packages/transformers/utils/hub.py:110: FutureWarning: Using `TRANSFORMERS_CACHE` is deprecated and will be removed in v5 of Transformers. Use `HF_HOME` instead.
  warnings.warn(
/opt/conda/lib/python3.11/site-packages/transformers/utils/hub.py:110: FutureWarning: Using `TRANSFORMERS_CACHE` is deprecated and will be removed in v5 of Transformers. Use `HF_HOME` instead.
  warnings.warn(
/opt/conda/lib/python3.11/site-packages/transformers/utils/hub.py:110: FutureWarning: Using `TRANSFORMERS_CACHE` is deprecated and will be removed in v5 of Transformers. Use `HF_HOME` instead.
  warnings.warn(
/opt/conda/lib/python3.11/site-packages/transformers/utils/hub.py:110: FutureWarning: Using `TRANSFORMERS_CACHE` is deprecated and will be removed in v5 of Transformers. Use `HF_HOME` instead.
  warnings.warn(
/opt/conda/lib/python3.11/site-packages/transformers/utils/hub.py:110: FutureWarning: Using `TRANSFORMERS_CACHE` is deprecated and will be removed in v5 of Transformers. Use `HF_HOME` instead.
  warnings.warn(
/opt/conda/lib/python3.11/site-packages/transformers/utils/hub.py:110: FutureWarning: Using `TRANSFORMERS_CACHE` is deprecated and will be removed in v5 of Transformers. Use `HF_HOME` instead.
  warnings.warn(
/opt/conda/lib/python3.11/site-packages/transformers/utils/hub.py:110: FutureWarning: Using `TRANSFORMERS_CACHE` is deprecated and will be removed in v5 of Transformers. Use `HF_HOME` instead.
  warnings.warn(
/opt/conda/lib/python3.11/site-packages/transformers/utils/hub.py:110: FutureWarning: Using `TRANSFORMERS_CACHE` is deprecated and will be removed in v5 of Transformers. Use `HF_HOME` instead.
  warnings.warn(
/opt/conda/lib/python3.11/site-packages/transformers/utils/hub.py:110: FutureWarning: Using `TRANSFORMERS_CACHE` is deprecated and will be removed in v5 of Transformers. Use `HF_HOME` instead.
  warnings.warn(
/opt/conda/lib/python3.11/site-packages/transformers/utils/hub.py:110: FutureWarning: Using `TRANSFORMERS_CACHE` is deprecated and will be removed in v5 of Transformers. Use `HF_HOME` instead.
  warnings.warn(
/opt/conda/lib/python3.11/site-packages/transformers/utils/hub.py:110: FutureWarning: Using `TRANSFORMERS_CACHE` is deprecated and will be removed in v5 of Transformers. Use `HF_HOME` instead.
  warnings.warn(
[2025-11-27 01:13:01,890] [INFO] [real_accelerator.py:254:get_accelerator] Setting ds_accelerator to cuda (auto detect)
[2025-11-27 01:13:01,890] [INFO] [real_accelerator.py:254:get_accelerator] Setting ds_accelerator to cuda (auto detect)
[2025-11-27 01:13:01,890] [INFO] [real_accelerator.py:254:get_accelerator] Setting ds_accelerator to cuda (auto detect)
[2025-11-27 01:13:01,891] [INFO] [real_accelerator.py:254:get_accelerator] Setting ds_accelerator to cuda (auto detect)
[2025-11-27 01:13:01,901] [INFO] [real_accelerator.py:254:get_accelerator] Setting ds_accelerator to cuda (auto detect)
[2025-11-27 01:13:01,901] [INFO] [real_accelerator.py:254:get_accelerator] Setting ds_accelerator to cuda (auto detect)
[2025-11-27 01:13:01,901] [INFO] [real_accelerator.py:254:get_accelerator] Setting ds_accelerator to cuda (auto detect)
[2025-11-27 01:13:01,912] [INFO] [real_accelerator.py:254:get_accelerator] Setting ds_accelerator to cuda (auto detect)
[2025-11-27 01:13:01,912] [INFO] [real_accelerator.py:254:get_accelerator] Setting ds_accelerator to cuda (auto detect)
[2025-11-27 01:13:01,952] [INFO] [real_accelerator.py:254:get_accelerator] Setting ds_accelerator to cuda (auto detect)
[2025-11-27 01:13:01,961] [INFO] [real_accelerator.py:254:get_accelerator] Setting ds_accelerator to cuda (auto detect)
[2025-11-27 01:13:01,961] [INFO] [real_accelerator.py:254:get_accelerator] Setting ds_accelerator to cuda (auto detect)
[2025-11-27 01:13:01,970] [INFO] [real_accelerator.py:254:get_accelerator] Setting ds_accelerator to cuda (auto detect)
[2025-11-27 01:13:01,978] [INFO] [real_accelerator.py:254:get_accelerator] Setting ds_accelerator to cuda (auto detect)
[2025-11-27 01:13:02,006] [INFO] [real_accelerator.py:254:get_accelerator] Setting ds_accelerator to cuda (auto detect)
[2025-11-27 01:13:02,033] [INFO] [real_accelerator.py:254:get_accelerator] Setting ds_accelerator to cuda (auto detect)
[2025-11-27 01:13:02,090] [INFO] [real_accelerator.py:254:get_accelerator] Setting ds_accelerator to cuda (auto detect)
[2025-11-27 01:13:02,090] [INFO] [real_accelerator.py:254:get_accelerator] Setting ds_accelerator to cuda (auto detect)
[2025-11-27 01:13:02,120] [INFO] [real_accelerator.py:254:get_accelerator] Setting ds_accelerator to cuda (auto detect)
[2025-11-27 01:13:02,120] [INFO] [real_accelerator.py:254:get_accelerator] Setting ds_accelerator to cuda (auto detect)
[2025-11-27 01:13:02,120] [INFO] [real_accelerator.py:254:get_accelerator] Setting ds_accelerator to cuda (auto detect)
[2025-11-27 01:13:02,120] [INFO] [real_accelerator.py:254:get_accelerator] Setting ds_accelerator to cuda (auto detect)
[2025-11-27 01:13:02,145] [INFO] [real_accelerator.py:254:get_accelerator] Setting ds_accelerator to cuda (auto detect)
[2025-11-27 01:13:02,163] [INFO] [real_accelerator.py:254:get_accelerator] Setting ds_accelerator to cuda (auto detect)
[2025-11-27 01:13:02,163] [INFO] [real_accelerator.py:254:get_accelerator] Setting ds_accelerator to cuda (auto detect)
[2025-11-27 01:13:02,163] [INFO] [real_accelerator.py:254:get_accelerator] Setting ds_accelerator to cuda (auto detect)
[2025-11-27 01:13:02,163] [INFO] [real_accelerator.py:254:get_accelerator] Setting ds_accelerator to cuda (auto detect)
[2025-11-27 01:13:02,169] [INFO] [real_accelerator.py:254:get_accelerator] Setting ds_accelerator to cuda (auto detect)
[2025-11-27 01:13:02,169] [INFO] [real_accelerator.py:254:get_accelerator] Setting ds_accelerator to cuda (auto detect)
[2025-11-27 01:13:02,169] [INFO] [real_accelerator.py:254:get_accelerator] Setting ds_accelerator to cuda (auto detect)
[2025-11-27 01:13:02,169] [INFO] [real_accelerator.py:254:get_accelerator] Setting ds_accelerator to cuda (auto detect)
[2025-11-27 01:13:02,221] [INFO] [real_accelerator.py:254:get_accelerator] Setting ds_accelerator to cuda (auto detect)
/opt/conda/lib/python3.11/site-packages/jieba/_compat.py:18: UserWarning: pkg_resources is deprecated as an API. See https://setuptools.pypa.io/en/latest/pkg_resources.html. The pkg_resources package is slated for removal as early as 2025-11-30. Refrain from using this package or pin to Setuptools<81.
  import pkg_resources
/opt/conda/lib/python3.11/site-packages/jieba/_compat.py:18: UserWarning: pkg_resources is deprecated as an API. See https://setuptools.pypa.io/en/latest/pkg_resources.html. The pkg_resources package is slated for removal as early as 2025-11-30. Refrain from using this package or pin to Setuptools<81.
  import pkg_resources
/opt/conda/lib/python3.11/site-packages/jieba/_compat.py:18: UserWarning: pkg_resources is deprecated as an API. See https://setuptools.pypa.io/en/latest/pkg_resources.html. The pkg_resources package is slated for removal as early as 2025-11-30. Refrain from using this package or pin to Setuptools<81.
  import pkg_resources
/opt/conda/lib/python3.11/site-packages/jieba/_compat.py:18: UserWarning: pkg_resources is deprecated as an API. See https://setuptools.pypa.io/en/latest/pkg_resources.html. The pkg_resources package is slated for removal as early as 2025-11-30. Refrain from using this package or pin to Setuptools<81.
  import pkg_resources
/opt/conda/lib/python3.11/site-packages/jieba/_compat.py:18: UserWarning: pkg_resources is deprecated as an API. See https://setuptools.pypa.io/en/latest/pkg_resources.html. The pkg_resources package is slated for removal as early as 2025-11-30. Refrain from using this package or pin to Setuptools<81.
  import pkg_resources
/opt/conda/lib/python3.11/site-packages/jieba/_compat.py:18: UserWarning: pkg_resources is deprecated as an API. See https://setuptools.pypa.io/en/latest/pkg_resources.html. The pkg_resources package is slated for removal as early as 2025-11-30. Refrain from using this package or pin to Setuptools<81.
  import pkg_resources
/opt/conda/lib/python3.11/site-packages/jieba/_compat.py:18: UserWarning: pkg_resources is deprecated as an API. See https://setuptools.pypa.io/en/latest/pkg_resources.html. The pkg_resources package is slated for removal as early as 2025-11-30. Refrain from using this package or pin to Setuptools<81.
  import pkg_resources
/opt/conda/lib/python3.11/site-packages/jieba/_compat.py:18: UserWarning: pkg_resources is deprecated as an API. See https://setuptools.pypa.io/en/latest/pkg_resources.html. The pkg_resources package is slated for removal as early as 2025-11-30. Refrain from using this package or pin to Setuptools<81.
  import pkg_resources
/opt/conda/lib/python3.11/site-packages/jieba/_compat.py:18: UserWarning: pkg_resources is deprecated as an API. See https://setuptools.pypa.io/en/latest/pkg_resources.html. The pkg_resources package is slated for removal as early as 2025-11-30. Refrain from using this package or pin to Setuptools<81.
  import pkg_resources
/opt/conda/lib/python3.11/site-packages/jieba/_compat.py:18: UserWarning: pkg_resources is deprecated as an API. See https://setuptools.pypa.io/en/latest/pkg_resources.html. The pkg_resources package is slated for removal as early as 2025-11-30. Refrain from using this package or pin to Setuptools<81.
  import pkg_resources
/opt/conda/lib/python3.11/site-packages/jieba/_compat.py:18: UserWarning: pkg_resources is deprecated as an API. See https://setuptools.pypa.io/en/latest/pkg_resources.html. The pkg_resources package is slated for removal as early as 2025-11-30. Refrain from using this package or pin to Setuptools<81.
  import pkg_resources
/opt/conda/lib/python3.11/site-packages/jieba/_compat.py:18: UserWarning: pkg_resources is deprecated as an API. See https://setuptools.pypa.io/en/latest/pkg_resources.html. The pkg_resources package is slated for removal as early as 2025-11-30. Refrain from using this package or pin to Setuptools<81.
  import pkg_resources
/opt/conda/lib/python3.11/site-packages/jieba/_compat.py:18: UserWarning: pkg_resources is deprecated as an API. See https://setuptools.pypa.io/en/latest/pkg_resources.html. The pkg_resources package is slated for removal as early as 2025-11-30. Refrain from using this package or pin to Setuptools<81.
  import pkg_resources
/opt/conda/lib/python3.11/site-packages/jieba/_compat.py:18: UserWarning: pkg_resources is deprecated as an API. See https://setuptools.pypa.io/en/latest/pkg_resources.html. The pkg_resources package is slated for removal as early as 2025-11-30. Refrain from using this package or pin to Setuptools<81.
  import pkg_resources
/opt/conda/lib/python3.11/site-packages/jieba/_compat.py:18: UserWarning: pkg_resources is deprecated as an API. See https://setuptools.pypa.io/en/latest/pkg_resources.html. The pkg_resources package is slated for removal as early as 2025-11-30. Refrain from using this package or pin to Setuptools<81.
  import pkg_resources
/opt/conda/lib/python3.11/site-packages/jieba/_compat.py:18: UserWarning: pkg_resources is deprecated as an API. See https://setuptools.pypa.io/en/latest/pkg_resources.html. The pkg_resources package is slated for removal as early as 2025-11-30. Refrain from using this package or pin to Setuptools<81.
  import pkg_resources
/opt/conda/lib/python3.11/site-packages/jieba/_compat.py:18: UserWarning: pkg_resources is deprecated as an API. See https://setuptools.pypa.io/en/latest/pkg_resources.html. The pkg_resources package is slated for removal as early as 2025-11-30. Refrain from using this package or pin to Setuptools<81.
  import pkg_resources
/opt/conda/lib/python3.11/site-packages/jieba/_compat.py:18: UserWarning: pkg_resources is deprecated as an API. See https://setuptools.pypa.io/en/latest/pkg_resources.html. The pkg_resources package is slated for removal as early as 2025-11-30. Refrain from using this package or pin to Setuptools<81.
  import pkg_resources
/opt/conda/lib/python3.11/site-packages/jieba/_compat.py:18: UserWarning: pkg_resources is deprecated as an API. See https://setuptools.pypa.io/en/latest/pkg_resources.html. The pkg_resources package is slated for removal as early as 2025-11-30. Refrain from using this package or pin to Setuptools<81.
  import pkg_resources
/opt/conda/lib/python3.11/site-packages/jieba/_compat.py:18: UserWarning: pkg_resources is deprecated as an API. See https://setuptools.pypa.io/en/latest/pkg_resources.html. The pkg_resources package is slated for removal as early as 2025-11-30. Refrain from using this package or pin to Setuptools<81.
  import pkg_resources
/opt/conda/lib/python3.11/site-packages/jieba/_compat.py:18: UserWarning: pkg_resources is deprecated as an API. See https://setuptools.pypa.io/en/latest/pkg_resources.html. The pkg_resources package is slated for removal as early as 2025-11-30. Refrain from using this package or pin to Setuptools<81.
  import pkg_resources
/opt/conda/lib/python3.11/site-packages/jieba/_compat.py:18: UserWarning: pkg_resources is deprecated as an API. See https://setuptools.pypa.io/en/latest/pkg_resources.html. The pkg_resources package is slated for removal as early as 2025-11-30. Refrain from using this package or pin to Setuptools<81.
  import pkg_resources
/opt/conda/lib/python3.11/site-packages/jieba/_compat.py:18: UserWarning: pkg_resources is deprecated as an API. See https://setuptools.pypa.io/en/latest/pkg_resources.html. The pkg_resources package is slated for removal as early as 2025-11-30. Refrain from using this package or pin to Setuptools<81.
  import pkg_resources
/opt/conda/lib/python3.11/site-packages/jieba/_compat.py:18: UserWarning: pkg_resources is deprecated as an API. See https://setuptools.pypa.io/en/latest/pkg_resources.html. The pkg_resources package is slated for removal as early as 2025-11-30. Refrain from using this package or pin to Setuptools<81.
  import pkg_resources
/opt/conda/lib/python3.11/site-packages/jieba/_compat.py:18: UserWarning: pkg_resources is deprecated as an API. See https://setuptools.pypa.io/en/latest/pkg_resources.html. The pkg_resources package is slated for removal as early as 2025-11-30. Refrain from using this package or pin to Setuptools<81.
  import pkg_resources
/opt/conda/lib/python3.11/site-packages/jieba/_compat.py:18: UserWarning: pkg_resources is deprecated as an API. See https://setuptools.pypa.io/en/latest/pkg_resources.html. The pkg_resources package is slated for removal as early as 2025-11-30. Refrain from using this package or pin to Setuptools<81.
  import pkg_resources
/opt/conda/lib/python3.11/site-packages/jieba/_compat.py:18: UserWarning: pkg_resources is deprecated as an API. See https://setuptools.pypa.io/en/latest/pkg_resources.html. The pkg_resources package is slated for removal as early as 2025-11-30. Refrain from using this package or pin to Setuptools<81.
  import pkg_resources
/opt/conda/lib/python3.11/site-packages/jieba/_compat.py:18: UserWarning: pkg_resources is deprecated as an API. See https://setuptools.pypa.io/en/latest/pkg_resources.html. The pkg_resources package is slated for removal as early as 2025-11-30. Refrain from using this package or pin to Setuptools<81.
  import pkg_resources
[2025-11-27 01:13:04,554] [INFO] [comm.py:669:init_distributed] cdb=None
[2025-11-27 01:13:04,555] [INFO] [comm.py:669:init_distributed] cdb=None
[2025-11-27 01:13:04,555] [INFO] [comm.py:669:init_distributed] cdb=None
[2025-11-27 01:13:04,555] [INFO] [comm.py:669:init_distributed] cdb=None
[2025-11-27 01:13:04,555] [INFO] [comm.py:700:init_distributed] Initializing TorchBackend in DeepSpeed with backend nccl
[2025-11-27 01:13:04,555] [INFO] [comm.py:669:init_distributed] cdb=None
[2025-11-27 01:13:04,555] [INFO] [comm.py:669:init_distributed] cdb=None
[2025-11-27 01:13:04,556] [INFO] [comm.py:669:init_distributed] cdb=None
[2025-11-27 01:13:04,556] [INFO] [comm.py:669:init_distributed] cdb=None
[2025-11-27 01:13:04,556] [INFO] [comm.py:669:init_distributed] cdb=None
[2025-11-27 01:13:04,556] [INFO] [comm.py:669:init_distributed] cdb=None
[2025-11-27 01:13:04,558] [INFO] [comm.py:669:init_distributed] cdb=None
[W1127 01:13:04.687426816 socket.cpp:759] [c10d] The client socket cannot be initialized to connect to [jwb0311i.juwels]:29706 (errno: 97 - Address family not supported by protocol).
[W1127 01:13:04.687448647 socket.cpp:759] [c10d] The client socket cannot be initialized to connect to [jwb0311i.juwels]:29706 (errno: 97 - Address family not supported by protocol).
[W1127 01:13:04.688039150 socket.cpp:759] [c10d] The client socket cannot be initialized to connect to [jwb0311i.juwels]:29706 (errno: 97 - Address family not supported by protocol).
[W1127 01:13:04.703188156 socket.cpp:759] [c10d] The client socket cannot be initialized to connect to [jwb0311i.juwels]:29706 (errno: 97 - Address family not supported by protocol).
[W1127 01:13:04.637708150 socket.cpp:759] [c10d] The client socket cannot be initialized to connect to [jwb0311i.juwels]:29706 (errno: 97 - Address family not supported by protocol).
[W1127 01:13:04.638008573 socket.cpp:759] [c10d] The client socket cannot be initialized to connect to [jwb0311i.juwels]:29706 (errno: 97 - Address family not supported by protocol).
[W1127 01:13:04.703778785 socket.cpp:759] [c10d] The client socket cannot be initialized to connect to [jwb0311i.juwels]:29706 (errno: 97 - Address family not supported by protocol).
[W1127 01:13:04.689156957 socket.cpp:759] [c10d] The client socket cannot be initialized to connect to [jwb0311i.juwels]:29706 (errno: 97 - Address family not supported by protocol).
[2025-11-27 01:13:04,561] [INFO] [comm.py:669:init_distributed] cdb=None
[W1127 01:13:04.638782643 socket.cpp:759] [c10d] The client socket cannot be initialized to connect to [jwb0311i.juwels]:29706 (errno: 97 - Address family not supported by protocol).
[W1127 01:13:04.704597836 socket.cpp:759] [c10d] The client socket cannot be initialized to connect to [jwb0311i.juwels]:29706 (errno: 97 - Address family not supported by protocol).
[W1127 01:13:04.706517412 socket.cpp:759] [c10d] The client socket cannot be initialized to connect to [jwb0311i.juwels]:29706 (errno: 97 - Address family not supported by protocol).
/opt/conda/lib/python3.11/site-packages/jieba/_compat.py:18: UserWarning: pkg_resources is deprecated as an API. See https://setuptools.pypa.io/en/latest/pkg_resources.html. The pkg_resources package is slated for removal as early as 2025-11-30. Refrain from using this package or pin to Setuptools<81.
  import pkg_resources
/opt/conda/lib/python3.11/site-packages/jieba/_compat.py:18: UserWarning: pkg_resources is deprecated as an API. See https://setuptools.pypa.io/en/latest/pkg_resources.html. The pkg_resources package is slated for removal as early as 2025-11-30. Refrain from using this package or pin to Setuptools<81.
  import pkg_resources
/opt/conda/lib/python3.11/site-packages/jieba/_compat.py:18: UserWarning: pkg_resources is deprecated as an API. See https://setuptools.pypa.io/en/latest/pkg_resources.html. The pkg_resources package is slated for removal as early as 2025-11-30. Refrain from using this package or pin to Setuptools<81.
  import pkg_resources
/opt/conda/lib/python3.11/site-packages/jieba/_compat.py:18: UserWarning: pkg_resources is deprecated as an API. See https://setuptools.pypa.io/en/latest/pkg_resources.html. The pkg_resources package is slated for removal as early as 2025-11-30. Refrain from using this package or pin to Setuptools<81.
  import pkg_resources
[W1127 01:13:04.644388672 socket.cpp:759] [c10d] The client socket cannot be initialized to connect to [jwb0311i.juwels]:29706 (errno: 97 - Address family not supported by protocol).
[2025-11-27 01:13:04,570] [INFO] [comm.py:669:init_distributed] cdb=None
[2025-11-27 01:13:04,572] [INFO] [comm.py:669:init_distributed] cdb=None
[2025-11-27 01:13:04,573] [INFO] [comm.py:669:init_distributed] cdb=None
[W1127 01:13:04.725824933 socket.cpp:759] [c10d] The client socket cannot be initialized to connect to [jwb0311i.juwels]:29706 (errno: 97 - Address family not supported by protocol).
[W1127 01:13:04.728247805 socket.cpp:759] [c10d] The client socket cannot be initialized to connect to [jwb0311i.juwels]:29706 (errno: 97 - Address family not supported by protocol).
[W1127 01:13:04.728631207 socket.cpp:759] [c10d] The client socket cannot be initialized to connect to [jwb0311i.juwels]:29706 (errno: 97 - Address family not supported by protocol).
[2025-11-27 01:13:04,582] [INFO] [comm.py:669:init_distributed] cdb=None
[W1127 01:13:04.739694193 socket.cpp:759] [c10d] The client socket cannot be initialized to connect to [jwb0311i.juwels]:29706 (errno: 97 - Address family not supported by protocol).
[2025-11-27 01:13:04,785] [INFO] [comm.py:669:init_distributed] cdb=None
[2025-11-27 01:13:04,785] [INFO] [comm.py:669:init_distributed] cdb=None
[2025-11-27 01:13:04,786] [INFO] [comm.py:669:init_distributed] cdb=None
[2025-11-27 01:13:04,786] [INFO] [comm.py:669:init_distributed] cdb=None
[W1127 01:13:04.995211489 socket.cpp:759] [c10d] The client socket cannot be initialized to connect to [jwb0311i.juwels]:29706 (errno: 97 - Address family not supported by protocol).
[W1127 01:13:04.995807200 socket.cpp:759] [c10d] The client socket cannot be initialized to connect to [jwb0311i.juwels]:29706 (errno: 97 - Address family not supported by protocol).
[W1127 01:13:04.996453842 socket.cpp:759] [c10d] The client socket cannot be initialized to connect to [jwb0311i.juwels]:29706 (errno: 97 - Address family not supported by protocol).
[W1127 01:13:04.997044374 socket.cpp:759] [c10d] The client socket cannot be initialized to connect to [jwb0311i.juwels]:29706 (errno: 97 - Address family not supported by protocol).
[INFO|2025-11-27 01:13:04] llamafactory.hparams.parser:423 >> Process rank: 0, world size: 32, device: cuda:0, distributed training: True, compute dtype: torch.bfloat16
[INFO|2025-11-27 01:13:04] llamafactory.hparams.parser:423 >> Process rank: 16, world size: 32, device: cuda:0, distributed training: True, compute dtype: torch.bfloat16
[INFO|2025-11-27 01:13:04] llamafactory.hparams.parser:423 >> Process rank: 28, world size: 32, device: cuda:0, distributed training: True, compute dtype: torch.bfloat16
[INFO|2025-11-27 01:13:04] llamafactory.hparams.parser:423 >> Process rank: 4, world size: 32, device: cuda:0, distributed training: True, compute dtype: torch.bfloat16
[INFO|hub.py:421] 2025-11-27 01:13:04,840 >> Offline mode: forcing local_files_only=True
[INFO|hub.py:421] 2025-11-27 01:13:04,842 >> Offline mode: forcing local_files_only=True
[INFO|hub.py:421] 2025-11-27 01:13:04,843 >> Offline mode: forcing local_files_only=True
[INFO|hub.py:421] 2025-11-27 01:13:04,843 >> Offline mode: forcing local_files_only=True
[INFO|2025-11-27 01:13:04] llamafactory.hparams.parser:423 >> Process rank: 6, world size: 32, device: cuda:2, distributed training: True, compute dtype: torch.bfloat16
[INFO|2025-11-27 01:13:04] llamafactory.hparams.parser:423 >> Process rank: 5, world size: 32, device: cuda:1, distributed training: True, compute dtype: torch.bfloat16
[2025-11-27 01:13:04,850] [INFO] [comm.py:669:init_distributed] cdb=None
[2025-11-27 01:13:04,850] [INFO] [comm.py:669:init_distributed] cdb=None
[INFO|2025-11-27 01:13:04] llamafactory.hparams.parser:423 >> Process rank: 7, world size: 32, device: cuda:3, distributed training: True, compute dtype: torch.bfloat16
[2025-11-27 01:13:04,851] [INFO] [comm.py:669:init_distributed] cdb=None
[INFO|2025-11-27 01:13:04] llamafactory.hparams.parser:423 >> Process rank: 3, world size: 32, device: cuda:3, distributed training: True, compute dtype: torch.bfloat16
[W1127 01:13:04.093349559 socket.cpp:759] [c10d] The client socket cannot be initialized to connect to [jwb0311i.juwels]:29706 (errno: 97 - Address family not supported by protocol).
[W1127 01:13:04.093759318 socket.cpp:759] [c10d] The client socket cannot be initialized to connect to [jwb0311i.juwels]:29706 (errno: 97 - Address family not supported by protocol).
[W1127 01:13:04.093815191 socket.cpp:759] [c10d] The client socket cannot be initialized to connect to [jwb0311i.juwels]:29706 (errno: 97 - Address family not supported by protocol).
[INFO|2025-11-27 01:13:04] llamafactory.hparams.parser:423 >> Process rank: 1, world size: 32, device: cuda:1, distributed training: True, compute dtype: torch.bfloat16
[INFO|2025-11-27 01:13:04] llamafactory.hparams.parser:423 >> Process rank: 2, world size: 32, device: cuda:2, distributed training: True, compute dtype: torch.bfloat16
[INFO|2025-11-27 01:13:04] llamafactory.hparams.parser:423 >> Process rank: 19, world size: 32, device: cuda:3, distributed training: True, compute dtype: torch.bfloat16
[2025-11-27 01:13:04,863] [INFO] [comm.py:669:init_distributed] cdb=None
[INFO|2025-11-27 01:13:04] llamafactory.hparams.parser:423 >> Process rank: 30, world size: 32, device: cuda:2, distributed training: True, compute dtype: torch.bfloat16
[INFO|2025-11-27 01:13:04] llamafactory.hparams.parser:423 >> Process rank: 31, world size: 32, device: cuda:3, distributed training: True, compute dtype: torch.bfloat16
[INFO|2025-11-27 01:13:04] llamafactory.hparams.parser:423 >> Process rank: 17, world size: 32, device: cuda:1, distributed training: True, compute dtype: torch.bfloat16
[W1127 01:13:04.105571632 socket.cpp:759] [c10d] The client socket cannot be initialized to connect to [jwb0311i.juwels]:29706 (errno: 97 - Address family not supported by protocol).
[INFO|2025-11-27 01:13:04] llamafactory.hparams.parser:423 >> Process rank: 18, world size: 32, device: cuda:2, distributed training: True, compute dtype: torch.bfloat16
[INFO|2025-11-27 01:13:04] llamafactory.hparams.parser:423 >> Process rank: 29, world size: 32, device: cuda:1, distributed training: True, compute dtype: torch.bfloat16
[2025-11-27 01:13:04,887] [INFO] [comm.py:669:init_distributed] cdb=None
[2025-11-27 01:13:04,890] [INFO] [comm.py:669:init_distributed] cdb=None
[W1127 01:13:04.061118437 socket.cpp:759] [c10d] The client socket cannot be initialized to connect to [jwb0311i.juwels]:29706 (errno: 97 - Address family not supported by protocol).
[2025-11-27 01:13:04,892] [INFO] [comm.py:669:init_distributed] cdb=None
[W1127 01:13:04.063967284 socket.cpp:759] [c10d] The client socket cannot be initialized to connect to [jwb0311i.juwels]:29706 (errno: 97 - Address family not supported by protocol).
[2025-11-27 01:13:04,897] [INFO] [comm.py:669:init_distributed] cdb=None
[W1127 01:13:04.067342797 socket.cpp:759] [c10d] The client socket cannot be initialized to connect to [jwb0311i.juwels]:29706 (errno: 97 - Address family not supported by protocol).
[W1127 01:13:04.070948902 socket.cpp:759] [c10d] The client socket cannot be initialized to connect to [jwb0311i.juwels]:29706 (errno: 97 - Address family not supported by protocol).
[2025-11-27 01:13:04,934] [INFO] [comm.py:669:init_distributed] cdb=None
[2025-11-27 01:13:04,937] [INFO] [comm.py:669:init_distributed] cdb=None
[W1127 01:13:04.136738349 socket.cpp:759] [c10d] The client socket cannot be initialized to connect to [jwb0311i.juwels]:29706 (errno: 97 - Address family not supported by protocol).
[2025-11-27 01:13:04,939] [INFO] [comm.py:669:init_distributed] cdb=None
[INFO|2025-11-27 01:13:04] llamafactory.hparams.parser:423 >> Process rank: 20, world size: 32, device: cuda:0, distributed training: True, compute dtype: torch.bfloat16
[W1127 01:13:04.139810536 socket.cpp:759] [c10d] The client socket cannot be initialized to connect to [jwb0311i.juwels]:29706 (errno: 97 - Address family not supported by protocol).
[W1127 01:13:04.143152334 socket.cpp:759] [c10d] The client socket cannot be initialized to connect to [jwb0311i.juwels]:29706 (errno: 97 - Address family not supported by protocol).
[INFO|hub.py:421] 2025-11-27 01:13:04,949 >> Offline mode: forcing local_files_only=True
[2025-11-27 01:13:04,959] [INFO] [comm.py:669:init_distributed] cdb=None
[W1127 01:13:04.162257490 socket.cpp:759] [c10d] The client socket cannot be initialized to connect to [jwb0311i.juwels]:29706 (errno: 97 - Address family not supported by protocol).
[INFO|tokenization_utils_base.py:1949] 2025-11-27 01:13:04,976 >> Offline mode: forcing local_files_only=True
[INFO|tokenization_utils_base.py:1949] 2025-11-27 01:13:04,976 >> Offline mode: forcing local_files_only=True
[INFO|tokenization_utils_base.py:1949] 2025-11-27 01:13:04,977 >> Offline mode: forcing local_files_only=True
[INFO|tokenization_utils_base.py:1949] 2025-11-27 01:13:04,978 >> Offline mode: forcing local_files_only=True
[INFO|tokenization_utils_base.py:1949] 2025-11-27 01:13:04,985 >> Offline mode: forcing local_files_only=True
[INFO|2025-11-27 01:13:05] llamafactory.hparams.parser:423 >> Process rank: 8, world size: 32, device: cuda:0, distributed training: True, compute dtype: torch.bfloat16
[INFO|hub.py:421] 2025-11-27 01:13:05,011 >> Offline mode: forcing local_files_only=True
[INFO|tokenization_utils_base.py:1949] 2025-11-27 01:13:05,047 >> Offline mode: forcing local_files_only=True
[INFO|2025-11-27 01:13:05] llamafactory.hparams.parser:423 >> Process rank: 24, world size: 32, device: cuda:0, distributed training: True, compute dtype: torch.bfloat16
[INFO|tokenization_utils_base.py:2095] 2025-11-27 01:13:05,052 >> loading file tokenizer.model from cache at /p/scratch/laionize/raj3/.cache/models--laineyyy--openeurollm-datamix-2b-en-80pct-DPO-HelpSteer3/snapshots/555ecf0c308e522e0432fea75ea47f840e04e81f/tokenizer.model
[INFO|tokenization_utils_base.py:2095] 2025-11-27 01:13:05,052 >> loading file tokenizer.json from cache at /p/scratch/laionize/raj3/.cache/models--laineyyy--openeurollm-datamix-2b-en-80pct-DPO-HelpSteer3/snapshots/555ecf0c308e522e0432fea75ea47f840e04e81f/tokenizer.json
[INFO|tokenization_utils_base.py:2095] 2025-11-27 01:13:05,052 >> loading file added_tokens.json from cache at /p/scratch/laionize/raj3/.cache/models--laineyyy--openeurollm-datamix-2b-en-80pct-DPO-HelpSteer3/snapshots/555ecf0c308e522e0432fea75ea47f840e04e81f/added_tokens.json
[INFO|tokenization_utils_base.py:2095] 2025-11-27 01:13:05,052 >> loading file tokenizer.model from cache at /p/scratch/laionize/raj3/.cache/models--laineyyy--openeurollm-datamix-2b-en-80pct-DPO-HelpSteer3/snapshots/555ecf0c308e522e0432fea75ea47f840e04e81f/tokenizer.model
[INFO|tokenization_utils_base.py:2095] 2025-11-27 01:13:05,052 >> loading file tokenizer.model from cache at /p/scratch/laionize/raj3/.cache/models--laineyyy--openeurollm-datamix-2b-en-80pct-DPO-HelpSteer3/snapshots/555ecf0c308e522e0432fea75ea47f840e04e81f/tokenizer.model
[INFO|tokenization_utils_base.py:2095] 2025-11-27 01:13:05,052 >> loading file tokenizer.model from cache at /p/scratch/laionize/raj3/.cache/models--laineyyy--openeurollm-datamix-2b-en-80pct-DPO-HelpSteer3/snapshots/555ecf0c308e522e0432fea75ea47f840e04e81f/tokenizer.model
[INFO|tokenization_utils_base.py:2095] 2025-11-27 01:13:05,052 >> loading file tokenizer.json from cache at /p/scratch/laionize/raj3/.cache/models--laineyyy--openeurollm-datamix-2b-en-80pct-DPO-HelpSteer3/snapshots/555ecf0c308e522e0432fea75ea47f840e04e81f/tokenizer.json
[INFO|tokenization_utils_base.py:2095] 2025-11-27 01:13:05,052 >> loading file tokenizer.json from cache at /p/scratch/laionize/raj3/.cache/models--laineyyy--openeurollm-datamix-2b-en-80pct-DPO-HelpSteer3/snapshots/555ecf0c308e522e0432fea75ea47f840e04e81f/tokenizer.json
[INFO|tokenization_utils_base.py:2095] 2025-11-27 01:13:05,052 >> loading file tokenizer.json from cache at /p/scratch/laionize/raj3/.cache/models--laineyyy--openeurollm-datamix-2b-en-80pct-DPO-HelpSteer3/snapshots/555ecf0c308e522e0432fea75ea47f840e04e81f/tokenizer.json
[INFO|tokenization_utils_base.py:2095] 2025-11-27 01:13:05,052 >> loading file added_tokens.json from cache at /p/scratch/laionize/raj3/.cache/models--laineyyy--openeurollm-datamix-2b-en-80pct-DPO-HelpSteer3/snapshots/555ecf0c308e522e0432fea75ea47f840e04e81f/added_tokens.json
[INFO|tokenization_utils_base.py:2095] 2025-11-27 01:13:05,052 >> loading file tokenizer.model from cache at /p/scratch/laionize/raj3/.cache/models--laineyyy--openeurollm-datamix-2b-en-80pct-DPO-HelpSteer3/snapshots/555ecf0c308e522e0432fea75ea47f840e04e81f/tokenizer.model
[INFO|tokenization_utils_base.py:2095] 2025-11-27 01:13:05,052 >> loading file tokenizer.json from cache at /p/scratch/laionize/raj3/.cache/models--laineyyy--openeurollm-datamix-2b-en-80pct-DPO-HelpSteer3/snapshots/555ecf0c308e522e0432fea75ea47f840e04e81f/tokenizer.json
[INFO|tokenization_utils_base.py:2095] 2025-11-27 01:13:05,052 >> loading file special_tokens_map.json from cache at /p/scratch/laionize/raj3/.cache/models--laineyyy--openeurollm-datamix-2b-en-80pct-DPO-HelpSteer3/snapshots/555ecf0c308e522e0432fea75ea47f840e04e81f/special_tokens_map.json
[INFO|tokenization_utils_base.py:2095] 2025-11-27 01:13:05,052 >> loading file added_tokens.json from cache at /p/scratch/laionize/raj3/.cache/models--laineyyy--openeurollm-datamix-2b-en-80pct-DPO-HelpSteer3/snapshots/555ecf0c308e522e0432fea75ea47f840e04e81f/added_tokens.json
[INFO|tokenization_utils_base.py:2095] 2025-11-27 01:13:05,052 >> loading file special_tokens_map.json from cache at /p/scratch/laionize/raj3/.cache/models--laineyyy--openeurollm-datamix-2b-en-80pct-DPO-HelpSteer3/snapshots/555ecf0c308e522e0432fea75ea47f840e04e81f/special_tokens_map.json
[INFO|tokenization_utils_base.py:2095] 2025-11-27 01:13:05,052 >> loading file special_tokens_map.json from cache at /p/scratch/laionize/raj3/.cache/models--laineyyy--openeurollm-datamix-2b-en-80pct-DPO-HelpSteer3/snapshots/555ecf0c308e522e0432fea75ea47f840e04e81f/special_tokens_map.json
[INFO|tokenization_utils_base.py:2095] 2025-11-27 01:13:05,052 >> loading file tokenizer_config.json from cache at /p/scratch/laionize/raj3/.cache/models--laineyyy--openeurollm-datamix-2b-en-80pct-DPO-HelpSteer3/snapshots/555ecf0c308e522e0432fea75ea47f840e04e81f/tokenizer_config.json
[INFO|tokenization_utils_base.py:2095] 2025-11-27 01:13:05,052 >> loading file added_tokens.json from cache at /p/scratch/laionize/raj3/.cache/models--laineyyy--openeurollm-datamix-2b-en-80pct-DPO-HelpSteer3/snapshots/555ecf0c308e522e0432fea75ea47f840e04e81f/added_tokens.json
[INFO|tokenization_utils_base.py:2095] 2025-11-27 01:13:05,052 >> loading file tokenizer_config.json from cache at /p/scratch/laionize/raj3/.cache/models--laineyyy--openeurollm-datamix-2b-en-80pct-DPO-HelpSteer3/snapshots/555ecf0c308e522e0432fea75ea47f840e04e81f/tokenizer_config.json
[INFO|tokenization_utils_base.py:2095] 2025-11-27 01:13:05,052 >> loading file chat_template.jinja from cache at /p/scratch/laionize/raj3/.cache/models--laineyyy--openeurollm-datamix-2b-en-80pct-DPO-HelpSteer3/snapshots/555ecf0c308e522e0432fea75ea47f840e04e81f/chat_template.jinja
[INFO|tokenization_utils_base.py:2095] 2025-11-27 01:13:05,052 >> loading file special_tokens_map.json from cache at /p/scratch/laionize/raj3/.cache/models--laineyyy--openeurollm-datamix-2b-en-80pct-DPO-HelpSteer3/snapshots/555ecf0c308e522e0432fea75ea47f840e04e81f/special_tokens_map.json
[INFO|tokenization_utils_base.py:2095] 2025-11-27 01:13:05,052 >> loading file chat_template.jinja from cache at /p/scratch/laionize/raj3/.cache/models--laineyyy--openeurollm-datamix-2b-en-80pct-DPO-HelpSteer3/snapshots/555ecf0c308e522e0432fea75ea47f840e04e81f/chat_template.jinja
[INFO|tokenization_utils_base.py:2095] 2025-11-27 01:13:05,052 >> loading file tokenizer_config.json from cache at /p/scratch/laionize/raj3/.cache/models--laineyyy--openeurollm-datamix-2b-en-80pct-DPO-HelpSteer3/snapshots/555ecf0c308e522e0432fea75ea47f840e04e81f/tokenizer_config.json
[INFO|tokenization_utils_base.py:2095] 2025-11-27 01:13:05,052 >> loading file added_tokens.json from cache at /p/scratch/laionize/raj3/.cache/models--laineyyy--openeurollm-datamix-2b-en-80pct-DPO-HelpSteer3/snapshots/555ecf0c308e522e0432fea75ea47f840e04e81f/added_tokens.json
[INFO|tokenization_utils_base.py:2095] 2025-11-27 01:13:05,052 >> loading file tokenizer_config.json from cache at /p/scratch/laionize/raj3/.cache/models--laineyyy--openeurollm-datamix-2b-en-80pct-DPO-HelpSteer3/snapshots/555ecf0c308e522e0432fea75ea47f840e04e81f/tokenizer_config.json
[INFO|tokenization_utils_base.py:2095] 2025-11-27 01:13:05,052 >> loading file chat_template.jinja from cache at /p/scratch/laionize/raj3/.cache/models--laineyyy--openeurollm-datamix-2b-en-80pct-DPO-HelpSteer3/snapshots/555ecf0c308e522e0432fea75ea47f840e04e81f/chat_template.jinja
[INFO|tokenization_utils_base.py:2095] 2025-11-27 01:13:05,052 >> loading file special_tokens_map.json from cache at /p/scratch/laionize/raj3/.cache/models--laineyyy--openeurollm-datamix-2b-en-80pct-DPO-HelpSteer3/snapshots/555ecf0c308e522e0432fea75ea47f840e04e81f/special_tokens_map.json
[INFO|tokenization_utils_base.py:2095] 2025-11-27 01:13:05,052 >> loading file chat_template.jinja from cache at /p/scratch/laionize/raj3/.cache/models--laineyyy--openeurollm-datamix-2b-en-80pct-DPO-HelpSteer3/snapshots/555ecf0c308e522e0432fea75ea47f840e04e81f/chat_template.jinja
[INFO|tokenization_utils_base.py:2095] 2025-11-27 01:13:05,052 >> loading file tokenizer_config.json from cache at /p/scratch/laionize/raj3/.cache/models--laineyyy--openeurollm-datamix-2b-en-80pct-DPO-HelpSteer3/snapshots/555ecf0c308e522e0432fea75ea47f840e04e81f/tokenizer_config.json
[INFO|tokenization_utils_base.py:2095] 2025-11-27 01:13:05,052 >> loading file chat_template.jinja from cache at /p/scratch/laionize/raj3/.cache/models--laineyyy--openeurollm-datamix-2b-en-80pct-DPO-HelpSteer3/snapshots/555ecf0c308e522e0432fea75ea47f840e04e81f/chat_template.jinja
[INFO|hub.py:421] 2025-11-27 01:13:05,056 >> Offline mode: forcing local_files_only=True
[INFO|tokenization_utils_base.py:2095] 2025-11-27 01:13:05,065 >> loading file tokenizer.model from cache at /p/scratch/laionize/raj3/.cache/models--laineyyy--openeurollm-datamix-2b-en-80pct-DPO-HelpSteer3/snapshots/555ecf0c308e522e0432fea75ea47f840e04e81f/tokenizer.model
[INFO|tokenization_utils_base.py:2095] 2025-11-27 01:13:05,065 >> loading file tokenizer.json from cache at /p/scratch/laionize/raj3/.cache/models--laineyyy--openeurollm-datamix-2b-en-80pct-DPO-HelpSteer3/snapshots/555ecf0c308e522e0432fea75ea47f840e04e81f/tokenizer.json
[INFO|tokenization_utils_base.py:2095] 2025-11-27 01:13:05,065 >> loading file added_tokens.json from cache at /p/scratch/laionize/raj3/.cache/models--laineyyy--openeurollm-datamix-2b-en-80pct-DPO-HelpSteer3/snapshots/555ecf0c308e522e0432fea75ea47f840e04e81f/added_tokens.json
[INFO|tokenization_utils_base.py:2095] 2025-11-27 01:13:05,066 >> loading file special_tokens_map.json from cache at /p/scratch/laionize/raj3/.cache/models--laineyyy--openeurollm-datamix-2b-en-80pct-DPO-HelpSteer3/snapshots/555ecf0c308e522e0432fea75ea47f840e04e81f/special_tokens_map.json
[INFO|tokenization_utils_base.py:2095] 2025-11-27 01:13:05,066 >> loading file tokenizer_config.json from cache at /p/scratch/laionize/raj3/.cache/models--laineyyy--openeurollm-datamix-2b-en-80pct-DPO-HelpSteer3/snapshots/555ecf0c308e522e0432fea75ea47f840e04e81f/tokenizer_config.json
[INFO|tokenization_utils_base.py:2095] 2025-11-27 01:13:05,066 >> loading file chat_template.jinja from cache at /p/scratch/laionize/raj3/.cache/models--laineyyy--openeurollm-datamix-2b-en-80pct-DPO-HelpSteer3/snapshots/555ecf0c308e522e0432fea75ea47f840e04e81f/chat_template.jinja
[INFO|2025-11-27 01:13:05] llamafactory.hparams.parser:423 >> Process rank: 21, world size: 32, device: cuda:1, distributed training: True, compute dtype: torch.bfloat16
[INFO|2025-11-27 01:13:05] llamafactory.hparams.parser:423 >> Process rank: 23, world size: 32, device: cuda:3, distributed training: True, compute dtype: torch.bfloat16
[INFO|2025-11-27 01:13:05] llamafactory.hparams.parser:423 >> Process rank: 22, world size: 32, device: cuda:2, distributed training: True, compute dtype: torch.bfloat16
[INFO|tokenization_utils_base.py:1949] 2025-11-27 01:13:05,092 >> Offline mode: forcing local_files_only=True
[INFO|tokenization_utils_base.py:2095] 2025-11-27 01:13:05,109 >> loading file tokenizer.model from cache at /p/scratch/laionize/raj3/.cache/models--laineyyy--openeurollm-datamix-2b-en-80pct-DPO-HelpSteer3/snapshots/555ecf0c308e522e0432fea75ea47f840e04e81f/tokenizer.model
[INFO|tokenization_utils_base.py:2095] 2025-11-27 01:13:05,109 >> loading file tokenizer.json from cache at /p/scratch/laionize/raj3/.cache/models--laineyyy--openeurollm-datamix-2b-en-80pct-DPO-HelpSteer3/snapshots/555ecf0c308e522e0432fea75ea47f840e04e81f/tokenizer.json
[INFO|tokenization_utils_base.py:2095] 2025-11-27 01:13:05,109 >> loading file added_tokens.json from cache at /p/scratch/laionize/raj3/.cache/models--laineyyy--openeurollm-datamix-2b-en-80pct-DPO-HelpSteer3/snapshots/555ecf0c308e522e0432fea75ea47f840e04e81f/added_tokens.json
[INFO|tokenization_utils_base.py:2095] 2025-11-27 01:13:05,109 >> loading file special_tokens_map.json from cache at /p/scratch/laionize/raj3/.cache/models--laineyyy--openeurollm-datamix-2b-en-80pct-DPO-HelpSteer3/snapshots/555ecf0c308e522e0432fea75ea47f840e04e81f/special_tokens_map.json
[INFO|tokenization_utils_base.py:2095] 2025-11-27 01:13:05,109 >> loading file tokenizer_config.json from cache at /p/scratch/laionize/raj3/.cache/models--laineyyy--openeurollm-datamix-2b-en-80pct-DPO-HelpSteer3/snapshots/555ecf0c308e522e0432fea75ea47f840e04e81f/tokenizer_config.json
[INFO|tokenization_utils_base.py:2095] 2025-11-27 01:13:05,109 >> loading file chat_template.jinja from cache at /p/scratch/laionize/raj3/.cache/models--laineyyy--openeurollm-datamix-2b-en-80pct-DPO-HelpSteer3/snapshots/555ecf0c308e522e0432fea75ea47f840e04e81f/chat_template.jinja
[INFO|2025-11-27 01:13:05] llamafactory.hparams.parser:423 >> Process rank: 12, world size: 32, device: cuda:0, distributed training: True, compute dtype: torch.bfloat16
[INFO|hub.py:421] 2025-11-27 01:13:05,117 >> Offline mode: forcing local_files_only=True
[INFO|2025-11-27 01:13:05] llamafactory.hparams.parser:423 >> Process rank: 9, world size: 32, device: cuda:1, distributed training: True, compute dtype: torch.bfloat16
[INFO|2025-11-27 01:13:05] llamafactory.hparams.parser:423 >> Process rank: 10, world size: 32, device: cuda:2, distributed training: True, compute dtype: torch.bfloat16
[INFO|2025-11-27 01:13:05] llamafactory.hparams.parser:423 >> Process rank: 11, world size: 32, device: cuda:3, distributed training: True, compute dtype: torch.bfloat16
[INFO|tokenization_utils_base.py:1949] 2025-11-27 01:13:05,151 >> Offline mode: forcing local_files_only=True
[INFO|tokenization_utils_base.py:2095] 2025-11-27 01:13:05,168 >> loading file tokenizer.model from cache at /p/scratch/laionize/raj3/.cache/models--laineyyy--openeurollm-datamix-2b-en-80pct-DPO-HelpSteer3/snapshots/555ecf0c308e522e0432fea75ea47f840e04e81f/tokenizer.model
[INFO|tokenization_utils_base.py:2095] 2025-11-27 01:13:05,168 >> loading file tokenizer.json from cache at /p/scratch/laionize/raj3/.cache/models--laineyyy--openeurollm-datamix-2b-en-80pct-DPO-HelpSteer3/snapshots/555ecf0c308e522e0432fea75ea47f840e04e81f/tokenizer.json
[INFO|tokenization_utils_base.py:2095] 2025-11-27 01:13:05,168 >> loading file added_tokens.json from cache at /p/scratch/laionize/raj3/.cache/models--laineyyy--openeurollm-datamix-2b-en-80pct-DPO-HelpSteer3/snapshots/555ecf0c308e522e0432fea75ea47f840e04e81f/added_tokens.json
[INFO|tokenization_utils_base.py:2095] 2025-11-27 01:13:05,168 >> loading file special_tokens_map.json from cache at /p/scratch/laionize/raj3/.cache/models--laineyyy--openeurollm-datamix-2b-en-80pct-DPO-HelpSteer3/snapshots/555ecf0c308e522e0432fea75ea47f840e04e81f/special_tokens_map.json
[INFO|tokenization_utils_base.py:2095] 2025-11-27 01:13:05,168 >> loading file tokenizer_config.json from cache at /p/scratch/laionize/raj3/.cache/models--laineyyy--openeurollm-datamix-2b-en-80pct-DPO-HelpSteer3/snapshots/555ecf0c308e522e0432fea75ea47f840e04e81f/tokenizer_config.json
[INFO|tokenization_utils_base.py:2095] 2025-11-27 01:13:05,168 >> loading file chat_template.jinja from cache at /p/scratch/laionize/raj3/.cache/models--laineyyy--openeurollm-datamix-2b-en-80pct-DPO-HelpSteer3/snapshots/555ecf0c308e522e0432fea75ea47f840e04e81f/chat_template.jinja
[INFO|2025-11-27 01:13:05] llamafactory.hparams.parser:423 >> Process rank: 25, world size: 32, device: cuda:1, distributed training: True, compute dtype: torch.bfloat16
[INFO|2025-11-27 01:13:05] llamafactory.hparams.parser:423 >> Process rank: 27, world size: 32, device: cuda:3, distributed training: True, compute dtype: torch.bfloat16
[INFO|2025-11-27 01:13:05] llamafactory.hparams.parser:423 >> Process rank: 26, world size: 32, device: cuda:2, distributed training: True, compute dtype: torch.bfloat16
[INFO|2025-11-27 01:13:05] llamafactory.hparams.parser:423 >> Process rank: 13, world size: 32, device: cuda:1, distributed training: True, compute dtype: torch.bfloat16
[INFO|2025-11-27 01:13:05] llamafactory.hparams.parser:423 >> Process rank: 14, world size: 32, device: cuda:2, distributed training: True, compute dtype: torch.bfloat16
[INFO|2025-11-27 01:13:05] llamafactory.hparams.parser:423 >> Process rank: 15, world size: 32, device: cuda:3, distributed training: True, compute dtype: torch.bfloat16
[INFO|hub.py:421] 2025-11-27 01:13:06,527 >> Offline mode: forcing local_files_only=True
[INFO|hub.py:421] 2025-11-27 01:13:06,528 >> Offline mode: forcing local_files_only=True
[INFO|hub.py:421] 2025-11-27 01:13:06,529 >> Offline mode: forcing local_files_only=True
[INFO|hub.py:421] 2025-11-27 01:13:06,529 >> Offline mode: forcing local_files_only=True
[INFO|hub.py:421] 2025-11-27 01:13:06,530 >> Offline mode: forcing local_files_only=True
[INFO|image_processing_base.py:316] 2025-11-27 01:13:06,542 >> Offline mode: forcing local_files_only=True
[INFO|image_processing_base.py:316] 2025-11-27 01:13:06,544 >> Offline mode: forcing local_files_only=True
[INFO|image_processing_base.py:383] 2025-11-27 01:13:06,547 >> loading configuration file config.json from cache at /p/scratch/laionize/raj3/.cache/models--laineyyy--openeurollm-datamix-2b-en-80pct-DPO-HelpSteer3/snapshots/555ecf0c308e522e0432fea75ea47f840e04e81f/config.json
[INFO|2025-11-27 01:13:06] llamafactory.model.loader:143 >> Failed to load processor: Can't load image processor for 'laineyyy/openeurollm-datamix-2b-en-80pct-DPO-HelpSteer3'. If you were trying to load it from 'https://huggingface.co/models', make sure you don't have a local directory with the same name. Otherwise, make sure 'laineyyy/openeurollm-datamix-2b-en-80pct-DPO-HelpSteer3' is the correct path to a directory containing a preprocessor_config.json file.
[INFO|hub.py:421] 2025-11-27 01:13:06,548 >> Offline mode: forcing local_files_only=True
[INFO|hub.py:421] 2025-11-27 01:13:06,549 >> Offline mode: forcing local_files_only=True
[INFO|hub.py:421] 2025-11-27 01:13:06,549 >> Offline mode: forcing local_files_only=True
[INFO|hub.py:421] 2025-11-27 01:13:06,550 >> Offline mode: forcing local_files_only=True
[INFO|hub.py:421] 2025-11-27 01:13:06,550 >> Offline mode: forcing local_files_only=True
[INFO|2025-11-27 01:13:06] llamafactory.data.template:143 >> Replace eos token: <end_of_turn>.
[rank2]:[W1127 01:13:06.684137265 ProcessGroupNCCL.cpp:4561] [PG ID 0 PG GUID 0 Rank 2]  using GPU 2 to perform barrier as devices used by this process are currently unknown. This can potentially cause a hang if this rank to GPU mapping is incorrect. Specify device_ids in barrier() to force use of a particular device, or call init_process_group() with a device_id.
[rank1]:[W1127 01:13:06.689388158 ProcessGroupNCCL.cpp:4561] [PG ID 0 PG GUID 0 Rank 1]  using GPU 1 to perform barrier as devices used by this process are currently unknown. This can potentially cause a hang if this rank to GPU mapping is incorrect. Specify device_ids in barrier() to force use of a particular device, or call init_process_group() with a device_id.
[rank18]:[W1127 01:13:06.639465684 ProcessGroupNCCL.cpp:4561] [PG ID 0 PG GUID 0 Rank 18]  using GPU 2 to perform barrier as devices used by this process are currently unknown. This can potentially cause a hang if this rank to GPU mapping is incorrect. Specify device_ids in barrier() to force use of a particular device, or call init_process_group() with a device_id.
[rank17]:[W1127 01:13:06.639509225 ProcessGroupNCCL.cpp:4561] [PG ID 0 PG GUID 0 Rank 17]  using GPU 1 to perform barrier as devices used by this process are currently unknown. This can potentially cause a hang if this rank to GPU mapping is incorrect. Specify device_ids in barrier() to force use of a particular device, or call init_process_group() with a device_id.
[INFO|image_processing_base.py:316] 2025-11-27 01:13:06,562 >> Offline mode: forcing local_files_only=True
[INFO|image_processing_base.py:316] 2025-11-27 01:13:06,563 >> Offline mode: forcing local_files_only=True
[INFO|image_processing_base.py:383] 2025-11-27 01:13:06,564 >> loading configuration file config.json from cache at /p/scratch/laionize/raj3/.cache/models--laineyyy--openeurollm-datamix-2b-en-80pct-DPO-HelpSteer3/snapshots/555ecf0c308e522e0432fea75ea47f840e04e81f/config.json
[INFO|2025-11-27 01:13:06] llamafactory.model.loader:143 >> Failed to load processor: Can't load image processor for 'laineyyy/openeurollm-datamix-2b-en-80pct-DPO-HelpSteer3'. If you were trying to load it from 'https://huggingface.co/models', make sure you don't have a local directory with the same name. Otherwise, make sure 'laineyyy/openeurollm-datamix-2b-en-80pct-DPO-HelpSteer3' is the correct path to a directory containing a preprocessor_config.json file.
[rank30]:[W1127 01:13:06.719308368 ProcessGroupNCCL.cpp:4561] [PG ID 0 PG GUID 0 Rank 30]  using GPU 2 to perform barrier as devices used by this process are currently unknown. This can potentially cause a hang if this rank to GPU mapping is incorrect. Specify device_ids in barrier() to force use of a particular device, or call init_process_group() with a device_id.
[INFO|2025-11-27 01:13:06] llamafactory.data.template:143 >> Replace eos token: <end_of_turn>.
[INFO|hub.py:421] 2025-11-27 01:13:06,576 >> Offline mode: forcing local_files_only=True
[INFO|hub.py:421] 2025-11-27 01:13:06,577 >> Offline mode: forcing local_files_only=True
[rank5]:[W1127 01:13:06.721168770 ProcessGroupNCCL.cpp:4561] [PG ID 0 PG GUID 0 Rank 5]  using GPU 1 to perform barrier as devices used by this process are currently unknown. This can potentially cause a hang if this rank to GPU mapping is incorrect. Specify device_ids in barrier() to force use of a particular device, or call init_process_group() with a device_id.
[INFO|hub.py:421] 2025-11-27 01:13:06,578 >> Offline mode: forcing local_files_only=True
[INFO|hub.py:421] 2025-11-27 01:13:06,578 >> Offline mode: forcing local_files_only=True
[INFO|hub.py:421] 2025-11-27 01:13:06,579 >> Offline mode: forcing local_files_only=True
[rank7]:[W1127 01:13:06.731660185 ProcessGroupNCCL.cpp:4561] [PG ID 0 PG GUID 0 Rank 7]  using GPU 3 to perform barrier as devices used by this process are currently unknown. This can potentially cause a hang if this rank to GPU mapping is incorrect. Specify device_ids in barrier() to force use of a particular device, or call init_process_group() with a device_id.
[INFO|image_processing_base.py:316] 2025-11-27 01:13:06,591 >> Offline mode: forcing local_files_only=True
[INFO|image_processing_base.py:316] 2025-11-27 01:13:06,592 >> Offline mode: forcing local_files_only=True
[INFO|image_processing_base.py:383] 2025-11-27 01:13:06,594 >> loading configuration file config.json from cache at /p/scratch/laionize/raj3/.cache/models--laineyyy--openeurollm-datamix-2b-en-80pct-DPO-HelpSteer3/snapshots/555ecf0c308e522e0432fea75ea47f840e04e81f/config.json
[INFO|2025-11-27 01:13:06] llamafactory.model.loader:143 >> Failed to load processor: Can't load image processor for 'laineyyy/openeurollm-datamix-2b-en-80pct-DPO-HelpSteer3'. If you were trying to load it from 'https://huggingface.co/models', make sure you don't have a local directory with the same name. Otherwise, make sure 'laineyyy/openeurollm-datamix-2b-en-80pct-DPO-HelpSteer3' is the correct path to a directory containing a preprocessor_config.json file.
[rank3]:[W1127 01:13:06.723957095 ProcessGroupNCCL.cpp:4561] [PG ID 0 PG GUID 0 Rank 3]  using GPU 3 to perform barrier as devices used by this process are currently unknown. This can potentially cause a hang if this rank to GPU mapping is incorrect. Specify device_ids in barrier() to force use of a particular device, or call init_process_group() with a device_id.
[INFO|2025-11-27 01:13:06] llamafactory.data.template:143 >> Replace eos token: <end_of_turn>.
[rank21]:[W1127 01:13:06.808707108 ProcessGroupNCCL.cpp:4561] [PG ID 0 PG GUID 0 Rank 21]  using GPU 1 to perform barrier as devices used by this process are currently unknown. This can potentially cause a hang if this rank to GPU mapping is incorrect. Specify device_ids in barrier() to force use of a particular device, or call init_process_group() with a device_id.
[rank23]:[W1127 01:13:06.808718458 ProcessGroupNCCL.cpp:4561] [PG ID 0 PG GUID 0 Rank 23]  using GPU 3 to perform barrier as devices used by this process are currently unknown. This can potentially cause a hang if this rank to GPU mapping is incorrect. Specify device_ids in barrier() to force use of a particular device, or call init_process_group() with a device_id.
[rank6]:[W1127 01:13:06.762572273 ProcessGroupNCCL.cpp:4561] [PG ID 0 PG GUID 0 Rank 6]  using GPU 2 to perform barrier as devices used by this process are currently unknown. This can potentially cause a hang if this rank to GPU mapping is incorrect. Specify device_ids in barrier() to force use of a particular device, or call init_process_group() with a device_id.
[INFO|hub.py:421] 2025-11-27 01:13:06,629 >> Offline mode: forcing local_files_only=True
[INFO|hub.py:421] 2025-11-27 01:13:06,631 >> Offline mode: forcing local_files_only=True
[INFO|hub.py:421] 2025-11-27 01:13:06,631 >> Offline mode: forcing local_files_only=True
[INFO|hub.py:421] 2025-11-27 01:13:06,632 >> Offline mode: forcing local_files_only=True
[INFO|hub.py:421] 2025-11-27 01:13:06,632 >> Offline mode: forcing local_files_only=True
[rank31]:[W1127 01:13:06.786994468 ProcessGroupNCCL.cpp:4561] [PG ID 0 PG GUID 0 Rank 31]  using GPU 3 to perform barrier as devices used by this process are currently unknown. This can potentially cause a hang if this rank to GPU mapping is incorrect. Specify device_ids in barrier() to force use of a particular device, or call init_process_group() with a device_id.
[INFO|hub.py:421] 2025-11-27 01:13:06,642 >> Offline mode: forcing local_files_only=True
[INFO|image_processing_base.py:316] 2025-11-27 01:13:06,645 >> Offline mode: forcing local_files_only=True
[INFO|hub.py:421] 2025-11-27 01:13:06,645 >> Offline mode: forcing local_files_only=True
[INFO|hub.py:421] 2025-11-27 01:13:06,645 >> Offline mode: forcing local_files_only=True
[INFO|hub.py:421] 2025-11-27 01:13:06,646 >> Offline mode: forcing local_files_only=True
[INFO|image_processing_base.py:316] 2025-11-27 01:13:06,646 >> Offline mode: forcing local_files_only=True
[INFO|hub.py:421] 2025-11-27 01:13:06,646 >> Offline mode: forcing local_files_only=True
[INFO|image_processing_base.py:383] 2025-11-27 01:13:06,647 >> loading configuration file config.json from cache at /p/scratch/laionize/raj3/.cache/models--laineyyy--openeurollm-datamix-2b-en-80pct-DPO-HelpSteer3/snapshots/555ecf0c308e522e0432fea75ea47f840e04e81f/config.json
[INFO|2025-11-27 01:13:06] llamafactory.model.loader:143 >> Failed to load processor: Can't load image processor for 'laineyyy/openeurollm-datamix-2b-en-80pct-DPO-HelpSteer3'. If you were trying to load it from 'https://huggingface.co/models', make sure you don't have a local directory with the same name. Otherwise, make sure 'laineyyy/openeurollm-datamix-2b-en-80pct-DPO-HelpSteer3' is the correct path to a directory containing a preprocessor_config.json file.
[INFO|2025-11-27 01:13:06] llamafactory.data.template:143 >> Replace eos token: <end_of_turn>.
[INFO|image_processing_base.py:316] 2025-11-27 01:13:06,663 >> Offline mode: forcing local_files_only=True
[INFO|image_processing_base.py:316] 2025-11-27 01:13:06,665 >> Offline mode: forcing local_files_only=True
[INFO|image_processing_base.py:383] 2025-11-27 01:13:06,668 >> loading configuration file config.json from cache at /p/scratch/laionize/raj3/.cache/models--laineyyy--openeurollm-datamix-2b-en-80pct-DPO-HelpSteer3/snapshots/555ecf0c308e522e0432fea75ea47f840e04e81f/config.json
[INFO|2025-11-27 01:13:06] llamafactory.model.loader:143 >> Failed to load processor: Can't load image processor for 'laineyyy/openeurollm-datamix-2b-en-80pct-DPO-HelpSteer3'. If you were trying to load it from 'https://huggingface.co/models', make sure you don't have a local directory with the same name. Otherwise, make sure 'laineyyy/openeurollm-datamix-2b-en-80pct-DPO-HelpSteer3' is the correct path to a directory containing a preprocessor_config.json file.
[INFO|2025-11-27 01:13:06] llamafactory.data.template:143 >> Replace eos token: <end_of_turn>.
[INFO|hub.py:421] 2025-11-27 01:13:06,688 >> Offline mode: forcing local_files_only=True
[INFO|hub.py:421] 2025-11-27 01:13:06,690 >> Offline mode: forcing local_files_only=True
[INFO|hub.py:421] 2025-11-27 01:13:06,690 >> Offline mode: forcing local_files_only=True
[INFO|hub.py:421] 2025-11-27 01:13:06,691 >> Offline mode: forcing local_files_only=True
[INFO|hub.py:421] 2025-11-27 01:13:06,691 >> Offline mode: forcing local_files_only=True
[rank9]:[W1127 01:13:06.935262810 ProcessGroupNCCL.cpp:4561] [PG ID 0 PG GUID 0 Rank 9]  using GPU 1 to perform barrier as devices used by this process are currently unknown. This can potentially cause a hang if this rank to GPU mapping is incorrect. Specify device_ids in barrier() to force use of a particular device, or call init_process_group() with a device_id.
[rank27]:[W1127 01:13:06.869774911 ProcessGroupNCCL.cpp:4561] [PG ID 0 PG GUID 0 Rank 27]  using GPU 3 to perform barrier as devices used by this process are currently unknown. This can potentially cause a hang if this rank to GPU mapping is incorrect. Specify device_ids in barrier() to force use of a particular device, or call init_process_group() with a device_id.
[INFO|hub.py:421] 2025-11-27 01:13:06,701 >> Offline mode: forcing local_files_only=True
[INFO|hub.py:421] 2025-11-27 01:13:06,703 >> Offline mode: forcing local_files_only=True
[INFO|hub.py:421] 2025-11-27 01:13:06,703 >> Offline mode: forcing local_files_only=True
[rank26]:[W1127 01:13:06.872167684 ProcessGroupNCCL.cpp:4561] [PG ID 0 PG GUID 0 Rank 26]  using GPU 2 to perform barrier as devices used by this process are currently unknown. This can potentially cause a hang if this rank to GPU mapping is incorrect. Specify device_ids in barrier() to force use of a particular device, or call init_process_group() with a device_id.
[INFO|hub.py:421] 2025-11-27 01:13:06,703 >> Offline mode: forcing local_files_only=True
[INFO|hub.py:421] 2025-11-27 01:13:06,704 >> Offline mode: forcing local_files_only=True
[INFO|image_processing_base.py:316] 2025-11-27 01:13:06,709 >> Offline mode: forcing local_files_only=True
[INFO|image_processing_base.py:316] 2025-11-27 01:13:06,710 >> Offline mode: forcing local_files_only=True
[INFO|image_processing_base.py:383] 2025-11-27 01:13:06,711 >> loading configuration file config.json from cache at /p/scratch/laionize/raj3/.cache/models--laineyyy--openeurollm-datamix-2b-en-80pct-DPO-HelpSteer3/snapshots/555ecf0c308e522e0432fea75ea47f840e04e81f/config.json
[INFO|2025-11-27 01:13:06] llamafactory.model.loader:143 >> Failed to load processor: Can't load image processor for 'laineyyy/openeurollm-datamix-2b-en-80pct-DPO-HelpSteer3'. If you were trying to load it from 'https://huggingface.co/models', make sure you don't have a local directory with the same name. Otherwise, make sure 'laineyyy/openeurollm-datamix-2b-en-80pct-DPO-HelpSteer3' is the correct path to a directory containing a preprocessor_config.json file.
[INFO|image_processing_base.py:316] 2025-11-27 01:13:06,716 >> Offline mode: forcing local_files_only=True
[INFO|2025-11-27 01:13:06] llamafactory.data.template:143 >> Replace eos token: <end_of_turn>.
[INFO|image_processing_base.py:316] 2025-11-27 01:13:06,717 >> Offline mode: forcing local_files_only=True
[INFO|image_processing_base.py:383] 2025-11-27 01:13:06,719 >> loading configuration file config.json from cache at /p/scratch/laionize/raj3/.cache/models--laineyyy--openeurollm-datamix-2b-en-80pct-DPO-HelpSteer3/snapshots/555ecf0c308e522e0432fea75ea47f840e04e81f/config.json
[INFO|2025-11-27 01:13:06] llamafactory.model.loader:143 >> Failed to load processor: Can't load image processor for 'laineyyy/openeurollm-datamix-2b-en-80pct-DPO-HelpSteer3'. If you were trying to load it from 'https://huggingface.co/models', make sure you don't have a local directory with the same name. Otherwise, make sure 'laineyyy/openeurollm-datamix-2b-en-80pct-DPO-HelpSteer3' is the correct path to a directory containing a preprocessor_config.json file.
[INFO|2025-11-27 01:13:06] llamafactory.data.template:143 >> Replace eos token: <end_of_turn>.
[INFO|hub.py:421] 2025-11-27 01:13:06,727 >> Offline mode: forcing local_files_only=True
[rank13]:[W1127 01:13:06.924951442 ProcessGroupNCCL.cpp:4561] [PG ID 0 PG GUID 0 Rank 13]  using GPU 1 to perform barrier as devices used by this process are currently unknown. This can potentially cause a hang if this rank to GPU mapping is incorrect. Specify device_ids in barrier() to force use of a particular device, or call init_process_group() with a device_id.
[INFO|hub.py:421] 2025-11-27 01:13:06,729 >> Offline mode: forcing local_files_only=True
[INFO|hub.py:421] 2025-11-27 01:13:06,730 >> Offline mode: forcing local_files_only=True
[INFO|hub.py:421] 2025-11-27 01:13:06,730 >> Offline mode: forcing local_files_only=True
[INFO|hub.py:421] 2025-11-27 01:13:06,730 >> Offline mode: forcing local_files_only=True
[rank10]:[W1127 01:13:06.969656603 ProcessGroupNCCL.cpp:4561] [PG ID 0 PG GUID 0 Rank 10]  using GPU 2 to perform barrier as devices used by this process are currently unknown. This can potentially cause a hang if this rank to GPU mapping is incorrect. Specify device_ids in barrier() to force use of a particular device, or call init_process_group() with a device_id.
[rank25]:[W1127 01:13:06.902214756 ProcessGroupNCCL.cpp:4561] [PG ID 0 PG GUID 0 Rank 25]  using GPU 1 to perform barrier as devices used by this process are currently unknown. This can potentially cause a hang if this rank to GPU mapping is incorrect. Specify device_ids in barrier() to force use of a particular device, or call init_process_group() with a device_id.
[INFO|image_processing_base.py:316] 2025-11-27 01:13:06,745 >> Offline mode: forcing local_files_only=True
[INFO|image_processing_base.py:316] 2025-11-27 01:13:06,747 >> Offline mode: forcing local_files_only=True
[INFO|image_processing_base.py:383] 2025-11-27 01:13:06,748 >> loading configuration file config.json from cache at /p/scratch/laionize/raj3/.cache/models--laineyyy--openeurollm-datamix-2b-en-80pct-DPO-HelpSteer3/snapshots/555ecf0c308e522e0432fea75ea47f840e04e81f/config.json
[INFO|2025-11-27 01:13:06] llamafactory.model.loader:143 >> Failed to load processor: Can't load image processor for 'laineyyy/openeurollm-datamix-2b-en-80pct-DPO-HelpSteer3'. If you were trying to load it from 'https://huggingface.co/models', make sure you don't have a local directory with the same name. Otherwise, make sure 'laineyyy/openeurollm-datamix-2b-en-80pct-DPO-HelpSteer3' is the correct path to a directory containing a preprocessor_config.json file.
[INFO|2025-11-27 01:13:06] llamafactory.data.template:143 >> Replace eos token: <end_of_turn>.
[rank29]:[W1127 01:13:06.911729966 ProcessGroupNCCL.cpp:4561] [PG ID 0 PG GUID 0 Rank 29]  using GPU 1 to perform barrier as devices used by this process are currently unknown. This can potentially cause a hang if this rank to GPU mapping is incorrect. Specify device_ids in barrier() to force use of a particular device, or call init_process_group() with a device_id.
[rank14]:[W1127 01:13:06.979860925 ProcessGroupNCCL.cpp:4561] [PG ID 0 PG GUID 0 Rank 14]  using GPU 2 to perform barrier as devices used by this process are currently unknown. This can potentially cause a hang if this rank to GPU mapping is incorrect. Specify device_ids in barrier() to force use of a particular device, or call init_process_group() with a device_id.
[rank22]:[W1127 01:13:06.014666549 ProcessGroupNCCL.cpp:4561] [PG ID 0 PG GUID 0 Rank 22]  using GPU 2 to perform barrier as devices used by this process are currently unknown. This can potentially cause a hang if this rank to GPU mapping is incorrect. Specify device_ids in barrier() to force use of a particular device, or call init_process_group() with a device_id.
[INFO|2025-11-27 01:13:06] llamafactory.data.loader:143 >> Loading dataset Harsh1729/long_sft...
`trust_remote_code` is not supported anymore.
Please check that the Hugging Face dataset 'Harsh1729/long_sft' isn't based on a loading script and remove `trust_remote_code`.
If the dataset is based on a loading script, please ask the dataset author to remove it and convert it to a standard format like Parquet.
[INFO|2025-11-27 01:13:06] llamafactory.data.loader:143 >> Loading dataset Harsh1729/long_sft...
`trust_remote_code` is not supported anymore.
Please check that the Hugging Face dataset 'Harsh1729/long_sft' isn't based on a loading script and remove `trust_remote_code`.
If the dataset is based on a loading script, please ask the dataset author to remove it and convert it to a standard format like Parquet.
[INFO|2025-11-27 01:13:06] llamafactory.data.loader:143 >> Loading dataset Harsh1729/long_sft...
[INFO|2025-11-27 01:13:06] llamafactory.data.loader:143 >> Loading dataset Harsh1729/long_sft...
`trust_remote_code` is not supported anymore.
Please check that the Hugging Face dataset 'Harsh1729/long_sft' isn't based on a loading script and remove `trust_remote_code`.
If the dataset is based on a loading script, please ask the dataset author to remove it and convert it to a standard format like Parquet.
[INFO|2025-11-27 01:13:06] llamafactory.data.loader:143 >> Loading dataset Harsh1729/long_sft...
`trust_remote_code` is not supported anymore.
Please check that the Hugging Face dataset 'Harsh1729/long_sft' isn't based on a loading script and remove `trust_remote_code`.
If the dataset is based on a loading script, please ask the dataset author to remove it and convert it to a standard format like Parquet.
`trust_remote_code` is not supported anymore.
Please check that the Hugging Face dataset 'Harsh1729/long_sft' isn't based on a loading script and remove `trust_remote_code`.
If the dataset is based on a loading script, please ask the dataset author to remove it and convert it to a standard format like Parquet.
[INFO|2025-11-27 01:13:06] llamafactory.data.loader:143 >> Loading dataset Harsh1729/long_sft...
`trust_remote_code` is not supported anymore.
Please check that the Hugging Face dataset 'Harsh1729/long_sft' isn't based on a loading script and remove `trust_remote_code`.
If the dataset is based on a loading script, please ask the dataset author to remove it and convert it to a standard format like Parquet.
[INFO|2025-11-27 01:13:06] llamafactory.data.loader:143 >> Loading dataset Harsh1729/long_sft...
[INFO|2025-11-27 01:13:06] llamafactory.data.loader:143 >> Loading dataset Harsh1729/long_sft...
`trust_remote_code` is not supported anymore.
Please check that the Hugging Face dataset 'Harsh1729/long_sft' isn't based on a loading script and remove `trust_remote_code`.
If the dataset is based on a loading script, please ask the dataset author to remove it and convert it to a standard format like Parquet.
`trust_remote_code` is not supported anymore.
Please check that the Hugging Face dataset 'Harsh1729/long_sft' isn't based on a loading script and remove `trust_remote_code`.
If the dataset is based on a loading script, please ask the dataset author to remove it and convert it to a standard format like Parquet.
[rank15]:[W1127 01:13:06.101207619 ProcessGroupNCCL.cpp:4561] [PG ID 0 PG GUID 0 Rank 15]  using GPU 3 to perform barrier as devices used by this process are currently unknown. This can potentially cause a hang if this rank to GPU mapping is incorrect. Specify device_ids in barrier() to force use of a particular device, or call init_process_group() with a device_id.
[rank19]:[W1127 01:13:06.007910323 ProcessGroupNCCL.cpp:4561] [PG ID 0 PG GUID 0 Rank 19]  using GPU 3 to perform barrier as devices used by this process are currently unknown. This can potentially cause a hang if this rank to GPU mapping is incorrect. Specify device_ids in barrier() to force use of a particular device, or call init_process_group() with a device_id.
[rank0]:[W1127 01:13:06.125138720 ProcessGroupNCCL.cpp:4561] [PG ID 0 PG GUID 0 Rank 0]  using GPU 0 to perform barrier as devices used by this process are currently unknown. This can potentially cause a hang if this rank to GPU mapping is incorrect. Specify device_ids in barrier() to force use of a particular device, or call init_process_group() with a device_id.
[rank28]:[W1127 01:13:07.159801813 ProcessGroupNCCL.cpp:4561] [PG ID 0 PG GUID 0 Rank 28]  using GPU 0 to perform barrier as devices used by this process are currently unknown. This can potentially cause a hang if this rank to GPU mapping is incorrect. Specify device_ids in barrier() to force use of a particular device, or call init_process_group() with a device_id.
jwb0311:509448:509448 [0] NCCL INFO Bootstrap : Using ib0:10.13.23.241<0>
[rank16]:[W1127 01:13:07.089068755 ProcessGroupNCCL.cpp:4561] [PG ID 0 PG GUID 0 Rank 16]  using GPU 0 to perform barrier as devices used by this process are currently unknown. This can potentially cause a hang if this rank to GPU mapping is incorrect. Specify device_ids in barrier() to force use of a particular device, or call init_process_group() with a device_id.
[rank24]:[W1127 01:13:07.182284853 ProcessGroupNCCL.cpp:4561] [PG ID 0 PG GUID 0 Rank 24]  using GPU 0 to perform barrier as devices used by this process are currently unknown. This can potentially cause a hang if this rank to GPU mapping is incorrect. Specify device_ids in barrier() to force use of a particular device, or call init_process_group() with a device_id.
jwb0311:509448:509448 [0] NCCL INFO NET/Plugin: No plugin found (libnccl-net.so)
jwb0311:509448:509448 [0] NCCL INFO NET/Plugin: Plugin load returned 2 : libnccl-net.so: cannot open shared object file: No such file or directory : when loading libnccl-net.so
jwb0311:509448:509448 [0] NCCL INFO NET/Plugin: Using internal network plugin.
[rank12]:[W1127 01:13:07.211190144 ProcessGroupNCCL.cpp:4561] [PG ID 0 PG GUID 0 Rank 12]  using GPU 0 to perform barrier as devices used by this process are currently unknown. This can potentially cause a hang if this rank to GPU mapping is incorrect. Specify device_ids in barrier() to force use of a particular device, or call init_process_group() with a device_id.
[rank8]:[W1127 01:13:07.253136980 ProcessGroupNCCL.cpp:4561] [PG ID 0 PG GUID 0 Rank 8]  using GPU 0 to perform barrier as devices used by this process are currently unknown. This can potentially cause a hang if this rank to GPU mapping is incorrect. Specify device_ids in barrier() to force use of a particular device, or call init_process_group() with a device_id.
jwb0311:509448:509448 [0] NCCL INFO cudaDriverVersion 13000
NCCL version 2.21.5+cuda12.4
jwb0311:509448:509448 [0] NCCL INFO Comm config Blocking set to 1
[rank4]:[W1127 01:13:07.163750602 ProcessGroupNCCL.cpp:4561] [PG ID 0 PG GUID 0 Rank 4]  using GPU 0 to perform barrier as devices used by this process are currently unknown. This can potentially cause a hang if this rank to GPU mapping is incorrect. Specify device_ids in barrier() to force use of a particular device, or call init_process_group() with a device_id.
jwb0311:509451:509451 [3] NCCL INFO cudaDriverVersion 13000
jwb0311:509451:509451 [3] NCCL INFO Bootstrap : Using ib0:10.13.23.241<0>
jwb0311:509451:509451 [3] NCCL INFO NET/Plugin: No plugin found (libnccl-net.so)
jwb0311:509451:509451 [3] NCCL INFO NET/Plugin: Plugin load returned 2 : libnccl-net.so: cannot open shared object file: No such file or directory : when loading libnccl-net.so
jwb0311:509451:509451 [3] NCCL INFO NET/Plugin: Using internal network plugin.
jwb1154:745329:745329 [1] NCCL INFO cudaDriverVersion 13000
jwb1154:745329:745329 [1] NCCL INFO Bootstrap : Using ib0:10.13.35.156<0>
jwb0311:509449:509449 [1] NCCL INFO cudaDriverVersion 13000
jwb0311:509451:509451 [3] NCCL INFO Comm config Blocking set to 1
jwb0315:824745:824745 [2] NCCL INFO cudaDriverVersion 13000
jwb0311:509450:509450 [2] NCCL INFO cudaDriverVersion 13000
jwb1154:745331:745331 [3] NCCL INFO cudaDriverVersion 13000
jwb0311:509449:509449 [1] NCCL INFO Bootstrap : Using ib0:10.13.23.241<0>
jwb0311:509450:509450 [2] NCCL INFO Bootstrap : Using ib0:10.13.23.241<0>
jwb0315:824745:824745 [2] NCCL INFO Bootstrap : Using ib0:10.13.23.245<0>
jwb1154:745331:745331 [3] NCCL INFO Bootstrap : Using ib0:10.13.35.156<0>
jwb0311:509450:509450 [2] NCCL INFO NET/Plugin: No plugin found (libnccl-net.so)
jwb0311:509450:509450 [2] NCCL INFO NET/Plugin: Plugin load returned 2 : libnccl-net.so: cannot open shared object file: No such file or directory : when loading libnccl-net.so
jwb0311:509450:509450 [2] NCCL INFO NET/Plugin: Using internal network plugin.
jwb0311:509449:509449 [1] NCCL INFO NET/Plugin: No plugin found (libnccl-net.so)
jwb0311:509449:509449 [1] NCCL INFO NET/Plugin: Plugin load returned 2 : libnccl-net.so: cannot open shared object file: No such file or directory : when loading libnccl-net.so
jwb0311:509449:509449 [1] NCCL INFO NET/Plugin: Using internal network plugin.
jwb0315:824744:824744 [1] NCCL INFO cudaDriverVersion 13000
jwb1154:745329:745329 [1] NCCL INFO NET/Plugin: No plugin found (libnccl-net.so)
jwb1154:745331:745331 [3] NCCL INFO NET/Plugin: No plugin found (libnccl-net.so)
jwb1154:745329:745329 [1] NCCL INFO NET/Plugin: Plugin load returned 2 : libnccl-net.so: cannot open shared object file: No such file or directory : when loading libnccl-net.so
jwb1154:745331:745331 [3] NCCL INFO NET/Plugin: Plugin load returned 2 : libnccl-net.so: cannot open shared object file: No such file or directory : when loading libnccl-net.so
jwb1154:745329:745329 [1] NCCL INFO NET/Plugin: Using internal network plugin.
jwb1154:745331:745331 [3] NCCL INFO NET/Plugin: Using internal network plugin.
jwb0315:824744:824744 [1] NCCL INFO Bootstrap : Using ib0:10.13.23.245<0>
jwb1159:2539089:2539089 [2] NCCL INFO cudaDriverVersion 13000
jwb1158:89579:89579 [1] NCCL INFO cudaDriverVersion 13000
jwb0315:824743:824743 [0] NCCL INFO cudaDriverVersion 13000
jwb1154:745330:745330 [2] NCCL INFO cudaDriverVersion 13000
jwb1159:2539089:2539089 [2] NCCL INFO Bootstrap : Using ib0:10.13.35.161<0>
jwb1158:89579:89579 [1] NCCL INFO Bootstrap : Using ib0:10.13.35.160<0>
jwb0311:509450:509450 [2] NCCL INFO Comm config Blocking set to 1
jwb0315:824743:824743 [0] NCCL INFO Bootstrap : Using ib0:10.13.23.245<0>
jwb0315:824744:824744 [1] NCCL INFO NET/Plugin: No plugin found (libnccl-net.so)
jwb0315:824745:824745 [2] NCCL INFO NET/Plugin: No plugin found (libnccl-net.so)
jwb0315:824744:824744 [1] NCCL INFO NET/Plugin: Plugin load returned 2 : libnccl-net.so: cannot open shared object file: No such file or directory : when loading libnccl-net.so
jwb0315:824745:824745 [2] NCCL INFO NET/Plugin: Plugin load returned 2 : libnccl-net.so: cannot open shared object file: No such file or directory : when loading libnccl-net.so
jwb0315:824744:824744 [1] NCCL INFO NET/Plugin: Using internal network plugin.
jwb0315:824745:824745 [2] NCCL INFO NET/Plugin: Using internal network plugin.
jwb0311:509449:509449 [1] NCCL INFO Comm config Blocking set to 1
jwb1154:745330:745330 [2] NCCL INFO Bootstrap : Using ib0:10.13.35.156<0>
jwb1154:745329:745329 [1] NCCL INFO Comm config Blocking set to 1
jwb1154:745331:745331 [3] NCCL INFO Comm config Blocking set to 1
jwb1158:89581:89581 [3] NCCL INFO cudaDriverVersion 13000
jwb0315:824743:824743 [0] NCCL INFO NET/Plugin: No plugin found (libnccl-net.so)
jwb0315:824743:824743 [0] NCCL INFO NET/Plugin: Plugin load returned 2 : libnccl-net.so: cannot open shared object file: No such file or directory : when loading libnccl-net.so
jwb0315:824743:824743 [0] NCCL INFO NET/Plugin: Using internal network plugin.
jwb1154:745330:745330 [2] NCCL INFO NET/Plugin: No plugin found (libnccl-net.so)
jwb1154:745330:745330 [2] NCCL INFO NET/Plugin: Plugin load returned 2 : libnccl-net.so: cannot open shared object file: No such file or directory : when loading libnccl-net.so
jwb1154:745330:745330 [2] NCCL INFO NET/Plugin: Using internal network plugin.
jwb1158:89581:89581 [3] NCCL INFO Bootstrap : Using ib0:10.13.35.160<0>
jwb1154:745328:745328 [0] NCCL INFO cudaDriverVersion 13000
jwb1154:745328:745328 [0] NCCL INFO Bootstrap : Using ib0:10.13.35.156<0>
jwb1159:2539089:2539089 [2] NCCL INFO NET/Plugin: No plugin found (libnccl-net.so)
jwb1159:2539089:2539089 [2] NCCL INFO NET/Plugin: Plugin load returned 2 : libnccl-net.so: cannot open shared object file: No such file or directory : when loading libnccl-net.so
jwb1159:2539089:2539089 [2] NCCL INFO NET/Plugin: Using internal network plugin.
jwb0315:824744:824744 [1] NCCL INFO Comm config Blocking set to 1
jwb0315:824745:824745 [2] NCCL INFO Comm config Blocking set to 1
jwb1154:745328:745328 [0] NCCL INFO NET/Plugin: No plugin found (libnccl-net.so)
jwb1154:745328:745328 [0] NCCL INFO NET/Plugin: Plugin load returned 2 : libnccl-net.so: cannot open shared object file: No such file or directory : when loading libnccl-net.so
jwb1154:745328:745328 [0] NCCL INFO NET/Plugin: Using internal network plugin.
jwb1158:89581:89581 [3] NCCL INFO NET/Plugin: No plugin found (libnccl-net.so)
jwb1158:89579:89579 [1] NCCL INFO NET/Plugin: No plugin found (libnccl-net.so)
jwb1158:89581:89581 [3] NCCL INFO NET/Plugin: Plugin load returned 2 : libnccl-net.so: cannot open shared object file: No such file or directory : when loading libnccl-net.so
jwb1158:89581:89581 [3] NCCL INFO NET/Plugin: Using internal network plugin.
jwb1158:89579:89579 [1] NCCL INFO NET/Plugin: Plugin load returned 2 : libnccl-net.so: cannot open shared object file: No such file or directory : when loading libnccl-net.so
jwb1158:89579:89579 [1] NCCL INFO NET/Plugin: Using internal network plugin.
jwb1158:89580:89580 [2] NCCL INFO cudaDriverVersion 13000
jwb1154:745330:745330 [2] NCCL INFO Comm config Blocking set to 1
jwb0315:824743:824743 [0] NCCL INFO Comm config Blocking set to 1
jwb1158:89580:89580 [2] NCCL INFO Bootstrap : Using ib0:10.13.35.160<0>
jwb1158:89578:89578 [0] NCCL INFO cudaDriverVersion 13000
jwb1158:89578:89578 [0] NCCL INFO Bootstrap : Using ib0:10.13.35.160<0>
jwb1156:4038493:4038493 [3] NCCL INFO cudaDriverVersion 13000
jwb1158:89580:89580 [2] NCCL INFO NET/Plugin: No plugin found (libnccl-net.so)
jwb1158:89580:89580 [2] NCCL INFO NET/Plugin: Plugin load returned 2 : libnccl-net.so: cannot open shared object file: No such file or directory : when loading libnccl-net.so
jwb1158:89580:89580 [2] NCCL INFO NET/Plugin: Using internal network plugin.
jwb1154:745328:745328 [0] NCCL INFO Comm config Blocking set to 1
jwb1156:4038493:4038493 [3] NCCL INFO Bootstrap : Using ib0:10.13.35.158<0>
jwb1156:4038491:4038491 [1] NCCL INFO cudaDriverVersion 13000
jwb1158:89578:89578 [0] NCCL INFO NET/Plugin: No plugin found (libnccl-net.so)
jwb1158:89578:89578 [0] NCCL INFO NET/Plugin: Plugin load returned 2 : libnccl-net.so: cannot open shared object file: No such file or directory : when loading libnccl-net.so
jwb1158:89578:89578 [0] NCCL INFO NET/Plugin: Using internal network plugin.
jwb1158:89581:89581 [3] NCCL INFO Comm config Blocking set to 1
jwb1158:89579:89579 [1] NCCL INFO Comm config Blocking set to 1
jwb1156:4038491:4038491 [1] NCCL INFO Bootstrap : Using ib0:10.13.35.158<0>
jwb1156:4038492:4038492 [2] NCCL INFO cudaDriverVersion 13000
jwb1156:4038492:4038492 [2] NCCL INFO Bootstrap : Using ib0:10.13.35.158<0>
jwb0314:2367567:2367567 [3] NCCL INFO cudaDriverVersion 13000
jwb0314:2367565:2367565 [1] NCCL INFO cudaDriverVersion 13000
jwb1158:89580:89580 [2] NCCL INFO Comm config Blocking set to 1
jwb1159:2539089:2539089 [2] NCCL INFO Comm config Blocking set to 1
jwb0314:2367566:2367566 [2] NCCL INFO cudaDriverVersion 13000
jwb1158:89578:89578 [0] NCCL INFO Comm config Blocking set to 1
jwb0314:2367567:2367567 [3] NCCL INFO Bootstrap : Using ib0:10.13.23.244<0>
jwb0314:2367565:2367565 [1] NCCL INFO Bootstrap : Using ib0:10.13.23.244<0>
jwb0314:2367566:2367566 [2] NCCL INFO Bootstrap : Using ib0:10.13.23.244<0>
jwb1155:1076113:1076113 [0] NCCL INFO cudaDriverVersion 13000
jwb1156:4038492:4038492 [2] NCCL INFO NET/Plugin: No plugin found (libnccl-net.so)
jwb1156:4038491:4038491 [1] NCCL INFO NET/Plugin: No plugin found (libnccl-net.so)
jwb1156:4038492:4038492 [2] NCCL INFO NET/Plugin: Plugin load returned 2 : libnccl-net.so: cannot open shared object file: No such file or directory : when loading libnccl-net.so
jwb1156:4038493:4038493 [3] NCCL INFO NET/Plugin: No plugin found (libnccl-net.so)
jwb1156:4038492:4038492 [2] NCCL INFO NET/Plugin: Using internal network plugin.
jwb1156:4038491:4038491 [1] NCCL INFO NET/Plugin: Plugin load returned 2 : libnccl-net.so: cannot open shared object file: No such file or directory : when loading libnccl-net.so
jwb1156:4038491:4038491 [1] NCCL INFO NET/Plugin: Using internal network plugin.
jwb1156:4038493:4038493 [3] NCCL INFO NET/Plugin: Plugin load returned 2 : libnccl-net.so: cannot open shared object file: No such file or directory : when loading libnccl-net.so
jwb1156:4038493:4038493 [3] NCCL INFO NET/Plugin: Using internal network plugin.
jwb1155:1076113:1076113 [0] NCCL INFO Bootstrap : Using ib0:10.13.35.157<0>
jwb0314:2367564:2367564 [0] NCCL INFO cudaDriverVersion 13000
jwb0314:2367564:2367564 [0] NCCL INFO Bootstrap : Using ib0:10.13.23.244<0>
jwb0314:2367565:2367565 [1] NCCL INFO NET/Plugin: No plugin found (libnccl-net.so)
jwb0314:2367567:2367567 [3] NCCL INFO NET/Plugin: No plugin found (libnccl-net.so)
jwb0314:2367566:2367566 [2] NCCL INFO NET/Plugin: No plugin found (libnccl-net.so)
jwb0314:2367565:2367565 [1] NCCL INFO NET/Plugin: Plugin load returned 2 : libnccl-net.so: cannot open shared object file: No such file or directory : when loading libnccl-net.so
jwb0314:2367567:2367567 [3] NCCL INFO NET/Plugin: Plugin load returned 2 : libnccl-net.so: cannot open shared object file: No such file or directory : when loading libnccl-net.so
jwb0314:2367567:2367567 [3] NCCL INFO NET/Plugin: Using internal network plugin.
jwb0314:2367565:2367565 [1] NCCL INFO NET/Plugin: Using internal network plugin.
jwb0314:2367566:2367566 [2] NCCL INFO NET/Plugin: Plugin load returned 2 : libnccl-net.so: cannot open shared object file: No such file or directory : when loading libnccl-net.so
jwb0314:2367566:2367566 [2] NCCL INFO NET/Plugin: Using internal network plugin.
jwb0314:2367564:2367564 [0] NCCL INFO NET/Plugin: No plugin found (libnccl-net.so)
jwb0314:2367564:2367564 [0] NCCL INFO NET/Plugin: Plugin load returned 2 : libnccl-net.so: cannot open shared object file: No such file or directory : when loading libnccl-net.so
jwb0314:2367564:2367564 [0] NCCL INFO NET/Plugin: Using internal network plugin.
jwb1156:4038492:4038492 [2] NCCL INFO Comm config Blocking set to 1
jwb1156:4038493:4038493 [3] NCCL INFO Comm config Blocking set to 1
jwb1156:4038491:4038491 [1] NCCL INFO Comm config Blocking set to 1
jwb1155:1076113:1076113 [0] NCCL INFO NET/Plugin: No plugin found (libnccl-net.so)
jwb1155:1076113:1076113 [0] NCCL INFO NET/Plugin: Plugin load returned 2 : libnccl-net.so: cannot open shared object file: No such file or directory : when loading libnccl-net.so
jwb1155:1076113:1076113 [0] NCCL INFO NET/Plugin: Using internal network plugin.
jwb1159:2539090:2539090 [3] NCCL INFO cudaDriverVersion 13000
jwb1159:2539090:2539090 [3] NCCL INFO Bootstrap : Using ib0:10.13.35.161<0>
jwb1159:2539090:2539090 [3] NCCL INFO NET/Plugin: No plugin found (libnccl-net.so)
jwb1159:2539090:2539090 [3] NCCL INFO NET/Plugin: Plugin load returned 2 : libnccl-net.so: cannot open shared object file: No such file or directory : when loading libnccl-net.so
jwb1159:2539090:2539090 [3] NCCL INFO NET/Plugin: Using internal network plugin.
jwb1155:1076114:1076114 [1] NCCL INFO cudaDriverVersion 13000
jwb0314:2367565:2367565 [1] NCCL INFO Comm config Blocking set to 1
jwb0314:2367566:2367566 [2] NCCL INFO Comm config Blocking set to 1
jwb1155:1076114:1076114 [1] NCCL INFO Bootstrap : Using ib0:10.13.35.157<0>
jwb0314:2367567:2367567 [3] NCCL INFO Comm config Blocking set to 1
jwb0314:2367564:2367564 [0] NCCL INFO Comm config Blocking set to 1
jwb1155:1076114:1076114 [1] NCCL INFO NET/Plugin: No plugin found (libnccl-net.so)
jwb1155:1076114:1076114 [1] NCCL INFO NET/Plugin: Plugin load returned 2 : libnccl-net.so: cannot open shared object file: No such file or directory : when loading libnccl-net.so
jwb1155:1076114:1076114 [1] NCCL INFO NET/Plugin: Using internal network plugin.
jwb1155:1076113:1076113 [0] NCCL INFO Comm config Blocking set to 1
jwb1159:2539088:2539088 [1] NCCL INFO cudaDriverVersion 13000
jwb1159:2539088:2539088 [1] NCCL INFO Bootstrap : Using ib0:10.13.35.161<0>
jwb1159:2539087:2539087 [0] NCCL INFO cudaDriverVersion 13000
jwb1159:2539090:2539090 [3] NCCL INFO Comm config Blocking set to 1
jwb1159:2539087:2539087 [0] NCCL INFO Bootstrap : Using ib0:10.13.35.161<0>
jwb1155:1076115:1076115 [2] NCCL INFO cudaDriverVersion 13000
jwb1159:2539088:2539088 [1] NCCL INFO NET/Plugin: No plugin found (libnccl-net.so)
jwb1159:2539088:2539088 [1] NCCL INFO NET/Plugin: Plugin load returned 2 : libnccl-net.so: cannot open shared object file: No such file or directory : when loading libnccl-net.so
jwb1159:2539088:2539088 [1] NCCL INFO NET/Plugin: Using internal network plugin.
jwb1155:1076115:1076115 [2] NCCL INFO Bootstrap : Using ib0:10.13.35.157<0>
jwb1159:2539087:2539087 [0] NCCL INFO NET/Plugin: No plugin found (libnccl-net.so)
jwb1159:2539087:2539087 [0] NCCL INFO NET/Plugin: Plugin load returned 2 : libnccl-net.so: cannot open shared object file: No such file or directory : when loading libnccl-net.so
jwb1159:2539087:2539087 [0] NCCL INFO NET/Plugin: Using internal network plugin.
jwb1155:1076115:1076115 [2] NCCL INFO NET/Plugin: No plugin found (libnccl-net.so)
jwb1155:1076115:1076115 [2] NCCL INFO NET/Plugin: Plugin load returned 2 : libnccl-net.so: cannot open shared object file: No such file or directory : when loading libnccl-net.so
jwb1155:1076115:1076115 [2] NCCL INFO NET/Plugin: Using internal network plugin.
jwb1155:1076116:1076116 [3] NCCL INFO cudaDriverVersion 13000
jwb1155:1076114:1076114 [1] NCCL INFO Comm config Blocking set to 1
jwb1155:1076116:1076116 [3] NCCL INFO Bootstrap : Using ib0:10.13.35.157<0>
jwb1159:2539088:2539088 [1] NCCL INFO Comm config Blocking set to 1
jwb1155:1076116:1076116 [3] NCCL INFO NET/Plugin: No plugin found (libnccl-net.so)
jwb1155:1076116:1076116 [3] NCCL INFO NET/Plugin: Plugin load returned 2 : libnccl-net.so: cannot open shared object file: No such file or directory : when loading libnccl-net.so
jwb1155:1076116:1076116 [3] NCCL INFO NET/Plugin: Using internal network plugin.
jwb1159:2539087:2539087 [0] NCCL INFO Comm config Blocking set to 1
jwb1155:1076115:1076115 [2] NCCL INFO Comm config Blocking set to 1
[rank20]:[W1127 01:13:07.247549885 ProcessGroupNCCL.cpp:4561] [PG ID 0 PG GUID 0 Rank 20]  using GPU 0 to perform barrier as devices used by this process are currently unknown. This can potentially cause a hang if this rank to GPU mapping is incorrect. Specify device_ids in barrier() to force use of a particular device, or call init_process_group() with a device_id.
jwb1155:1076116:1076116 [3] NCCL INFO Comm config Blocking set to 1
[rank11]:[W1127 01:13:07.290933368 ProcessGroupNCCL.cpp:4561] [PG ID 0 PG GUID 0 Rank 11]  using GPU 3 to perform barrier as devices used by this process are currently unknown. This can potentially cause a hang if this rank to GPU mapping is incorrect. Specify device_ids in barrier() to force use of a particular device, or call init_process_group() with a device_id.
jwb1156:4038490:4038490 [0] NCCL INFO cudaDriverVersion 13000
jwb1156:4038490:4038490 [0] NCCL INFO Bootstrap : Using ib0:10.13.35.158<0>
jwb1156:4038490:4038490 [0] NCCL INFO NET/Plugin: No plugin found (libnccl-net.so)
jwb1156:4038490:4038490 [0] NCCL INFO NET/Plugin: Plugin load returned 2 : libnccl-net.so: cannot open shared object file: No such file or directory : when loading libnccl-net.so
jwb1156:4038490:4038490 [0] NCCL INFO NET/Plugin: Using internal network plugin.
jwb1156:4038490:4038490 [0] NCCL INFO Comm config Blocking set to 1
jwb0315:824746:824746 [3] NCCL INFO cudaDriverVersion 13000
jwb0315:824746:824746 [3] NCCL INFO Bootstrap : Using ib0:10.13.23.245<0>
jwb0315:824746:824746 [3] NCCL INFO NET/Plugin: No plugin found (libnccl-net.so)
jwb0315:824746:824746 [3] NCCL INFO NET/Plugin: Plugin load returned 2 : libnccl-net.so: cannot open shared object file: No such file or directory : when loading libnccl-net.so
jwb0315:824746:824746 [3] NCCL INFO NET/Plugin: Using internal network plugin.
jwb0315:824746:824746 [3] NCCL INFO Comm config Blocking set to 1
jwb1159:2539089:2539334 [2] NCCL INFO Failed to open libibverbs.so[.1]
jwb1159:2539087:2539337 [0] NCCL INFO Failed to open libibverbs.so[.1]
jwb1159:2539089:2539334 [2] NCCL INFO NET/Socket : Using [0]ib0:10.13.35.161<0>
jwb1159:2539087:2539337 [0] NCCL INFO NET/Socket : Using [0]ib0:10.13.35.161<0>
jwb1159:2539089:2539334 [2] NCCL INFO Using non-device net plugin version 0
jwb1159:2539089:2539334 [2] NCCL INFO Using network Socket
jwb1159:2539087:2539337 [0] NCCL INFO Using non-device net plugin version 0
jwb1159:2539087:2539337 [0] NCCL INFO Using network Socket
jwb1159:2539090:2539335 [3] NCCL INFO Failed to open libibverbs.so[.1]
jwb1159:2539090:2539335 [3] NCCL INFO NET/Socket : Using [0]ib0:10.13.35.161<0>
jwb1159:2539090:2539335 [3] NCCL INFO Using non-device net plugin version 0
jwb1159:2539090:2539335 [3] NCCL INFO Using network Socket
jwb1159:2539088:2539336 [1] NCCL INFO Failed to open libibverbs.so[.1]
jwb1159:2539088:2539336 [1] NCCL INFO NET/Socket : Using [0]ib0:10.13.35.161<0>
jwb1159:2539088:2539336 [1] NCCL INFO Using non-device net plugin version 0
jwb1159:2539088:2539336 [1] NCCL INFO Using network Socket
jwb0311:509448:509685 [0] NCCL INFO Failed to open libibverbs.so[.1]
jwb0311:509448:509685 [0] NCCL INFO NET/Socket : Using [0]ib0:10.13.23.241<0>
jwb0311:509448:509685 [0] NCCL INFO Using non-device net plugin version 0
jwb0311:509448:509685 [0] NCCL INFO Using network Socket
jwb0311:509449:509688 [1] NCCL INFO Failed to open libibverbs.so[.1]
jwb0311:509449:509688 [1] NCCL INFO NET/Socket : Using [0]ib0:10.13.23.241<0>
jwb0311:509449:509688 [1] NCCL INFO Using non-device net plugin version 0
jwb0311:509449:509688 [1] NCCL INFO Using network Socket
jwb0311:509450:509687 [2] NCCL INFO Failed to open libibverbs.so[.1]
jwb0311:509450:509687 [2] NCCL INFO NET/Socket : Using [0]ib0:10.13.23.241<0>
jwb0311:509451:509686 [3] NCCL INFO Failed to open libibverbs.so[.1]
jwb0311:509450:509687 [2] NCCL INFO Using non-device net plugin version 0
jwb0311:509450:509687 [2] NCCL INFO Using network Socket
jwb0311:509451:509686 [3] NCCL INFO NET/Socket : Using [0]ib0:10.13.23.241<0>
jwb0311:509451:509686 [3] NCCL INFO Using non-device net plugin version 0
jwb0311:509451:509686 [3] NCCL INFO Using network Socket
jwb1154:745330:745585 [2] NCCL INFO Failed to open libibverbs.so[.1]
jwb1154:745330:745585 [2] NCCL INFO NET/Socket : Using [0]ib0:10.13.35.156<0>
jwb1154:745330:745585 [2] NCCL INFO Using non-device net plugin version 0
jwb1154:745330:745585 [2] NCCL INFO Using network Socket
jwb1154:745328:745586 [0] NCCL INFO Failed to open libibverbs.so[.1]
jwb1154:745328:745586 [0] NCCL INFO NET/Socket : Using [0]ib0:10.13.35.156<0>
jwb1154:745328:745586 [0] NCCL INFO Using non-device net plugin version 0
jwb1154:745328:745586 [0] NCCL INFO Using network Socket
jwb0315:824743:824958 [0] NCCL INFO Failed to open libibverbs.so[.1]
jwb0315:824743:824958 [0] NCCL INFO NET/Socket : Using [0]ib0:10.13.23.245<0>
jwb0315:824743:824958 [0] NCCL INFO Using non-device net plugin version 0
jwb0315:824743:824958 [0] NCCL INFO Using network Socket
jwb0315:824745:824957 [2] NCCL INFO Failed to open libibverbs.so[.1]
jwb0315:824746:824959 [3] NCCL INFO Failed to open libibverbs.so[.1]
jwb0315:824745:824957 [2] NCCL INFO NET/Socket : Using [0]ib0:10.13.23.245<0>
jwb0315:824746:824959 [3] NCCL INFO NET/Socket : Using [0]ib0:10.13.23.245<0>
jwb0315:824745:824957 [2] NCCL INFO Using non-device net plugin version 0
jwb0315:824745:824957 [2] NCCL INFO Using network Socket
jwb0315:824746:824959 [3] NCCL INFO Using non-device net plugin version 0
jwb0315:824746:824959 [3] NCCL INFO Using network Socket
jwb1154:745331:745584 [3] NCCL INFO Failed to open libibverbs.so[.1]
jwb1154:745331:745584 [3] NCCL INFO NET/Socket : Using [0]ib0:10.13.35.156<0>
jwb1154:745331:745584 [3] NCCL INFO Using non-device net plugin version 0
jwb1154:745331:745584 [3] NCCL INFO Using network Socket
jwb1154:745329:745583 [1] NCCL INFO Failed to open libibverbs.so[.1]
jwb1154:745329:745583 [1] NCCL INFO NET/Socket : Using [0]ib0:10.13.35.156<0>
jwb1154:745329:745583 [1] NCCL INFO Using non-device net plugin version 0
jwb1154:745329:745583 [1] NCCL INFO Using network Socket
jwb0315:824744:824956 [1] NCCL INFO Failed to open libibverbs.so[.1]
jwb0315:824744:824956 [1] NCCL INFO NET/Socket : Using [0]ib0:10.13.23.245<0>
jwb0315:824744:824956 [1] NCCL INFO Using non-device net plugin version 0
jwb0315:824744:824956 [1] NCCL INFO Using network Socket
jwb0314:2367565:2367822 [1] NCCL INFO Failed to open libibverbs.so[.1]
jwb0314:2367565:2367822 [1] NCCL INFO NET/Socket : Using [0]ib0:10.13.23.244<0>
jwb0314:2367565:2367822 [1] NCCL INFO Using non-device net plugin version 0
jwb0314:2367565:2367822 [1] NCCL INFO Using network Socket
jwb1155:1076116:1076359 [3] NCCL INFO Failed to open libibverbs.so[.1]
jwb1155:1076116:1076359 [3] NCCL INFO NET/Socket : Using [0]ib0:10.13.35.157<0>
jwb1155:1076116:1076359 [3] NCCL INFO Using non-device net plugin version 0
jwb1155:1076116:1076359 [3] NCCL INFO Using network Socket
jwb0314:2367564:2367825 [0] NCCL INFO Failed to open libibverbs.so[.1]
jwb0314:2367564:2367825 [0] NCCL INFO NET/Socket : Using [0]ib0:10.13.23.244<0>
jwb0314:2367564:2367825 [0] NCCL INFO Using non-device net plugin version 0
jwb0314:2367564:2367825 [0] NCCL INFO Using network Socket
jwb0314:2367566:2367824 [2] NCCL INFO Failed to open libibverbs.so[.1]
jwb0314:2367566:2367824 [2] NCCL INFO NET/Socket : Using [0]ib0:10.13.23.244<0>
jwb0314:2367566:2367824 [2] NCCL INFO Using non-device net plugin version 0
jwb0314:2367566:2367824 [2] NCCL INFO Using network Socket
jwb0314:2367567:2367823 [3] NCCL INFO Failed to open libibverbs.so[.1]
jwb0314:2367567:2367823 [3] NCCL INFO NET/Socket : Using [0]ib0:10.13.23.244<0>
jwb0314:2367567:2367823 [3] NCCL INFO Using non-device net plugin version 0
jwb0314:2367567:2367823 [3] NCCL INFO Using network Socket
jwb1155:1076113:1076354 [0] NCCL INFO Failed to open libibverbs.so[.1]
jwb1155:1076113:1076354 [0] NCCL INFO NET/Socket : Using [0]ib0:10.13.35.157<0>
jwb1155:1076113:1076354 [0] NCCL INFO Using non-device net plugin version 0
jwb1155:1076113:1076354 [0] NCCL INFO Using network Socket
jwb1155:1076114:1076355 [1] NCCL INFO Failed to open libibverbs.so[.1]
jwb1155:1076114:1076355 [1] NCCL INFO NET/Socket : Using [0]ib0:10.13.35.157<0>
jwb1155:1076114:1076355 [1] NCCL INFO Using non-device net plugin version 0
jwb1155:1076114:1076355 [1] NCCL INFO Using network Socket
jwb1155:1076115:1076358 [2] NCCL INFO Failed to open libibverbs.so[.1]
jwb1155:1076115:1076358 [2] NCCL INFO NET/Socket : Using [0]ib0:10.13.35.157<0>
jwb1155:1076115:1076358 [2] NCCL INFO Using non-device net plugin version 0
jwb1155:1076115:1076358 [2] NCCL INFO Using network Socket
jwb1158:89580:89818 [2] NCCL INFO Failed to open libibverbs.so[.1]
jwb1158:89580:89818 [2] NCCL INFO NET/Socket : Using [0]ib0:10.13.35.160<0>
jwb1158:89580:89818 [2] NCCL INFO Using non-device net plugin version 0
jwb1158:89580:89818 [2] NCCL INFO Using network Socket
jwb1158:89579:89817 [1] NCCL INFO Failed to open libibverbs.so[.1]
jwb1158:89579:89817 [1] NCCL INFO NET/Socket : Using [0]ib0:10.13.35.160<0>
jwb1158:89579:89817 [1] NCCL INFO Using non-device net plugin version 0
jwb1158:89579:89817 [1] NCCL INFO Using network Socket
jwb1158:89578:89819 [0] NCCL INFO Failed to open libibverbs.so[.1]
jwb1158:89581:89816 [3] NCCL INFO Failed to open libibverbs.so[.1]
jwb1158:89578:89819 [0] NCCL INFO NET/Socket : Using [0]ib0:10.13.35.160<0>
jwb1158:89581:89816 [3] NCCL INFO NET/Socket : Using [0]ib0:10.13.35.160<0>
jwb1158:89578:89819 [0] NCCL INFO Using non-device net plugin version 0
jwb1158:89578:89819 [0] NCCL INFO Using network Socket
jwb1158:89581:89816 [3] NCCL INFO Using non-device net plugin version 0
jwb1158:89581:89816 [3] NCCL INFO Using network Socket
jwb1156:4038491:4038729 [1] NCCL INFO Failed to open libibverbs.so[.1]
jwb1156:4038490:4038731 [0] NCCL INFO Failed to open libibverbs.so[.1]
jwb1156:4038492:4038730 [2] NCCL INFO Failed to open libibverbs.so[.1]
jwb1156:4038492:4038730 [2] NCCL INFO NET/Socket : Using [0]ib0:10.13.35.158<0>
jwb1156:4038491:4038729 [1] NCCL INFO NET/Socket : Using [0]ib0:10.13.35.158<0>
jwb1156:4038490:4038731 [0] NCCL INFO NET/Socket : Using [0]ib0:10.13.35.158<0>
jwb1156:4038492:4038730 [2] NCCL INFO Using non-device net plugin version 0
jwb1156:4038492:4038730 [2] NCCL INFO Using network Socket
jwb1156:4038491:4038729 [1] NCCL INFO Using non-device net plugin version 0
jwb1156:4038491:4038729 [1] NCCL INFO Using network Socket
jwb1156:4038490:4038731 [0] NCCL INFO Using non-device net plugin version 0
jwb1156:4038493:4038728 [3] NCCL INFO Failed to open libibverbs.so[.1]
jwb1156:4038490:4038731 [0] NCCL INFO Using network Socket
jwb1156:4038493:4038728 [3] NCCL INFO NET/Socket : Using [0]ib0:10.13.35.158<0>
jwb1156:4038493:4038728 [3] NCCL INFO Using non-device net plugin version 0
jwb1156:4038493:4038728 [3] NCCL INFO Using network Socket
jwb0315:824746:824959 [3] NCCL INFO ncclCommInitRank comm 0x560b7c42bd50 rank 11 nranks 32 cudaDev 3 nvmlDev 3 busId c4000 commId 0xcca802110949e2f4 - Init START
jwb1154:745328:745586 [0] NCCL INFO ncclCommInitRank comm 0x5648b9be4650 rank 12 nranks 32 cudaDev 0 nvmlDev 0 busId 3000 commId 0xcca802110949e2f4 - Init START
jwb1154:745329:745583 [1] NCCL INFO ncclCommInitRank comm 0x557e2a577840 rank 13 nranks 32 cudaDev 1 nvmlDev 1 busId 44000 commId 0xcca802110949e2f4 - Init START
jwb1154:745330:745585 [2] NCCL INFO ncclCommInitRank comm 0x55cba9d007f0 rank 14 nranks 32 cudaDev 2 nvmlDev 2 busId 84000 commId 0xcca802110949e2f4 - Init START
jwb1154:745331:745584 [3] NCCL INFO ncclCommInitRank comm 0x561b29d5f430 rank 15 nranks 32 cudaDev 3 nvmlDev 3 busId c4000 commId 0xcca802110949e2f4 - Init START
jwb1155:1076113:1076354 [0] NCCL INFO ncclCommInitRank comm 0x5573a32c15d0 rank 16 nranks 32 cudaDev 0 nvmlDev 0 busId 3000 commId 0xcca802110949e2f4 - Init START
jwb1155:1076116:1076359 [3] NCCL INFO ncclCommInitRank comm 0x562247846ae0 rank 19 nranks 32 cudaDev 3 nvmlDev 3 busId c4000 commId 0xcca802110949e2f4 - Init START
jwb1155:1076115:1076358 [2] NCCL INFO ncclCommInitRank comm 0x55e899dbcb40 rank 18 nranks 32 cudaDev 2 nvmlDev 2 busId 84000 commId 0xcca802110949e2f4 - Init START
jwb1155:1076114:1076355 [1] NCCL INFO ncclCommInitRank comm 0x55b8e64adf10 rank 17 nranks 32 cudaDev 1 nvmlDev 1 busId 44000 commId 0xcca802110949e2f4 - Init START
jwb1156:4038490:4038731 [0] NCCL INFO ncclCommInitRank comm 0x55cdcb5caee0 rank 20 nranks 32 cudaDev 0 nvmlDev 0 busId 3000 commId 0xcca802110949e2f4 - Init START
jwb1156:4038492:4038730 [2] NCCL INFO ncclCommInitRank comm 0x55a907539ed0 rank 22 nranks 32 cudaDev 2 nvmlDev 2 busId 84000 commId 0xcca802110949e2f4 - Init START
jwb1156:4038493:4038728 [3] NCCL INFO ncclCommInitRank comm 0x5586970851b0 rank 23 nranks 32 cudaDev 3 nvmlDev 3 busId c4000 commId 0xcca802110949e2f4 - Init START
jwb1156:4038491:4038729 [1] NCCL INFO ncclCommInitRank comm 0x55c8aa0b71c0 rank 21 nranks 32 cudaDev 1 nvmlDev 1 busId 44000 commId 0xcca802110949e2f4 - Init START
jwb1158:89578:89819 [0] NCCL INFO ncclCommInitRank comm 0x56135fb05b60 rank 24 nranks 32 cudaDev 0 nvmlDev 0 busId 3000 commId 0xcca802110949e2f4 - Init START
jwb1158:89579:89817 [1] NCCL INFO ncclCommInitRank comm 0x55e5b7f0da90 rank 25 nranks 32 cudaDev 1 nvmlDev 1 busId 44000 commId 0xcca802110949e2f4 - Init START
jwb1158:89581:89816 [3] NCCL INFO ncclCommInitRank comm 0x5567983ef470 rank 27 nranks 32 cudaDev 3 nvmlDev 3 busId c4000 commId 0xcca802110949e2f4 - Init START
jwb1158:89580:89818 [2] NCCL INFO ncclCommInitRank comm 0x56329b29c6d0 rank 26 nranks 32 cudaDev 2 nvmlDev 2 busId 84000 commId 0xcca802110949e2f4 - Init START
jwb1159:2539087:2539337 [0] NCCL INFO ncclCommInitRank comm 0x5622a31c4a10 rank 28 nranks 32 cudaDev 0 nvmlDev 0 busId 3000 commId 0xcca802110949e2f4 - Init START
jwb1159:2539088:2539336 [1] NCCL INFO ncclCommInitRank comm 0x55f4e780eda0 rank 29 nranks 32 cudaDev 1 nvmlDev 1 busId 44000 commId 0xcca802110949e2f4 - Init START
jwb1159:2539090:2539335 [3] NCCL INFO ncclCommInitRank comm 0x5616dfe0d410 rank 31 nranks 32 cudaDev 3 nvmlDev 3 busId c4000 commId 0xcca802110949e2f4 - Init START
jwb1159:2539089:2539334 [2] NCCL INFO ncclCommInitRank comm 0x55aef8b88390 rank 30 nranks 32 cudaDev 2 nvmlDev 2 busId 84000 commId 0xcca802110949e2f4 - Init START
jwb0311:509448:509685 [0] NCCL INFO ncclCommInitRank comm 0x563e891adf70 rank 0 nranks 32 cudaDev 0 nvmlDev 0 busId 3000 commId 0xcca802110949e2f4 - Init START
jwb0311:509450:509687 [2] NCCL INFO ncclCommInitRank comm 0x55daed078a40 rank 2 nranks 32 cudaDev 2 nvmlDev 2 busId 84000 commId 0xcca802110949e2f4 - Init START
jwb0311:509449:509688 [1] NCCL INFO ncclCommInitRank comm 0x55f0588a6f60 rank 1 nranks 32 cudaDev 1 nvmlDev 1 busId 44000 commId 0xcca802110949e2f4 - Init START
jwb0311:509451:509686 [3] NCCL INFO ncclCommInitRank comm 0x55e851db8c00 rank 3 nranks 32 cudaDev 3 nvmlDev 3 busId c4000 commId 0xcca802110949e2f4 - Init START
jwb0314:2367564:2367825 [0] NCCL INFO ncclCommInitRank comm 0x5646c37c6f00 rank 4 nranks 32 cudaDev 0 nvmlDev 0 busId 3000 commId 0xcca802110949e2f4 - Init START
jwb0314:2367565:2367822 [1] NCCL INFO ncclCommInitRank comm 0x55fb28e792b0 rank 5 nranks 32 cudaDev 1 nvmlDev 1 busId 44000 commId 0xcca802110949e2f4 - Init START
jwb0314:2367566:2367824 [2] NCCL INFO ncclCommInitRank comm 0x56443e024c70 rank 6 nranks 32 cudaDev 2 nvmlDev 2 busId 84000 commId 0xcca802110949e2f4 - Init START
jwb0314:2367567:2367823 [3] NCCL INFO ncclCommInitRank comm 0x5556d1cba650 rank 7 nranks 32 cudaDev 3 nvmlDev 3 busId c4000 commId 0xcca802110949e2f4 - Init START
jwb0315:824743:824958 [0] NCCL INFO ncclCommInitRank comm 0x55b449303940 rank 8 nranks 32 cudaDev 0 nvmlDev 0 busId 3000 commId 0xcca802110949e2f4 - Init START
jwb0315:824744:824956 [1] NCCL INFO ncclCommInitRank comm 0x56309a3901a0 rank 9 nranks 32 cudaDev 1 nvmlDev 1 busId 44000 commId 0xcca802110949e2f4 - Init START
jwb0315:824745:824957 [2] NCCL INFO ncclCommInitRank comm 0x5623ca1c49f0 rank 10 nranks 32 cudaDev 2 nvmlDev 2 busId 84000 commId 0xcca802110949e2f4 - Init START
jwb1159:2539088:2539336 [1] NCCL INFO Setting affinity for GPU 1 to 0fc0
jwb1159:2539088:2539336 [1] NCCL INFO NVLS multicast support is not available on dev 1
jwb1155:1076115:1076358 [2] NCCL INFO Setting affinity for GPU 2 to fc00,00000000
jwb1155:1076115:1076358 [2] NCCL INFO NVLS multicast support is not available on dev 2
jwb1155:1076116:1076359 [3] NCCL INFO Setting affinity for GPU 3 to 0f,c0000000
jwb1155:1076116:1076359 [3] NCCL INFO NVLS multicast support is not available on dev 3
jwb1156:4038491:4038729 [1] NCCL INFO Setting affinity for GPU 1 to 0fc0
jwb1156:4038491:4038729 [1] NCCL INFO NVLS multicast support is not available on dev 1
jwb1156:4038490:4038731 [0] NCCL INFO Setting affinity for GPU 0 to fc0000
jwb1156:4038490:4038731 [0] NCCL INFO NVLS multicast support is not available on dev 0
jwb1155:1076114:1076355 [1] NCCL INFO Setting affinity for GPU 1 to 0fc0
jwb1155:1076114:1076355 [1] NCCL INFO NVLS multicast support is not available on dev 1
jwb1155:1076113:1076354 [0] NCCL INFO Setting affinity for GPU 0 to fc0000
jwb1156:4038492:4038730 [2] NCCL INFO Setting affinity for GPU 2 to fc00,00000000
jwb1156:4038493:4038728 [3] NCCL INFO Setting affinity for GPU 3 to 0f,c0000000
jwb1155:1076113:1076354 [0] NCCL INFO NVLS multicast support is not available on dev 0
jwb1156:4038492:4038730 [2] NCCL INFO NVLS multicast support is not available on dev 2
jwb1156:4038493:4038728 [3] NCCL INFO NVLS multicast support is not available on dev 3
jwb0315:824746:824959 [3] NCCL INFO Setting affinity for GPU 3 to 0f,c0000000
jwb0315:824745:824957 [2] NCCL INFO Setting affinity for GPU 2 to fc00,00000000
jwb0315:824745:824957 [2] NCCL INFO NVLS multicast support is not available on dev 2
jwb0315:824743:824958 [0] NCCL INFO Setting affinity for GPU 0 to fc0000
jwb0315:824743:824958 [0] NCCL INFO NVLS multicast support is not available on dev 0
jwb0315:824746:824959 [3] NCCL INFO NVLS multicast support is not available on dev 3
jwb0315:824744:824956 [1] NCCL INFO Setting affinity for GPU 1 to 0fc0
jwb0315:824744:824956 [1] NCCL INFO NVLS multicast support is not available on dev 1
jwb1154:745328:745586 [0] NCCL INFO Setting affinity for GPU 0 to fc0000
jwb1154:745328:745586 [0] NCCL INFO NVLS multicast support is not available on dev 0
jwb1154:745329:745583 [1] NCCL INFO Setting affinity for GPU 1 to 0fc0
jwb1154:745329:745583 [1] NCCL INFO NVLS multicast support is not available on dev 1
jwb1158:89578:89819 [0] NCCL INFO Setting affinity for GPU 0 to fc0000
jwb1158:89578:89819 [0] NCCL INFO NVLS multicast support is not available on dev 0
jwb1154:745331:745584 [3] NCCL INFO Setting affinity for GPU 3 to 0f,c0000000
jwb1158:89580:89818 [2] NCCL INFO Setting affinity for GPU 2 to fc00,00000000
jwb1154:745331:745584 [3] NCCL INFO NVLS multicast support is not available on dev 3
jwb1158:89580:89818 [2] NCCL INFO NVLS multicast support is not available on dev 2
jwb1154:745330:745585 [2] NCCL INFO Setting affinity for GPU 2 to fc00,00000000
jwb1154:745330:745585 [2] NCCL INFO NVLS multicast support is not available on dev 2
jwb1159:2539090:2539335 [3] NCCL INFO Setting affinity for GPU 3 to 0f,c0000000
jwb1158:89579:89817 [1] NCCL INFO Setting affinity for GPU 1 to 0fc0
jwb1159:2539090:2539335 [3] NCCL INFO NVLS multicast support is not available on dev 3
jwb1158:89579:89817 [1] NCCL INFO NVLS multicast support is not available on dev 1
jwb1158:89581:89816 [3] NCCL INFO Setting affinity for GPU 3 to 0f,c0000000
jwb1158:89581:89816 [3] NCCL INFO NVLS multicast support is not available on dev 3
jwb1159:2539087:2539337 [0] NCCL INFO Setting affinity for GPU 0 to fc0000
jwb1159:2539087:2539337 [0] NCCL INFO NVLS multicast support is not available on dev 0
jwb1159:2539089:2539334 [2] NCCL INFO Setting affinity for GPU 2 to fc00,00000000
jwb1159:2539089:2539334 [2] NCCL INFO NVLS multicast support is not available on dev 2
jwb0311:509450:509687 [2] NCCL INFO Setting affinity for GPU 2 to fc00,00000000
jwb0311:509450:509687 [2] NCCL INFO NVLS multicast support is not available on dev 2
jwb0311:509451:509686 [3] NCCL INFO Setting affinity for GPU 3 to 0f,c0000000
jwb0311:509451:509686 [3] NCCL INFO NVLS multicast support is not available on dev 3
jwb0311:509449:509688 [1] NCCL INFO Setting affinity for GPU 1 to 0fc0
jwb0311:509448:509685 [0] NCCL INFO Setting affinity for GPU 0 to fc0000
jwb0311:509449:509688 [1] NCCL INFO NVLS multicast support is not available on dev 1
jwb0311:509448:509685 [0] NCCL INFO NVLS multicast support is not available on dev 0
jwb0314:2367564:2367825 [0] NCCL INFO Setting affinity for GPU 0 to fc0000
jwb0314:2367564:2367825 [0] NCCL INFO NVLS multicast support is not available on dev 0
jwb0314:2367565:2367822 [1] NCCL INFO Setting affinity for GPU 1 to 0fc0
jwb0314:2367565:2367822 [1] NCCL INFO NVLS multicast support is not available on dev 1
jwb0314:2367566:2367824 [2] NCCL INFO Setting affinity for GPU 2 to fc00,00000000
jwb0314:2367566:2367824 [2] NCCL INFO NVLS multicast support is not available on dev 2
jwb0314:2367567:2367823 [3] NCCL INFO Setting affinity for GPU 3 to 0f,c0000000
jwb0314:2367567:2367823 [3] NCCL INFO NVLS multicast support is not available on dev 3
jwb1158:89578:89819 [0] NCCL INFO comm 0x56135fb05b60 rank 24 nRanks 32 nNodes 8 localRanks 4 localRank 0 MNNVL 0
jwb1158:89578:89819 [0] NCCL INFO Trees [0] 25/28/-1->24->16 [1] 25/-1/-1->24->21
jwb1158:89578:89819 [0] NCCL INFO P2P Chunksize set to 131072
jwb1156:4038492:4038730 [2] NCCL INFO comm 0x55a907539ed0 rank 22 nRanks 32 nNodes 8 localRanks 4 localRank 2 MNNVL 0
jwb1156:4038492:4038730 [2] NCCL INFO Trees [0] 23/-1/-1->22->21 [1] 23/-1/-1->22->21
jwb1156:4038492:4038730 [2] NCCL INFO P2P Chunksize set to 131072
jwb1158:89580:89818 [2] NCCL INFO comm 0x56329b29c6d0 rank 26 nRanks 32 nNodes 8 localRanks 4 localRank 2 MNNVL 0
jwb1158:89581:89816 [3] NCCL INFO comm 0x5567983ef470 rank 27 nRanks 32 nNodes 8 localRanks 4 localRank 3 MNNVL 0
jwb1158:89579:89817 [1] NCCL INFO comm 0x55e5b7f0da90 rank 25 nRanks 32 nNodes 8 localRanks 4 localRank 1 MNNVL 0
jwb1158:89581:89816 [3] NCCL INFO Trees [0] -1/-1/-1->27->26 [1] -1/-1/-1->27->26
jwb1158:89581:89816 [3] NCCL INFO P2P Chunksize set to 131072
jwb0311:509451:509686 [3] NCCL INFO comm 0x55e851db8c00 rank 3 nRanks 32 nNodes 8 localRanks 4 localRank 3 MNNVL 0
jwb1158:89580:89818 [2] NCCL INFO Trees [0] 27/-1/-1->26->25 [1] 27/-1/-1->26->25
jwb1158:89580:89818 [2] NCCL INFO P2P Chunksize set to 131072
jwb1159:2539087:2539337 [0] NCCL INFO comm 0x5622a31c4a10 rank 28 nRanks 32 nNodes 8 localRanks 4 localRank 0 MNNVL 0
jwb1159:2539088:2539336 [1] NCCL INFO comm 0x55f4e780eda0 rank 29 nRanks 32 nNodes 8 localRanks 4 localRank 1 MNNVL 0
jwb0311:509451:509686 [3] NCCL INFO Trees [0] -1/-1/-1->3->2 [1] -1/-1/-1->3->2
jwb0311:509451:509686 [3] NCCL INFO P2P Chunksize set to 131072
jwb1158:89579:89817 [1] NCCL INFO Trees [0] 26/20/-1->25->24 [1] 26/-1/-1->25->24
jwb1158:89579:89817 [1] NCCL INFO P2P Chunksize set to 131072
jwb1154:745331:745584 [3] NCCL INFO comm 0x561b29d5f430 rank 15 nRanks 32 nNodes 8 localRanks 4 localRank 3 MNNVL 0
jwb1154:745330:745585 [2] NCCL INFO comm 0x55cba9d007f0 rank 14 nRanks 32 nNodes 8 localRanks 4 localRank 2 MNNVL 0
jwb0311:509449:509688 [1] NCCL INFO comm 0x55f0588a6f60 rank 1 nRanks 32 nNodes 8 localRanks 4 localRank 1 MNNVL 0
jwb1159:2539090:2539335 [3] NCCL INFO comm 0x5616dfe0d410 rank 31 nRanks 32 nNodes 8 localRanks 4 localRank 3 MNNVL 0
jwb1159:2539089:2539334 [2] NCCL INFO comm 0x55aef8b88390 rank 30 nRanks 32 nNodes 8 localRanks 4 localRank 2 MNNVL 0
jwb0314:2367565:2367822 [1] NCCL INFO comm 0x55fb28e792b0 rank 5 nRanks 32 nNodes 8 localRanks 4 localRank 1 MNNVL 0
jwb0314:2367567:2367823 [3] NCCL INFO comm 0x5556d1cba650 rank 7 nRanks 32 nNodes 8 localRanks 4 localRank 3 MNNVL 0
jwb0314:2367566:2367824 [2] NCCL INFO comm 0x56443e024c70 rank 6 nRanks 32 nNodes 8 localRanks 4 localRank 2 MNNVL 0
jwb0314:2367564:2367825 [0] NCCL INFO comm 0x5646c37c6f00 rank 4 nRanks 32 nNodes 8 localRanks 4 localRank 0 MNNVL 0
jwb0314:2367567:2367823 [3] NCCL INFO Trees [0] -1/-1/-1->7->6 [1] -1/-1/-1->7->6
jwb0311:509448:509685 [0] NCCL INFO comm 0x563e891adf70 rank 0 nRanks 32 nNodes 8 localRanks 4 localRank 0 MNNVL 0
jwb0311:509449:509688 [1] NCCL INFO Trees [0] 2/-1/-1->1->0 [1] 2/-1/-1->1->0
jwb0311:509449:509688 [1] NCCL INFO P2P Chunksize set to 131072
jwb1159:2539087:2539337 [0] NCCL INFO Trees [0] 29/-1/-1->28->24 [1] 29/12/-1->28->-1
jwb1159:2539087:2539337 [0] NCCL INFO P2P Chunksize set to 131072
jwb0311:509448:509685 [0] NCCL INFO Channel 00/02 :    0   1   2   3   4   5   6   7   8   9  10  11  12  13  14  15  16  17  18  19
jwb0311:509448:509685 [0] NCCL INFO Channel 01/02 :    0   1   2   3   4   5   6   7   8   9  10  11  12  13  14  15  16  17  18  19
jwb0311:509448:509685 [0] NCCL INFO Trees [0] 1/16/-1->0->-1 [1] 1/-1/-1->0->4
jwb0311:509448:509685 [0] NCCL INFO P2P Chunksize set to 131072
jwb1159:2539089:2539334 [2] NCCL INFO Trees [0] 31/-1/-1->30->29 [1] 31/-1/-1->30->29
jwb1159:2539089:2539334 [2] NCCL INFO P2P Chunksize set to 131072
jwb1159:2539090:2539335 [3] NCCL INFO Trees [0] -1/-1/-1->31->30 [1] -1/-1/-1->31->30
jwb1159:2539088:2539336 [1] NCCL INFO Trees [0] 30/-1/-1->29->28 [1] 30/-1/-1->29->28
jwb1159:2539090:2539335 [3] NCCL INFO P2P Chunksize set to 131072
jwb1159:2539088:2539336 [1] NCCL INFO P2P Chunksize set to 131072
jwb0314:2367567:2367823 [3] NCCL INFO P2P Chunksize set to 131072
jwb0314:2367564:2367825 [0] NCCL INFO Trees [0] 5/-1/-1->4->9 [1] 5/0/-1->4->12
jwb0314:2367566:2367824 [2] NCCL INFO Trees [0] 7/-1/-1->6->5 [1] 7/-1/-1->6->5
jwb0314:2367564:2367825 [0] NCCL INFO P2P Chunksize set to 131072
jwb0314:2367566:2367824 [2] NCCL INFO P2P Chunksize set to 131072
jwb0314:2367565:2367822 [1] NCCL INFO Trees [0] 6/-1/-1->5->4 [1] 6/8/-1->5->4
jwb0314:2367565:2367822 [1] NCCL INFO P2P Chunksize set to 131072
jwb1154:745330:745585 [2] NCCL INFO Trees [0] 15/-1/-1->14->13 [1] 15/-1/-1->14->13
jwb1154:745330:745585 [2] NCCL INFO P2P Chunksize set to 131072
jwb1154:745331:745584 [3] NCCL INFO Trees [0] -1/-1/-1->15->14 [1] -1/-1/-1->15->14
jwb1154:745329:745583 [1] NCCL INFO comm 0x557e2a577840 rank 13 nRanks 32 nNodes 8 localRanks 4 localRank 1 MNNVL 0
jwb1154:745331:745584 [3] NCCL INFO P2P Chunksize set to 131072
jwb1154:745328:745586 [0] NCCL INFO comm 0x5648b9be4650 rank 12 nRanks 32 nNodes 8 localRanks 4 localRank 0 MNNVL 0
jwb1154:745329:745583 [1] NCCL INFO Trees [0] 14/-1/-1->13->12 [1] 14/20/-1->13->12
jwb1156:4038493:4038728 [3] NCCL INFO comm 0x5586970851b0 rank 23 nRanks 32 nNodes 8 localRanks 4 localRank 3 MNNVL 0
jwb1156:4038490:4038731 [0] NCCL INFO comm 0x55cdcb5caee0 rank 20 nRanks 32 nNodes 8 localRanks 4 localRank 0 MNNVL 0
jwb0315:824746:824959 [3] NCCL INFO comm 0x560b7c42bd50 rank 11 nRanks 32 nNodes 8 localRanks 4 localRank 3 MNNVL 0
jwb0315:824744:824956 [1] NCCL INFO comm 0x56309a3901a0 rank 9 nRanks 32 nNodes 8 localRanks 4 localRank 1 MNNVL 0
jwb0315:824743:824958 [0] NCCL INFO comm 0x55b449303940 rank 8 nRanks 32 nNodes 8 localRanks 4 localRank 0 MNNVL 0
jwb0315:824745:824957 [2] NCCL INFO comm 0x5623ca1c49f0 rank 10 nRanks 32 nNodes 8 localRanks 4 localRank 2 MNNVL 0
jwb0315:824743:824958 [0] NCCL INFO Trees [0] 9/12/-1->8->17 [1] 9/-1/-1->8->5
jwb0315:824743:824958 [0] NCCL INFO P2P Chunksize set to 131072
jwb0315:824745:824957 [2] NCCL INFO Trees [0] 11/-1/-1->10->9 [1] 11/-1/-1->10->9
jwb0315:824745:824957 [2] NCCL INFO P2P Chunksize set to 131072
jwb0315:824746:824959 [3] NCCL INFO Trees [0] -1/-1/-1->11->10 [1] -1/-1/-1->11->10
jwb0315:824746:824959 [3] NCCL INFO P2P Chunksize set to 131072
jwb1154:745329:745583 [1] NCCL INFO P2P Chunksize set to 131072
jwb1154:745328:745586 [0] NCCL INFO Trees [0] 13/-1/-1->12->8 [1] 13/4/-1->12->28
jwb1154:745328:745586 [0] NCCL INFO P2P Chunksize set to 131072
jwb1155:1076115:1076358 [2] NCCL INFO comm 0x55e899dbcb40 rank 18 nRanks 32 nNodes 8 localRanks 4 localRank 2 MNNVL 0
jwb1155:1076115:1076358 [2] NCCL INFO Trees [0] 19/-1/-1->18->17 [1] 19/-1/-1->18->17
jwb1155:1076115:1076358 [2] NCCL INFO P2P Chunksize set to 131072
jwb1155:1076113:1076354 [0] NCCL INFO comm 0x5573a32c15d0 rank 16 nRanks 32 nNodes 8 localRanks 4 localRank 0 MNNVL 0
jwb1155:1076114:1076355 [1] NCCL INFO comm 0x55b8e64adf10 rank 17 nRanks 32 nNodes 8 localRanks 4 localRank 1 MNNVL 0
jwb1155:1076116:1076359 [3] NCCL INFO comm 0x562247846ae0 rank 19 nRanks 32 nNodes 8 localRanks 4 localRank 3 MNNVL 0
jwb0315:824744:824956 [1] NCCL INFO Trees [0] 10/4/-1->9->8 [1] 10/-1/-1->9->8
jwb0315:824744:824956 [1] NCCL INFO P2P Chunksize set to 131072
jwb0311:509450:509687 [2] NCCL INFO comm 0x55daed078a40 rank 2 nRanks 32 nNodes 8 localRanks 4 localRank 2 MNNVL 0
jwb0311:509450:509687 [2] NCCL INFO Trees [0] 3/-1/-1->2->1 [1] 3/-1/-1->2->1
jwb0311:509450:509687 [2] NCCL INFO P2P Chunksize set to 131072
jwb1156:4038493:4038728 [3] NCCL INFO Trees [0] -1/-1/-1->23->22 [1] -1/-1/-1->23->22
jwb1156:4038491:4038729 [1] NCCL INFO comm 0x55c8aa0b71c0 rank 21 nRanks 32 nNodes 8 localRanks 4 localRank 1 MNNVL 0
jwb1156:4038493:4038728 [3] NCCL INFO P2P Chunksize set to 131072
jwb1156:4038490:4038731 [0] NCCL INFO Trees [0] 21/-1/-1->20->25 [1] 21/16/-1->20->13
jwb1156:4038490:4038731 [0] NCCL INFO P2P Chunksize set to 131072
jwb1155:1076113:1076354 [0] NCCL INFO Trees [0] 17/24/-1->16->0 [1] 17/-1/-1->16->20
jwb1155:1076113:1076354 [0] NCCL INFO P2P Chunksize set to 131072
jwb1155:1076116:1076359 [3] NCCL INFO Trees [0] -1/-1/-1->19->18 [1] -1/-1/-1->19->18
jwb1155:1076114:1076355 [1] NCCL INFO Trees [0] 18/8/-1->17->16 [1] 18/-1/-1->17->16
jwb1155:1076116:1076359 [3] NCCL INFO P2P Chunksize set to 131072
jwb1155:1076114:1076355 [1] NCCL INFO P2P Chunksize set to 131072
jwb1156:4038491:4038729 [1] NCCL INFO Trees [0] 22/-1/-1->21->20 [1] 22/24/-1->21->20
jwb1156:4038491:4038729 [1] NCCL INFO P2P Chunksize set to 131072
jwb1156:4038492:4038730 [2] NCCL INFO Channel 00/0 : 22[2] -> 23[3] via P2P/CUMEM/read
jwb0314:2367565:2367822 [1] NCCL INFO Channel 00/0 : 5[1] -> 6[2] via P2P/CUMEM/read
jwb1155:1076115:1076358 [2] NCCL INFO Channel 00/0 : 18[2] -> 19[3] via P2P/CUMEM/read
jwb1158:89580:89818 [2] NCCL INFO Channel 00/0 : 26[2] -> 27[3] via P2P/CUMEM/read
jwb1154:745329:745583 [1] NCCL INFO Channel 00/0 : 13[1] -> 14[2] via P2P/CUMEM/read
jwb1156:4038492:4038730 [2] NCCL INFO Channel 01/0 : 22[2] -> 23[3] via P2P/CUMEM/read
jwb0314:2367565:2367822 [1] NCCL INFO Channel 01/0 : 5[1] -> 6[2] via P2P/CUMEM/read
jwb1159:2539088:2539336 [1] NCCL INFO Channel 00/0 : 29[1] -> 30[2] via P2P/CUMEM/read
jwb1158:89580:89818 [2] NCCL INFO Channel 01/0 : 26[2] -> 27[3] via P2P/CUMEM/read
jwb0315:824745:824957 [2] NCCL INFO Channel 00/0 : 10[2] -> 11[3] via P2P/CUMEM/read
jwb1155:1076115:1076358 [2] NCCL INFO Channel 01/0 : 18[2] -> 19[3] via P2P/CUMEM/read
jwb1158:89579:89817 [1] NCCL INFO Channel 00/0 : 25[1] -> 26[2] via P2P/CUMEM/read
jwb1154:745329:745583 [1] NCCL INFO Channel 01/0 : 13[1] -> 14[2] via P2P/CUMEM/read
jwb1159:2539088:2539336 [1] NCCL INFO Channel 01/0 : 29[1] -> 30[2] via P2P/CUMEM/read
jwb1154:745330:745585 [2] NCCL INFO Channel 00/0 : 14[2] -> 15[3] via P2P/CUMEM/read
jwb1158:89579:89817 [1] NCCL INFO Channel 01/0 : 25[1] -> 26[2] via P2P/CUMEM/read
jwb0315:824745:824957 [2] NCCL INFO Channel 01/0 : 10[2] -> 11[3] via P2P/CUMEM/read
jwb0315:824744:824956 [1] NCCL INFO Channel 00/0 : 9[1] -> 10[2] via P2P/CUMEM/read
jwb1156:4038491:4038729 [1] NCCL INFO Channel 00/0 : 21[1] -> 22[2] via P2P/CUMEM/read
jwb1154:745330:745585 [2] NCCL INFO Channel 01/0 : 14[2] -> 15[3] via P2P/CUMEM/read
jwb0311:509449:509688 [1] NCCL INFO Channel 00/0 : 1[1] -> 2[2] via P2P/CUMEM/read
jwb1159:2539089:2539334 [2] NCCL INFO Channel 00/0 : 30[2] -> 31[3] via P2P/CUMEM/read
jwb0311:509450:509687 [2] NCCL INFO Channel 00/0 : 2[2] -> 3[3] via P2P/CUMEM/read
jwb1155:1076114:1076355 [1] NCCL INFO Channel 00/0 : 17[1] -> 18[2] via P2P/CUMEM/read
jwb0314:2367566:2367824 [2] NCCL INFO Channel 00/0 : 6[2] -> 7[3] via P2P/CUMEM/read
jwb0311:509449:509688 [1] NCCL INFO Channel 01/0 : 1[1] -> 2[2] via P2P/CUMEM/read
jwb1159:2539089:2539334 [2] NCCL INFO Channel 01/0 : 30[2] -> 31[3] via P2P/CUMEM/read
jwb1156:4038491:4038729 [1] NCCL INFO Channel 01/0 : 21[1] -> 22[2] via P2P/CUMEM/read
jwb0311:509450:509687 [2] NCCL INFO Channel 01/0 : 2[2] -> 3[3] via P2P/CUMEM/read
jwb1155:1076114:1076355 [1] NCCL INFO Channel 01/0 : 17[1] -> 18[2] via P2P/CUMEM/read
jwb0315:824744:824956 [1] NCCL INFO Channel 01/0 : 9[1] -> 10[2] via P2P/CUMEM/read
jwb0314:2367566:2367824 [2] NCCL INFO Channel 01/0 : 6[2] -> 7[3] via P2P/CUMEM/read
jwb0314:2367564:2367825 [0] NCCL INFO Channel 00/0 : 3[3] -> 4[0] [receive] via NET/Socket/0
jwb1159:2539087:2539337 [0] NCCL INFO Channel 00/0 : 27[3] -> 28[0] [receive] via NET/Socket/0
jwb1159:2539087:2539337 [0] NCCL INFO Channel 01/0 : 27[3] -> 28[0] [receive] via NET/Socket/0
jwb1159:2539087:2539337 [0] NCCL INFO Channel 00/0 : 28[0] -> 29[1] via P2P/CUMEM/read
jwb1156:4038490:4038731 [0] NCCL INFO Channel 00/0 : 19[3] -> 20[0] [receive] via NET/Socket/0
jwb0311:509451:509686 [3] NCCL INFO Channel 00/0 : 3[3] -> 4[0] [send] via NET/Socket/0
jwb0314:2367564:2367825 [0] NCCL INFO Channel 01/0 : 3[3] -> 4[0] [receive] via NET/Socket/0
jwb0314:2367564:2367825 [0] NCCL INFO Channel 00/0 : 4[0] -> 5[1] via P2P/CUMEM/read
jwb1158:89578:89819 [0] NCCL INFO Channel 00/0 : 23[3] -> 24[0] [receive] via NET/Socket/0
jwb1156:4038490:4038731 [0] NCCL INFO Channel 01/0 : 19[3] -> 20[0] [receive] via NET/Socket/0
jwb1156:4038490:4038731 [0] NCCL INFO Channel 00/0 : 20[0] -> 21[1] via P2P/CUMEM/read
jwb1159:2539087:2539337 [0] NCCL INFO Channel 01/0 : 28[0] -> 29[1] via P2P/CUMEM/read
jwb0311:509451:509686 [3] NCCL INFO Channel 01/0 : 3[3] -> 4[0] [send] via NET/Socket/0
jwb0314:2367564:2367825 [0] NCCL INFO Channel 01/0 : 4[0] -> 5[1] via P2P/CUMEM/read
jwb0314:2367567:2367823 [3] NCCL INFO Channel 00/0 : 7[3] -> 8[0] [send] via NET/Socket/0
jwb1158:89578:89819 [0] NCCL INFO Channel 01/0 : 23[3] -> 24[0] [receive] via NET/Socket/0
jwb1158:89578:89819 [0] NCCL INFO Channel 00/0 : 24[0] -> 25[1] via P2P/CUMEM/read
jwb0315:824743:824958 [0] NCCL INFO Channel 00/0 : 7[3] -> 8[0] [receive] via NET/Socket/0
jwb0314:2367567:2367823 [3] NCCL INFO Channel 01/0 : 7[3] -> 8[0] [send] via NET/Socket/0
jwb1158:89581:89816 [3] NCCL INFO Channel 00/0 : 27[3] -> 28[0] [send] via NET/Socket/0
jwb1159:2539090:2539335 [3] NCCL INFO Channel 00/0 : 31[3] -> 0[0] [send] via NET/Socket/0
jwb1156:4038490:4038731 [0] NCCL INFO Channel 01/0 : 20[0] -> 21[1] via P2P/CUMEM/read
jwb1158:89581:89816 [3] NCCL INFO Channel 01/0 : 27[3] -> 28[0] [send] via NET/Socket/0
jwb1154:745328:745586 [0] NCCL INFO Channel 00/0 : 11[3] -> 12[0] [receive] via NET/Socket/0
jwb1158:89578:89819 [0] NCCL INFO Channel 01/0 : 24[0] -> 25[1] via P2P/CUMEM/read
jwb1159:2539090:2539335 [3] NCCL INFO Channel 01/0 : 31[3] -> 0[0] [send] via NET/Socket/0
jwb1155:1076113:1076354 [0] NCCL INFO Channel 00/0 : 15[3] -> 16[0] [receive] via NET/Socket/0
jwb1154:745331:745584 [3] NCCL INFO Channel 00/0 : 15[3] -> 16[0] [send] via NET/Socket/0
jwb0315:824743:824958 [0] NCCL INFO Channel 01/0 : 7[3] -> 8[0] [receive] via NET/Socket/0
jwb0315:824743:824958 [0] NCCL INFO Channel 00/0 : 8[0] -> 9[1] via P2P/CUMEM/read
jwb1154:745328:745586 [0] NCCL INFO Channel 01/0 : 11[3] -> 12[0] [receive] via NET/Socket/0
jwb0311:509448:509685 [0] NCCL INFO Channel 00/0 : 31[3] -> 0[0] [receive] via NET/Socket/0
jwb1155:1076113:1076354 [0] NCCL INFO Channel 01/0 : 15[3] -> 16[0] [receive] via NET/Socket/0
jwb1155:1076113:1076354 [0] NCCL INFO Channel 00/0 : 16[0] -> 17[1] via P2P/CUMEM/read
jwb1154:745328:745586 [0] NCCL INFO Channel 00/0 : 12[0] -> 13[1] via P2P/CUMEM/read
jwb1154:745331:745584 [3] NCCL INFO Channel 01/0 : 15[3] -> 16[0] [send] via NET/Socket/0
jwb0315:824743:824958 [0] NCCL INFO Channel 01/0 : 8[0] -> 9[1] via P2P/CUMEM/read
jwb1154:745328:745586 [0] NCCL INFO Channel 01/0 : 12[0] -> 13[1] via P2P/CUMEM/read
jwb0311:509448:509685 [0] NCCL INFO Channel 01/0 : 31[3] -> 0[0] [receive] via NET/Socket/0
jwb1155:1076113:1076354 [0] NCCL INFO Channel 01/0 : 16[0] -> 17[1] via P2P/CUMEM/read
jwb0311:509448:509685 [0] NCCL INFO Channel 00/0 : 0[0] -> 1[1] via P2P/CUMEM/read
jwb1155:1076116:1076359 [3] NCCL INFO Channel 00/0 : 19[3] -> 20[0] [send] via NET/Socket/0
jwb1156:4038493:4038728 [3] NCCL INFO Channel 00/0 : 23[3] -> 24[0] [send] via NET/Socket/0
jwb1156:4038493:4038728 [3] NCCL INFO Channel 01/0 : 23[3] -> 24[0] [send] via NET/Socket/0
jwb1155:1076116:1076359 [3] NCCL INFO Channel 01/0 : 19[3] -> 20[0] [send] via NET/Socket/0
jwb0311:509448:509685 [0] NCCL INFO Channel 01/0 : 0[0] -> 1[1] via P2P/CUMEM/read
jwb0315:824746:824959 [3] NCCL INFO Channel 00/0 : 11[3] -> 12[0] [send] via NET/Socket/0
jwb0315:824746:824959 [3] NCCL INFO Channel 01/0 : 11[3] -> 12[0] [send] via NET/Socket/0
jwb1156:4038492:4038730 [2] NCCL INFO Connected all rings
jwb1156:4038492:4038730 [2] NCCL INFO Channel 00/0 : 22[2] -> 21[1] via P2P/CUMEM/read
jwb1156:4038492:4038730 [2] NCCL INFO Channel 01/0 : 22[2] -> 21[1] via P2P/CUMEM/read
jwb1155:1076115:1076358 [2] NCCL INFO Connected all rings
jwb1156:4038491:4038729 [1] NCCL INFO Connected all rings
jwb1156:4038490:4038731 [0] NCCL INFO Connected all rings
jwb1155:1076116:1076359 [3] NCCL INFO Connected all rings
jwb1155:1076116:1076359 [3] NCCL INFO Channel 00/0 : 19[3] -> 18[2] via P2P/CUMEM/read
jwb1156:4038490:4038731 [0] NCCL INFO Channel 01/0 : 16[0] -> 20[0] [receive] via NET/Socket/0
jwb1155:1076116:1076359 [3] NCCL INFO Channel 01/0 : 19[3] -> 18[2] via P2P/CUMEM/read
jwb1155:1076115:1076358 [2] NCCL INFO Channel 00/0 : 18[2] -> 17[1] via P2P/CUMEM/read
jwb1155:1076115:1076358 [2] NCCL INFO Channel 01/0 : 18[2] -> 17[1] via P2P/CUMEM/read
jwb1158:89580:89818 [2] NCCL INFO Connected all rings
jwb1158:89580:89818 [2] NCCL INFO Channel 00/0 : 26[2] -> 25[1] via P2P/CUMEM/read
jwb1158:89580:89818 [2] NCCL INFO Channel 01/0 : 26[2] -> 25[1] via P2P/CUMEM/read
jwb0314:2367566:2367824 [2] NCCL INFO Connected all rings
jwb0314:2367566:2367824 [2] NCCL INFO Channel 00/0 : 6[2] -> 5[1] via P2P/CUMEM/read
jwb0314:2367566:2367824 [2] NCCL INFO Channel 01/0 : 6[2] -> 5[1] via P2P/CUMEM/read
jwb1159:2539089:2539334 [2] NCCL INFO Connected all rings
jwb0314:2367565:2367822 [1] NCCL INFO Connected all rings
jwb0311:509451:509686 [3] NCCL INFO Connected all rings
jwb0311:509451:509686 [3] NCCL INFO Channel 00/0 : 3[3] -> 2[2] via P2P/CUMEM/read
jwb0314:2367564:2367825 [0] NCCL INFO Connected all rings
jwb1158:89579:89817 [1] NCCL INFO Connected all rings
jwb1159:2539089:2539334 [2] NCCL INFO Channel 00/0 : 30[2] -> 29[1] via P2P/CUMEM/read
jwb1155:1076114:1076355 [1] NCCL INFO Connected all rings
jwb1158:89578:89819 [0] NCCL INFO Connected all rings
jwb1159:2539089:2539334 [2] NCCL INFO Channel 01/0 : 30[2] -> 29[1] via P2P/CUMEM/read
jwb1159:2539088:2539336 [1] NCCL INFO Connected all rings
jwb1155:1076113:1076354 [0] NCCL INFO Connected all rings
jwb1154:745331:745584 [3] NCCL INFO Connected all rings
jwb1156:4038493:4038728 [3] NCCL INFO Connected all rings
jwb1156:4038493:4038728 [3] NCCL INFO Channel 00/0 : 23[3] -> 22[2] via P2P/CUMEM/read
jwb0314:2367564:2367825 [0] NCCL INFO Channel 01/0 : 0[0] -> 4[0] [receive] via NET/Socket/0
jwb1154:745331:745584 [3] NCCL INFO Channel 00/0 : 15[3] -> 14[2] via P2P/CUMEM/read
jwb1158:89581:89816 [3] NCCL INFO Connected all rings
jwb1159:2539087:2539337 [0] NCCL INFO Connected all rings
jwb1158:89581:89816 [3] NCCL INFO Channel 00/0 : 27[3] -> 26[2] via P2P/CUMEM/read
jwb1155:1076113:1076354 [0] NCCL INFO Channel 01/0 : 16[0] -> 20[0] [send] via NET/Socket/0
jwb1158:89578:89819 [0] NCCL INFO Channel 01/0 : 21[1] -> 24[0] [receive] via NET/Socket/0
jwb1156:4038493:4038728 [3] NCCL INFO Channel 01/0 : 23[3] -> 22[2] via P2P/CUMEM/read
jwb1158:89581:89816 [3] NCCL INFO Channel 01/0 : 27[3] -> 26[2] via P2P/CUMEM/read
jwb1159:2539087:2539337 [0] NCCL INFO Channel 00/0 : 24[0] -> 28[0] [receive] via NET/Socket/0
jwb1159:2539088:2539336 [1] NCCL INFO Channel 00/0 : 29[1] -> 28[0] via P2P/CUMEM/read
jwb0311:509451:509686 [3] NCCL INFO Channel 01/0 : 3[3] -> 2[2] via P2P/CUMEM/read
jwb1155:1076113:1076354 [0] NCCL INFO Channel 00/0 : 16[0] -> 24[0] [send] via NET/Socket/0
jwb1156:4038490:4038731 [0] NCCL INFO Channel 00/0 : 20[0] -> 25[1] [send] via NET/Socket/0
jwb0311:509450:509687 [2] NCCL INFO Connected all rings
jwb0314:2367567:2367823 [3] NCCL INFO Connected all rings
jwb0314:2367567:2367823 [3] NCCL INFO Channel 00/0 : 7[3] -> 6[2] via P2P/CUMEM/read
jwb0315:824743:824958 [0] NCCL INFO Connected all rings
jwb1159:2539088:2539336 [1] NCCL INFO Channel 01/0 : 29[1] -> 28[0] via P2P/CUMEM/read
jwb0314:2367567:2367823 [3] NCCL INFO Channel 01/0 : 7[3] -> 6[2] via P2P/CUMEM/read
jwb1156:4038491:4038729 [1] NCCL INFO Channel 01/0 : 21[1] -> 24[0] [send] via NET/Socket/0
jwb0315:824744:824956 [1] NCCL INFO Connected all rings
jwb0315:824743:824958 [0] NCCL INFO Channel 01/0 : 5[1] -> 8[0] [receive] via NET/Socket/0
jwb0311:509450:509687 [2] NCCL INFO Channel 00/0 : 2[2] -> 1[1] via P2P/CUMEM/read
jwb0315:824745:824957 [2] NCCL INFO Connected all rings
jwb1158:89578:89819 [0] NCCL INFO Channel 00/0 : 24[0] -> 28[0] [send] via NET/Socket/0
jwb0311:509450:509687 [2] NCCL INFO Channel 01/0 : 2[2] -> 1[1] via P2P/CUMEM/read
jwb1156:4038491:4038729 [1] NCCL INFO Channel 01/0 : 24[0] -> 21[1] [receive] via NET/Socket/0
jwb1158:89578:89819 [0] NCCL INFO Channel 00/0 : 16[0] -> 24[0] [receive] via NET/Socket/0
jwb1159:2539087:2539337 [0] NCCL INFO Channel 01/0 : 12[0] -> 28[0] [receive] via NET/Socket/0
jwb0315:824745:824957 [2] NCCL INFO Channel 00/0 : 10[2] -> 9[1] via P2P/CUMEM/read
jwb1159:2539087:2539337 [0] NCCL INFO Channel 01/0 : 28[0] -> 12[0] [send] via NET/Socket/0
jwb1158:89578:89819 [0] NCCL INFO Channel 00/0 : 24[0] -> 16[0] [send] via NET/Socket/0
jwb1155:1076113:1076354 [0] NCCL INFO Channel 00/0 : 0[0] -> 16[0] [receive] via NET/Socket/0
jwb0315:824745:824957 [2] NCCL INFO Channel 01/0 : 10[2] -> 9[1] via P2P/CUMEM/read
jwb1155:1076113:1076354 [0] NCCL INFO Channel 00/0 : 16[0] -> 0[0] [send] via NET/Socket/0
jwb0311:509449:509688 [1] NCCL INFO Connected all rings
jwb0311:509448:509685 [0] NCCL INFO Connected all rings
jwb1159:2539090:2539335 [3] NCCL INFO Connected all rings
jwb1159:2539090:2539335 [3] NCCL INFO Channel 00/0 : 31[3] -> 30[2] via P2P/CUMEM/read
jwb1154:745331:745584 [3] NCCL INFO Channel 01/0 : 15[3] -> 14[2] via P2P/CUMEM/read
jwb0311:509448:509685 [0] NCCL INFO Channel 01/0 : 0[0] -> 4[0] [send] via NET/Socket/0
jwb1159:2539090:2539335 [3] NCCL INFO Channel 01/0 : 31[3] -> 30[2] via P2P/CUMEM/read
jwb0311:509448:509685 [0] NCCL INFO Channel 00/0 : 16[0] -> 0[0] [receive] via NET/Socket/0
jwb0314:2367565:2367822 [1] NCCL INFO Channel 01/0 : 5[1] -> 8[0] [send] via NET/Socket/0
jwb0314:2367564:2367825 [0] NCCL INFO Channel 00/0 : 4[0] -> 9[1] [send] via NET/Socket/0
jwb0311:509448:509685 [0] NCCL INFO Channel 00/0 : 0[0] -> 16[0] [send] via NET/Socket/0
jwb1158:89579:89817 [1] NCCL INFO Channel 00/0 : 20[0] -> 25[1] [receive] via NET/Socket/0
jwb0311:509449:509688 [1] NCCL INFO Channel 00/0 : 1[1] -> 0[0] via P2P/CUMEM/read
jwb1155:1076114:1076355 [1] NCCL INFO Channel 00/0 : 8[0] -> 17[1] [receive] via NET/Socket/0
jwb0314:2367565:2367822 [1] NCCL INFO Channel 01/0 : 8[0] -> 5[1] [receive] via NET/Socket/0
jwb0311:509448:509685 [0] NCCL INFO Channel 01/0 : 4[0] -> 0[0] [receive] via NET/Socket/0
jwb0315:824743:824958 [0] NCCL INFO Channel 00/0 : 8[0] -> 12[0] [send] via NET/Socket/0
jwb0311:509449:509688 [1] NCCL INFO Channel 01/0 : 1[1] -> 0[0] via P2P/CUMEM/read
jwb1155:1076113:1076354 [0] NCCL INFO Channel 00/0 : 24[0] -> 16[0] [receive] via NET/Socket/0
jwb1158:89579:89817 [1] NCCL INFO Channel 00/0 : 25[1] -> 20[0] [send] via NET/Socket/0
jwb0315:824746:824959 [3] NCCL INFO Connected all rings
jwb0315:824746:824959 [3] NCCL INFO Channel 00/0 : 11[3] -> 10[2] via P2P/CUMEM/read
jwb1156:4038490:4038731 [0] NCCL INFO Channel 01/0 : 13[1] -> 20[0] [receive] via NET/Socket/0
jwb1158:89578:89819 [0] NCCL INFO Channel 00/0 : 28[0] -> 24[0] [receive] via NET/Socket/0
jwb1155:1076113:1076354 [0] NCCL INFO Channel 01/0 : 20[0] -> 16[0] [receive] via NET/Socket/0
jwb0315:824746:824959 [3] NCCL INFO Channel 01/0 : 11[3] -> 10[2] via P2P/CUMEM/read
jwb1154:745330:745585 [2] NCCL INFO Connected all rings
jwb1154:745328:745586 [0] NCCL INFO Connected all rings
jwb1154:745329:745583 [1] NCCL INFO Connected all rings
jwb0315:824744:824956 [1] NCCL INFO Channel 00/0 : 4[0] -> 9[1] [receive] via NET/Socket/0
jwb1154:745328:745586 [0] NCCL INFO Channel 00/0 : 8[0] -> 12[0] [receive] via NET/Socket/0
jwb0314:2367564:2367825 [0] NCCL INFO Channel 01/0 : 4[0] -> 12[0] [send] via NET/Socket/0
jwb1154:745330:745585 [2] NCCL INFO Channel 00/0 : 14[2] -> 13[1] via P2P/CUMEM/read
jwb0315:824744:824956 [1] NCCL INFO Channel 00/0 : 9[1] -> 4[0] [send] via NET/Socket/0
jwb1154:745330:745585 [2] NCCL INFO Channel 01/0 : 14[2] -> 13[1] via P2P/CUMEM/read
jwb1154:745328:745586 [0] NCCL INFO Channel 01/0 : 4[0] -> 12[0] [receive] via NET/Socket/0
jwb0315:824743:824958 [0] NCCL INFO Channel 00/0 : 8[0] -> 17[1] [send] via NET/Socket/0
jwb1154:745328:745586 [0] NCCL INFO Channel 01/0 : 28[0] -> 12[0] [receive] via NET/Socket/0
jwb1155:1076114:1076355 [1] NCCL INFO Channel 00/0 : 17[1] -> 8[0] [send] via NET/Socket/0
jwb0314:2367564:2367825 [0] NCCL INFO Channel 01/0 : 12[0] -> 4[0] [receive] via NET/Socket/0
jwb1154:745328:745586 [0] NCCL INFO Channel 01/0 : 12[0] -> 28[0] [send] via NET/Socket/0
jwb0315:824743:824958 [0] NCCL INFO Channel 00/0 : 17[1] -> 8[0] [receive] via NET/Socket/0
jwb1154:745328:745586 [0] NCCL INFO Channel 01/0 : 12[0] -> 4[0] [send] via NET/Socket/0
jwb1159:2539087:2539337 [0] NCCL INFO Channel 00/0 : 28[0] -> 24[0] [send] via NET/Socket/0
jwb0315:824743:824958 [0] NCCL INFO Channel 00/0 : 12[0] -> 8[0] [receive] via NET/Socket/0
jwb1154:745328:745586 [0] NCCL INFO Channel 00/0 : 12[0] -> 8[0] [send] via NET/Socket/0
jwb1158:89578:89819 [0] NCCL INFO Channel 01/0 : 24[0] -> 21[1] [send] via NET/Socket/0
jwb0314:2367564:2367825 [0] NCCL INFO Channel 00/0 : 9[1] -> 4[0] [receive] via NET/Socket/0
jwb1155:1076114:1076355 [1] NCCL INFO Channel 00/0 : 17[1] -> 16[0] via P2P/CUMEM/read
jwb0314:2367564:2367825 [0] NCCL INFO Channel 01/0 : 4[0] -> 0[0] [send] via NET/Socket/0
jwb0315:824743:824958 [0] NCCL INFO Channel 01/0 : 8[0] -> 5[1] [send] via NET/Socket/0
jwb1155:1076114:1076355 [1] NCCL INFO Channel 01/0 : 17[1] -> 16[0] via P2P/CUMEM/read
jwb1156:4038491:4038729 [1] NCCL INFO Channel 00/0 : 21[1] -> 20[0] via P2P/CUMEM/read
jwb1156:4038491:4038729 [1] NCCL INFO Channel 01/0 : 21[1] -> 20[0] via P2P/CUMEM/read
jwb0314:2367565:2367822 [1] NCCL INFO Channel 00/0 : 5[1] -> 4[0] via P2P/CUMEM/read
jwb0314:2367565:2367822 [1] NCCL INFO Channel 01/0 : 5[1] -> 4[0] via P2P/CUMEM/read
jwb0315:824744:824956 [1] NCCL INFO Channel 00/0 : 9[1] -> 8[0] via P2P/CUMEM/read
jwb0315:824744:824956 [1] NCCL INFO Channel 01/0 : 9[1] -> 8[0] via P2P/CUMEM/read
jwb1154:745329:745583 [1] NCCL INFO Channel 01/0 : 13[1] -> 20[0] [send] via NET/Socket/0
jwb0311:509451:509686 [3] NCCL INFO Connected all trees
jwb0311:509451:509686 [3] NCCL INFO threadThresholds 8/8/64 | 256/8/64 | 512 | 512
jwb0311:509451:509686 [3] NCCL INFO 2 coll channels, 2 collnet channels, 0 nvls channels, 2 p2p channels, 1 p2p channels per peer
jwb1154:745329:745583 [1] NCCL INFO Channel 01/0 : 20[0] -> 13[1] [receive] via NET/Socket/0
jwb1156:4038490:4038731 [0] NCCL INFO Channel 01/0 : 20[0] -> 13[1] [send] via NET/Socket/0
jwb1156:4038490:4038731 [0] NCCL INFO Channel 00/0 : 25[1] -> 20[0] [receive] via NET/Socket/0
jwb1154:745329:745583 [1] NCCL INFO Channel 00/0 : 13[1] -> 12[0] via P2P/CUMEM/read
jwb1156:4038490:4038731 [0] NCCL INFO Channel 01/0 : 20[0] -> 16[0] [send] via NET/Socket/0
jwb1154:745329:745583 [1] NCCL INFO Channel 01/0 : 13[1] -> 12[0] via P2P/CUMEM/read
jwb1158:89579:89817 [1] NCCL INFO Channel 00/0 : 25[1] -> 24[0] via P2P/CUMEM/read
jwb1158:89579:89817 [1] NCCL INFO Channel 01/0 : 25[1] -> 24[0] via P2P/CUMEM/read
jwb1155:1076116:1076359 [3] NCCL INFO Connected all trees
jwb1155:1076116:1076359 [3] NCCL INFO threadThresholds 8/8/64 | 256/8/64 | 512 | 512
jwb1155:1076116:1076359 [3] NCCL INFO 2 coll channels, 2 collnet channels, 0 nvls channels, 2 p2p channels, 1 p2p channels per peer
jwb1159:2539090:2539335 [3] NCCL INFO Connected all trees
jwb1159:2539090:2539335 [3] NCCL INFO threadThresholds 8/8/64 | 256/8/64 | 512 | 512
jwb1159:2539090:2539335 [3] NCCL INFO 2 coll channels, 2 collnet channels, 0 nvls channels, 2 p2p channels, 1 p2p channels per peer
jwb0315:824746:824959 [3] NCCL INFO Connected all trees
jwb0315:824746:824959 [3] NCCL INFO threadThresholds 8/8/64 | 256/8/64 | 512 | 512
jwb0315:824746:824959 [3] NCCL INFO 2 coll channels, 2 collnet channels, 0 nvls channels, 2 p2p channels, 1 p2p channels per peer
jwb0311:509450:509687 [2] NCCL INFO Connected all trees
jwb0311:509450:509687 [2] NCCL INFO threadThresholds 8/8/64 | 256/8/64 | 512 | 512
jwb0311:509450:509687 [2] NCCL INFO 2 coll channels, 2 collnet channels, 0 nvls channels, 2 p2p channels, 1 p2p channels per peer
jwb1156:4038493:4038728 [3] NCCL INFO Connected all trees
jwb1156:4038493:4038728 [3] NCCL INFO threadThresholds 8/8/64 | 256/8/64 | 512 | 512
jwb1156:4038493:4038728 [3] NCCL INFO 2 coll channels, 2 collnet channels, 0 nvls channels, 2 p2p channels, 1 p2p channels per peer
jwb1154:745331:745584 [3] NCCL INFO Connected all trees
jwb1154:745331:745584 [3] NCCL INFO threadThresholds 8/8/64 | 256/8/64 | 512 | 512
jwb1154:745331:745584 [3] NCCL INFO 2 coll channels, 2 collnet channels, 0 nvls channels, 2 p2p channels, 1 p2p channels per peer
jwb1159:2539089:2539334 [2] NCCL INFO Connected all trees
jwb1159:2539089:2539334 [2] NCCL INFO threadThresholds 8/8/64 | 256/8/64 | 512 | 512
jwb1159:2539089:2539334 [2] NCCL INFO 2 coll channels, 2 collnet channels, 0 nvls channels, 2 p2p channels, 1 p2p channels per peer
jwb0314:2367567:2367823 [3] NCCL INFO Connected all trees
jwb0314:2367567:2367823 [3] NCCL INFO threadThresholds 8/8/64 | 256/8/64 | 512 | 512
jwb0314:2367567:2367823 [3] NCCL INFO 2 coll channels, 2 collnet channels, 0 nvls channels, 2 p2p channels, 1 p2p channels per peer
jwb1158:89581:89816 [3] NCCL INFO Connected all trees
jwb1158:89581:89816 [3] NCCL INFO threadThresholds 8/8/64 | 256/8/64 | 512 | 512
jwb1158:89581:89816 [3] NCCL INFO 2 coll channels, 2 collnet channels, 0 nvls channels, 2 p2p channels, 1 p2p channels per peer
jwb0315:824745:824957 [2] NCCL INFO Connected all trees
jwb0315:824745:824957 [2] NCCL INFO threadThresholds 8/8/64 | 256/8/64 | 512 | 512
jwb0315:824745:824957 [2] NCCL INFO 2 coll channels, 2 collnet channels, 0 nvls channels, 2 p2p channels, 1 p2p channels per peer
jwb1155:1076115:1076358 [2] NCCL INFO Connected all trees
jwb1155:1076115:1076358 [2] NCCL INFO threadThresholds 8/8/64 | 256/8/64 | 512 | 512
jwb1155:1076115:1076358 [2] NCCL INFO 2 coll channels, 2 collnet channels, 0 nvls channels, 2 p2p channels, 1 p2p channels per peer
jwb0315:824744:824956 [1] NCCL INFO Connected all trees
jwb0315:824743:824958 [0] NCCL INFO Connected all trees
jwb0315:824743:824958 [0] NCCL INFO threadThresholds 8/8/64 | 256/8/64 | 512 | 512
jwb0315:824743:824958 [0] NCCL INFO 2 coll channels, 2 collnet channels, 0 nvls channels, 2 p2p channels, 1 p2p channels per peer
jwb0315:824744:824956 [1] NCCL INFO threadThresholds 8/8/64 | 256/8/64 | 512 | 512
jwb0315:824744:824956 [1] NCCL INFO 2 coll channels, 2 collnet channels, 0 nvls channels, 2 p2p channels, 1 p2p channels per peer
jwb0314:2367566:2367824 [2] NCCL INFO Connected all trees
jwb0314:2367566:2367824 [2] NCCL INFO threadThresholds 8/8/64 | 256/8/64 | 512 | 512
jwb0314:2367566:2367824 [2] NCCL INFO 2 coll channels, 2 collnet channels, 0 nvls channels, 2 p2p channels, 1 p2p channels per peer
jwb0311:509448:509685 [0] NCCL INFO Connected all trees
jwb0311:509448:509685 [0] NCCL INFO threadThresholds 8/8/64 | 256/8/64 | 512 | 512
jwb0311:509448:509685 [0] NCCL INFO 2 coll channels, 2 collnet channels, 0 nvls channels, 2 p2p channels, 1 p2p channels per peer
jwb0314:2367564:2367825 [0] NCCL INFO Connected all trees
jwb0314:2367564:2367825 [0] NCCL INFO threadThresholds 8/8/64 | 256/8/64 | 512 | 512
jwb0314:2367565:2367822 [1] NCCL INFO Connected all trees
jwb1154:745328:745586 [0] NCCL INFO Connected all trees
jwb1154:745328:745586 [0] NCCL INFO threadThresholds 8/8/64 | 256/8/64 | 512 | 512
jwb1159:2539087:2539337 [0] NCCL INFO Connected all trees
jwb1159:2539087:2539337 [0] NCCL INFO threadThresholds 8/8/64 | 256/8/64 | 512 | 512
jwb1159:2539088:2539336 [1] NCCL INFO Connected all trees
jwb1159:2539087:2539337 [0] NCCL INFO 2 coll channels, 2 collnet channels, 0 nvls channels, 2 p2p channels, 1 p2p channels per peer
jwb0314:2367564:2367825 [0] NCCL INFO 2 coll channels, 2 collnet channels, 0 nvls channels, 2 p2p channels, 1 p2p channels per peer
jwb0314:2367565:2367822 [1] NCCL INFO threadThresholds 8/8/64 | 256/8/64 | 512 | 512
jwb0314:2367565:2367822 [1] NCCL INFO 2 coll channels, 2 collnet channels, 0 nvls channels, 2 p2p channels, 1 p2p channels per peer
jwb0311:509449:509688 [1] NCCL INFO Connected all trees
jwb0311:509449:509688 [1] NCCL INFO threadThresholds 8/8/64 | 256/8/64 | 512 | 512
jwb0311:509449:509688 [1] NCCL INFO 2 coll channels, 2 collnet channels, 0 nvls channels, 2 p2p channels, 1 p2p channels per peer
jwb1159:2539088:2539336 [1] NCCL INFO threadThresholds 8/8/64 | 256/8/64 | 512 | 512
jwb1159:2539088:2539336 [1] NCCL INFO 2 coll channels, 2 collnet channels, 0 nvls channels, 2 p2p channels, 1 p2p channels per peer
jwb1154:745328:745586 [0] NCCL INFO 2 coll channels, 2 collnet channels, 0 nvls channels, 2 p2p channels, 1 p2p channels per peer
jwb1154:745329:745583 [1] NCCL INFO Connected all trees
jwb1158:89578:89819 [0] NCCL INFO Connected all trees
jwb1154:745330:745585 [2] NCCL INFO Connected all trees
jwb1154:745329:745583 [1] NCCL INFO threadThresholds 8/8/64 | 256/8/64 | 512 | 512
jwb1158:89578:89819 [0] NCCL INFO threadThresholds 8/8/64 | 256/8/64 | 512 | 512
jwb1158:89578:89819 [0] NCCL INFO 2 coll channels, 2 collnet channels, 0 nvls channels, 2 p2p channels, 1 p2p channels per peer
jwb1156:4038490:4038731 [0] NCCL INFO Connected all trees
jwb1156:4038490:4038731 [0] NCCL INFO threadThresholds 8/8/64 | 256/8/64 | 512 | 512
jwb1156:4038490:4038731 [0] NCCL INFO 2 coll channels, 2 collnet channels, 0 nvls channels, 2 p2p channels, 1 p2p channels per peer
jwb1154:745329:745583 [1] NCCL INFO 2 coll channels, 2 collnet channels, 0 nvls channels, 2 p2p channels, 1 p2p channels per peer
jwb1154:745330:745585 [2] NCCL INFO threadThresholds 8/8/64 | 256/8/64 | 512 | 512
jwb1154:745330:745585 [2] NCCL INFO 2 coll channels, 2 collnet channels, 0 nvls channels, 2 p2p channels, 1 p2p channels per peer
jwb1155:1076114:1076355 [1] NCCL INFO Connected all trees
jwb1155:1076113:1076354 [0] NCCL INFO Connected all trees
jwb1155:1076114:1076355 [1] NCCL INFO threadThresholds 8/8/64 | 256/8/64 | 512 | 512
jwb1155:1076114:1076355 [1] NCCL INFO 2 coll channels, 2 collnet channels, 0 nvls channels, 2 p2p channels, 1 p2p channels per peer
jwb1155:1076113:1076354 [0] NCCL INFO threadThresholds 8/8/64 | 256/8/64 | 512 | 512
jwb1155:1076113:1076354 [0] NCCL INFO 2 coll channels, 2 collnet channels, 0 nvls channels, 2 p2p channels, 1 p2p channels per peer
jwb1158:89579:89817 [1] NCCL INFO Connected all trees
jwb1158:89579:89817 [1] NCCL INFO threadThresholds 8/8/64 | 256/8/64 | 512 | 512
jwb1158:89579:89817 [1] NCCL INFO 2 coll channels, 2 collnet channels, 0 nvls channels, 2 p2p channels, 1 p2p channels per peer
jwb1158:89580:89818 [2] NCCL INFO Connected all trees
jwb1156:4038491:4038729 [1] NCCL INFO Connected all trees
jwb1156:4038492:4038730 [2] NCCL INFO Connected all trees
jwb1158:89580:89818 [2] NCCL INFO threadThresholds 8/8/64 | 256/8/64 | 512 | 512
jwb1158:89580:89818 [2] NCCL INFO 2 coll channels, 2 collnet channels, 0 nvls channels, 2 p2p channels, 1 p2p channels per peer
jwb1156:4038492:4038730 [2] NCCL INFO threadThresholds 8/8/64 | 256/8/64 | 512 | 512
jwb1156:4038492:4038730 [2] NCCL INFO 2 coll channels, 2 collnet channels, 0 nvls channels, 2 p2p channels, 1 p2p channels per peer
jwb1156:4038491:4038729 [1] NCCL INFO threadThresholds 8/8/64 | 256/8/64 | 512 | 512
jwb1156:4038491:4038729 [1] NCCL INFO 2 coll channels, 2 collnet channels, 0 nvls channels, 2 p2p channels, 1 p2p channels per peer
jwb0315:824746:824959 [3] NCCL INFO TUNER/Plugin: Plugin load returned 2 : libnccl-net.so: cannot open shared object file: No such file or directory : when loading libnccl-tuner.so
jwb0315:824743:824958 [0] NCCL INFO TUNER/Plugin: Plugin load returned 2 : libnccl-net.so: cannot open shared object file: No such file or directory : when loading libnccl-tuner.so
jwb0315:824746:824959 [3] NCCL INFO TUNER/Plugin: Using internal tuner plugin.
jwb0315:824743:824958 [0] NCCL INFO TUNER/Plugin: Using internal tuner plugin.
jwb0315:824745:824957 [2] NCCL INFO TUNER/Plugin: Plugin load returned 2 : libnccl-net.so: cannot open shared object file: No such file or directory : when loading libnccl-tuner.so
jwb0315:824744:824956 [1] NCCL INFO TUNER/Plugin: Plugin load returned 2 : libnccl-net.so: cannot open shared object file: No such file or directory : when loading libnccl-tuner.so
jwb1155:1076115:1076358 [2] NCCL INFO TUNER/Plugin: Plugin load returned 2 : libnccl-net.so: cannot open shared object file: No such file or directory : when loading libnccl-tuner.so
jwb1155:1076115:1076358 [2] NCCL INFO TUNER/Plugin: Using internal tuner plugin.
jwb1155:1076115:1076358 [2] NCCL INFO ncclCommInitRank comm 0x55e899dbcb40 rank 18 nranks 32 cudaDev 2 nvmlDev 2 busId 84000 commId 0xcca802110949e2f4 - Init COMPLETE
jwb0315:824746:824959 [3] NCCL INFO ncclCommInitRank comm 0x560b7c42bd50 rank 11 nranks 32 cudaDev 3 nvmlDev 3 busId c4000 commId 0xcca802110949e2f4 - Init COMPLETE
jwb0315:824745:824957 [2] NCCL INFO TUNER/Plugin: Using internal tuner plugin.
jwb0315:824743:824958 [0] NCCL INFO ncclCommInitRank comm 0x55b449303940 rank 8 nranks 32 cudaDev 0 nvmlDev 0 busId 3000 commId 0xcca802110949e2f4 - Init COMPLETE
jwb0315:824744:824956 [1] NCCL INFO TUNER/Plugin: Using internal tuner plugin.
jwb0315:824745:824957 [2] NCCL INFO ncclCommInitRank comm 0x5623ca1c49f0 rank 10 nranks 32 cudaDev 2 nvmlDev 2 busId 84000 commId 0xcca802110949e2f4 - Init COMPLETE
jwb0315:824744:824956 [1] NCCL INFO ncclCommInitRank comm 0x56309a3901a0 rank 9 nranks 32 cudaDev 1 nvmlDev 1 busId 44000 commId 0xcca802110949e2f4 - Init COMPLETE
jwb0314:2367564:2367825 [0] NCCL INFO TUNER/Plugin: Plugin load returned 2 : libnccl-net.so: cannot open shared object file: No such file or directory : when loading libnccl-tuner.so
jwb0314:2367565:2367822 [1] NCCL INFO TUNER/Plugin: Plugin load returned 2 : libnccl-net.so: cannot open shared object file: No such file or directory : when loading libnccl-tuner.so
jwb0314:2367564:2367825 [0] NCCL INFO TUNER/Plugin: Using internal tuner plugin.
jwb0314:2367565:2367822 [1] NCCL INFO TUNER/Plugin: Using internal tuner plugin.
jwb0314:2367564:2367825 [0] NCCL INFO ncclCommInitRank comm 0x5646c37c6f00 rank 4 nranks 32 cudaDev 0 nvmlDev 0 busId 3000 commId 0xcca802110949e2f4 - Init COMPLETE
jwb0314:2367565:2367822 [1] NCCL INFO ncclCommInitRank comm 0x55fb28e792b0 rank 5 nranks 32 cudaDev 1 nvmlDev 1 busId 44000 commId 0xcca802110949e2f4 - Init COMPLETE
jwb1155:1076114:1076355 [1] NCCL INFO TUNER/Plugin: Plugin load returned 2 : libnccl-net.so: cannot open shared object file: No such file or directory : when loading libnccl-tuner.so
jwb1155:1076114:1076355 [1] NCCL INFO TUNER/Plugin: Using internal tuner plugin.
jwb1155:1076114:1076355 [1] NCCL INFO ncclCommInitRank comm 0x55b8e64adf10 rank 17 nranks 32 cudaDev 1 nvmlDev 1 busId 44000 commId 0xcca802110949e2f4 - Init COMPLETE
jwb1155:1076113:1076354 [0] NCCL INFO TUNER/Plugin: Plugin load returned 2 : libnccl-net.so: cannot open shared object file: No such file or directory : when loading libnccl-tuner.so
jwb1155:1076113:1076354 [0] NCCL INFO TUNER/Plugin: Using internal tuner plugin.
jwb1155:1076113:1076354 [0] NCCL INFO ncclCommInitRank comm 0x5573a32c15d0 rank 16 nranks 32 cudaDev 0 nvmlDev 0 busId 3000 commId 0xcca802110949e2f4 - Init COMPLETE
jwb0314:2367567:2367823 [3] NCCL INFO TUNER/Plugin: Plugin load returned 2 : libnccl-net.so: cannot open shared object file: No such file or directory : when loading libnccl-tuner.so
jwb0314:2367567:2367823 [3] NCCL INFO TUNER/Plugin: Using internal tuner plugin.
jwb0314:2367567:2367823 [3] NCCL INFO ncclCommInitRank comm 0x5556d1cba650 rank 7 nranks 32 cudaDev 3 nvmlDev 3 busId c4000 commId 0xcca802110949e2f4 - Init COMPLETE
jwb1155:1076116:1076359 [3] NCCL INFO TUNER/Plugin: Plugin load returned 2 : libnccl-net.so: cannot open shared object file: No such file or directory : when loading libnccl-tuner.so
jwb1155:1076116:1076359 [3] NCCL INFO TUNER/Plugin: Using internal tuner plugin.
jwb1155:1076116:1076359 [3] NCCL INFO ncclCommInitRank comm 0x562247846ae0 rank 19 nranks 32 cudaDev 3 nvmlDev 3 busId c4000 commId 0xcca802110949e2f4 - Init COMPLETE
jwb0311:509451:509686 [3] NCCL INFO TUNER/Plugin: Plugin load returned 2 : libnccl-net.so: cannot open shared object file: No such file or directory : when loading libnccl-tuner.so
jwb0311:509451:509686 [3] NCCL INFO TUNER/Plugin: Using internal tuner plugin.
jwb0311:509451:509686 [3] NCCL INFO ncclCommInitRank comm 0x55e851db8c00 rank 3 nranks 32 cudaDev 3 nvmlDev 3 busId c4000 commId 0xcca802110949e2f4 - Init COMPLETE
jwb1158:89579:89817 [1] NCCL INFO TUNER/Plugin: Plugin load returned 2 : libnccl-net.so: cannot open shared object file: No such file or directory : when loading libnccl-tuner.so
jwb1158:89581:89816 [3] NCCL INFO TUNER/Plugin: Plugin load returned 2 : libnccl-net.so: cannot open shared object file: No such file or directory : when loading libnccl-tuner.so
jwb1158:89579:89817 [1] NCCL INFO TUNER/Plugin: Using internal tuner plugin.
jwb1158:89581:89816 [3] NCCL INFO TUNER/Plugin: Using internal tuner plugin.
jwb1158:89579:89817 [1] NCCL INFO ncclCommInitRank comm 0x55e5b7f0da90 rank 25 nranks 32 cudaDev 1 nvmlDev 1 busId 44000 commId 0xcca802110949e2f4 - Init COMPLETE
jwb1158:89581:89816 [3] NCCL INFO ncclCommInitRank comm 0x5567983ef470 rank 27 nranks 32 cudaDev 3 nvmlDev 3 busId c4000 commId 0xcca802110949e2f4 - Init COMPLETE
jwb1158:89580:89818 [2] NCCL INFO TUNER/Plugin: Plugin load returned 2 : libnccl-net.so: cannot open shared object file: No such file or directory : when loading libnccl-tuner.so
jwb1158:89578:89819 [0] NCCL INFO TUNER/Plugin: Plugin load returned 2 : libnccl-net.so: cannot open shared object file: No such file or directory : when loading libnccl-tuner.so
jwb1158:89580:89818 [2] NCCL INFO TUNER/Plugin: Using internal tuner plugin.
jwb1158:89578:89819 [0] NCCL INFO TUNER/Plugin: Using internal tuner plugin.
jwb1158:89580:89818 [2] NCCL INFO ncclCommInitRank comm 0x56329b29c6d0 rank 26 nranks 32 cudaDev 2 nvmlDev 2 busId 84000 commId 0xcca802110949e2f4 - Init COMPLETE
jwb1158:89578:89819 [0] NCCL INFO ncclCommInitRank comm 0x56135fb05b60 rank 24 nranks 32 cudaDev 0 nvmlDev 0 busId 3000 commId 0xcca802110949e2f4 - Init COMPLETE
jwb0314:2367566:2367824 [2] NCCL INFO TUNER/Plugin: Plugin load returned 2 : libnccl-net.so: cannot open shared object file: No such file or directory : when loading libnccl-tuner.so
jwb0314:2367566:2367824 [2] NCCL INFO TUNER/Plugin: Using internal tuner plugin.
jwb0314:2367566:2367824 [2] NCCL INFO ncclCommInitRank comm 0x56443e024c70 rank 6 nranks 32 cudaDev 2 nvmlDev 2 busId 84000 commId 0xcca802110949e2f4 - Init COMPLETE
jwb1156:4038490:4038731 [0] NCCL INFO TUNER/Plugin: Plugin load returned 2 : libnccl-net.so: cannot open shared object file: No such file or directory : when loading libnccl-tuner.so
jwb1156:4038490:4038731 [0] NCCL INFO TUNER/Plugin: Using internal tuner plugin.
jwb1156:4038490:4038731 [0] NCCL INFO ncclCommInitRank comm 0x55cdcb5caee0 rank 20 nranks 32 cudaDev 0 nvmlDev 0 busId 3000 commId 0xcca802110949e2f4 - Init COMPLETE
jwb1156:4038492:4038730 [2] NCCL INFO TUNER/Plugin: Plugin load returned 2 : libnccl-net.so: cannot open shared object file: No such file or directory : when loading libnccl-tuner.so
jwb1156:4038492:4038730 [2] NCCL INFO TUNER/Plugin: Using internal tuner plugin.
jwb1156:4038492:4038730 [2] NCCL INFO ncclCommInitRank comm 0x55a907539ed0 rank 22 nranks 32 cudaDev 2 nvmlDev 2 busId 84000 commId 0xcca802110949e2f4 - Init COMPLETE
jwb1154:745329:745583 [1] NCCL INFO TUNER/Plugin: Plugin load returned 2 : libnccl-net.so: cannot open shared object file: No such file or directory : when loading libnccl-tuner.so
jwb1154:745329:745583 [1] NCCL INFO TUNER/Plugin: Using internal tuner plugin.
jwb1154:745329:745583 [1] NCCL INFO ncclCommInitRank comm 0x557e2a577840 rank 13 nranks 32 cudaDev 1 nvmlDev 1 busId 44000 commId 0xcca802110949e2f4 - Init COMPLETE
jwb1154:745331:745584 [3] NCCL INFO TUNER/Plugin: Plugin load returned 2 : libnccl-net.so: cannot open shared object file: No such file or directory : when loading libnccl-tuner.so
jwb1154:745331:745584 [3] NCCL INFO TUNER/Plugin: Using internal tuner plugin.
jwb1154:745331:745584 [3] NCCL INFO ncclCommInitRank comm 0x561b29d5f430 rank 15 nranks 32 cudaDev 3 nvmlDev 3 busId c4000 commId 0xcca802110949e2f4 - Init COMPLETE
jwb1154:745328:745586 [0] NCCL INFO TUNER/Plugin: Plugin load returned 2 : libnccl-net.so: cannot open shared object file: No such file or directory : when loading libnccl-tuner.so
jwb1154:745328:745586 [0] NCCL INFO TUNER/Plugin: Using internal tuner plugin.
jwb1154:745330:745585 [2] NCCL INFO TUNER/Plugin: Plugin load returned 2 : libnccl-net.so: cannot open shared object file: No such file or directory : when loading libnccl-tuner.so
jwb1154:745328:745586 [0] NCCL INFO ncclCommInitRank comm 0x5648b9be4650 rank 12 nranks 32 cudaDev 0 nvmlDev 0 busId 3000 commId 0xcca802110949e2f4 - Init COMPLETE
jwb1154:745330:745585 [2] NCCL INFO TUNER/Plugin: Using internal tuner plugin.
jwb1154:745330:745585 [2] NCCL INFO ncclCommInitRank comm 0x55cba9d007f0 rank 14 nranks 32 cudaDev 2 nvmlDev 2 busId 84000 commId 0xcca802110949e2f4 - Init COMPLETE
jwb0311:509449:509688 [1] NCCL INFO TUNER/Plugin: Plugin load returned 2 : libnccl-net.so: cannot open shared object file: No such file or directory : when loading libnccl-tuner.so
jwb0311:509449:509688 [1] NCCL INFO TUNER/Plugin: Using internal tuner plugin.
jwb0311:509449:509688 [1] NCCL INFO ncclCommInitRank comm 0x55f0588a6f60 rank 1 nranks 32 cudaDev 1 nvmlDev 1 busId 44000 commId 0xcca802110949e2f4 - Init COMPLETE
jwb0311:509448:509685 [0] NCCL INFO TUNER/Plugin: Plugin load returned 2 : libnccl-net.so: cannot open shared object file: No such file or directory : when loading libnccl-tuner.so
jwb0311:509448:509685 [0] NCCL INFO TUNER/Plugin: Using internal tuner plugin.
jwb0311:509448:509685 [0] NCCL INFO ncclCommInitRank comm 0x563e891adf70 rank 0 nranks 32 cudaDev 0 nvmlDev 0 busId 3000 commId 0xcca802110949e2f4 - Init COMPLETE
jwb1156:4038491:4038729 [1] NCCL INFO TUNER/Plugin: Plugin load returned 2 : libnccl-net.so: cannot open shared object file: No such file or directory : when loading libnccl-tuner.so
jwb1156:4038491:4038729 [1] NCCL INFO TUNER/Plugin: Using internal tuner plugin.
jwb1156:4038491:4038729 [1] NCCL INFO ncclCommInitRank comm 0x55c8aa0b71c0 rank 21 nranks 32 cudaDev 1 nvmlDev 1 busId 44000 commId 0xcca802110949e2f4 - Init COMPLETE
jwb1159:2539090:2539335 [3] NCCL INFO TUNER/Plugin: Plugin load returned 2 : libnccl-net.so: cannot open shared object file: No such file or directory : when loading libnccl-tuner.so
jwb1159:2539090:2539335 [3] NCCL INFO TUNER/Plugin: Using internal tuner plugin.
jwb1159:2539090:2539335 [3] NCCL INFO ncclCommInitRank comm 0x5616dfe0d410 rank 31 nranks 32 cudaDev 3 nvmlDev 3 busId c4000 commId 0xcca802110949e2f4 - Init COMPLETE
jwb0311:509450:509687 [2] NCCL INFO TUNER/Plugin: Plugin load returned 2 : libnccl-net.so: cannot open shared object file: No such file or directory : when loading libnccl-tuner.so
jwb0311:509450:509687 [2] NCCL INFO TUNER/Plugin: Using internal tuner plugin.
jwb0311:509450:509687 [2] NCCL INFO ncclCommInitRank comm 0x55daed078a40 rank 2 nranks 32 cudaDev 2 nvmlDev 2 busId 84000 commId 0xcca802110949e2f4 - Init COMPLETE
jwb1156:4038493:4038728 [3] NCCL INFO TUNER/Plugin: Plugin load returned 2 : libnccl-net.so: cannot open shared object file: No such file or directory : when loading libnccl-tuner.so
jwb1156:4038493:4038728 [3] NCCL INFO TUNER/Plugin: Using internal tuner plugin.
jwb1156:4038493:4038728 [3] NCCL INFO ncclCommInitRank comm 0x5586970851b0 rank 23 nranks 32 cudaDev 3 nvmlDev 3 busId c4000 commId 0xcca802110949e2f4 - Init COMPLETE
jwb1159:2539089:2539334 [2] NCCL INFO TUNER/Plugin: Plugin load returned 2 : libnccl-net.so: cannot open shared object file: No such file or directory : when loading libnccl-tuner.so
jwb1159:2539089:2539334 [2] NCCL INFO TUNER/Plugin: Using internal tuner plugin.
jwb1159:2539089:2539334 [2] NCCL INFO ncclCommInitRank comm 0x55aef8b88390 rank 30 nranks 32 cudaDev 2 nvmlDev 2 busId 84000 commId 0xcca802110949e2f4 - Init COMPLETE
jwb1159:2539087:2539337 [0] NCCL INFO TUNER/Plugin: Plugin load returned 2 : libnccl-net.so: cannot open shared object file: No such file or directory : when loading libnccl-tuner.so
jwb1159:2539087:2539337 [0] NCCL INFO TUNER/Plugin: Using internal tuner plugin.
jwb1159:2539087:2539337 [0] NCCL INFO ncclCommInitRank comm 0x5622a31c4a10 rank 28 nranks 32 cudaDev 0 nvmlDev 0 busId 3000 commId 0xcca802110949e2f4 - Init COMPLETE
jwb1159:2539088:2539336 [1] NCCL INFO TUNER/Plugin: Plugin load returned 2 : libnccl-net.so: cannot open shared object file: No such file or directory : when loading libnccl-tuner.so
jwb1159:2539088:2539336 [1] NCCL INFO TUNER/Plugin: Using internal tuner plugin.
jwb1159:2539088:2539336 [1] NCCL INFO ncclCommInitRank comm 0x55f4e780eda0 rank 29 nranks 32 cudaDev 1 nvmlDev 1 busId 44000 commId 0xcca802110949e2f4 - Init COMPLETE
`trust_remote_code` is not supported anymore.
Please check that the Hugging Face dataset 'Harsh1729/long_sft' isn't based on a loading script and remove `trust_remote_code`.
If the dataset is based on a loading script, please ask the dataset author to remove it and convert it to a standard format like Parquet.
`trust_remote_code` is not supported anymore.
Please check that the Hugging Face dataset 'Harsh1729/long_sft' isn't based on a loading script and remove `trust_remote_code`.
If the dataset is based on a loading script, please ask the dataset author to remove it and convert it to a standard format like Parquet.
`trust_remote_code` is not supported anymore.
Please check that the Hugging Face dataset 'Harsh1729/long_sft' isn't based on a loading script and remove `trust_remote_code`.
If the dataset is based on a loading script, please ask the dataset author to remove it and convert it to a standard format like Parquet.
`trust_remote_code` is not supported anymore.
Please check that the Hugging Face dataset 'Harsh1729/long_sft' isn't based on a loading script and remove `trust_remote_code`.
If the dataset is based on a loading script, please ask the dataset author to remove it and convert it to a standard format like Parquet.
`trust_remote_code` is not supported anymore.
Please check that the Hugging Face dataset 'Harsh1729/long_sft' isn't based on a loading script and remove `trust_remote_code`.
If the dataset is based on a loading script, please ask the dataset author to remove it and convert it to a standard format like Parquet.
`trust_remote_code` is not supported anymore.
Please check that the Hugging Face dataset 'Harsh1729/long_sft' isn't based on a loading script and remove `trust_remote_code`.
If the dataset is based on a loading script, please ask the dataset author to remove it and convert it to a standard format like Parquet.
`trust_remote_code` is not supported anymore.
Please check that the Hugging Face dataset 'Harsh1729/long_sft' isn't based on a loading script and remove `trust_remote_code`.
If the dataset is based on a loading script, please ask the dataset author to remove it and convert it to a standard format like Parquet.
`trust_remote_code` is not supported anymore.
Please check that the Hugging Face dataset 'Harsh1729/long_sft' isn't based on a loading script and remove `trust_remote_code`.
If the dataset is based on a loading script, please ask the dataset author to remove it and convert it to a standard format like Parquet.
`trust_remote_code` is not supported anymore.
Please check that the Hugging Face dataset 'Harsh1729/long_sft' isn't based on a loading script and remove `trust_remote_code`.
If the dataset is based on a loading script, please ask the dataset author to remove it and convert it to a standard format like Parquet.
`trust_remote_code` is not supported anymore.
Please check that the Hugging Face dataset 'Harsh1729/long_sft' isn't based on a loading script and remove `trust_remote_code`.
If the dataset is based on a loading script, please ask the dataset author to remove it and convert it to a standard format like Parquet.
`trust_remote_code` is not supported anymore.
Please check that the Hugging Face dataset 'Harsh1729/long_sft' isn't based on a loading script and remove `trust_remote_code`.
If the dataset is based on a loading script, please ask the dataset author to remove it and convert it to a standard format like Parquet.
`trust_remote_code` is not supported anymore.
Please check that the Hugging Face dataset 'Harsh1729/long_sft' isn't based on a loading script and remove `trust_remote_code`.
If the dataset is based on a loading script, please ask the dataset author to remove it and convert it to a standard format like Parquet.
`trust_remote_code` is not supported anymore.
Please check that the Hugging Face dataset 'Harsh1729/long_sft' isn't based on a loading script and remove `trust_remote_code`.
If the dataset is based on a loading script, please ask the dataset author to remove it and convert it to a standard format like Parquet.
`trust_remote_code` is not supported anymore.
Please check that the Hugging Face dataset 'Harsh1729/long_sft' isn't based on a loading script and remove `trust_remote_code`.
If the dataset is based on a loading script, please ask the dataset author to remove it and convert it to a standard format like Parquet.
`trust_remote_code` is not supported anymore.
Please check that the Hugging Face dataset 'Harsh1729/long_sft' isn't based on a loading script and remove `trust_remote_code`.
If the dataset is based on a loading script, please ask the dataset author to remove it and convert it to a standard format like Parquet.
`trust_remote_code` is not supported anymore.
Please check that the Hugging Face dataset 'Harsh1729/long_sft' isn't based on a loading script and remove `trust_remote_code`.
If the dataset is based on a loading script, please ask the dataset author to remove it and convert it to a standard format like Parquet.
`trust_remote_code` is not supported anymore.
Please check that the Hugging Face dataset 'Harsh1729/long_sft' isn't based on a loading script and remove `trust_remote_code`.
If the dataset is based on a loading script, please ask the dataset author to remove it and convert it to a standard format like Parquet.
`trust_remote_code` is not supported anymore.
Please check that the Hugging Face dataset 'Harsh1729/long_sft' isn't based on a loading script and remove `trust_remote_code`.
If the dataset is based on a loading script, please ask the dataset author to remove it and convert it to a standard format like Parquet.
`trust_remote_code` is not supported anymore.
Please check that the Hugging Face dataset 'Harsh1729/long_sft' isn't based on a loading script and remove `trust_remote_code`.
If the dataset is based on a loading script, please ask the dataset author to remove it and convert it to a standard format like Parquet.
`trust_remote_code` is not supported anymore.
Please check that the Hugging Face dataset 'Harsh1729/long_sft' isn't based on a loading script and remove `trust_remote_code`.
If the dataset is based on a loading script, please ask the dataset author to remove it and convert it to a standard format like Parquet.
`trust_remote_code` is not supported anymore.
Please check that the Hugging Face dataset 'Harsh1729/long_sft' isn't based on a loading script and remove `trust_remote_code`.
If the dataset is based on a loading script, please ask the dataset author to remove it and convert it to a standard format like Parquet.
`trust_remote_code` is not supported anymore.
Please check that the Hugging Face dataset 'Harsh1729/long_sft' isn't based on a loading script and remove `trust_remote_code`.
If the dataset is based on a loading script, please ask the dataset author to remove it and convert it to a standard format like Parquet.
`trust_remote_code` is not supported anymore.
Please check that the Hugging Face dataset 'Harsh1729/long_sft' isn't based on a loading script and remove `trust_remote_code`.
If the dataset is based on a loading script, please ask the dataset author to remove it and convert it to a standard format like Parquet.
`trust_remote_code` is not supported anymore.
Please check that the Hugging Face dataset 'Harsh1729/long_sft' isn't based on a loading script and remove `trust_remote_code`.
If the dataset is based on a loading script, please ask the dataset author to remove it and convert it to a standard format like Parquet.
[rank24]: Traceback (most recent call last):
[rank24]:   File "/app/src/llamafactory/launcher.py", line 180, in <module>
[rank24]:     run_exp()
[rank24]:   File "/app/src/llamafactory/train/tuner.py", line 110, in run_exp
[rank24]:     _training_function(config={"args": args, "callbacks": callbacks})
[rank24]:   File "/app/src/llamafactory/train/tuner.py", line 72, in _training_function
[rank24]:     run_sft(model_args, data_args, training_args, finetuning_args, generating_args, callbacks)
[rank24]:   File "/app/src/llamafactory/train/sft/workflow.py", line 51, in run_sft
[rank24]:     dataset_module = get_dataset(template, model_args, data_args, training_args, stage="sft", **tokenizer_module)
[rank24]:                      ^^^^^^^^^^^^^^^^^^^^^^^^^^^^^^^^^^^^^^^^^^^^^^^^^^^^^^^^^^^^^^^^^^^^^^^^^^^^^^^^^^^^^^^^^^^^
[rank24]:   File "/app/src/llamafactory/data/loader.py", line 304, in get_dataset
[rank24]:     dataset = _get_merged_dataset(data_args.dataset, model_args, data_args, training_args, stage)
[rank28]: Traceback (most recent call last):
[rank28]:   File "/app/src/llamafactory/launcher.py", line 180, in <module>
[rank28]:     run_exp()
[rank28]:   File "/app/src/llamafactory/train/tuner.py", line 110, in run_exp
[rank28]:     _training_function(config={"args": args, "callbacks": callbacks})
[rank28]:   File "/app/src/llamafactory/train/tuner.py", line 72, in _training_function
[rank28]:     run_sft(model_args, data_args, training_args, finetuning_args, generating_args, callbacks)
[rank28]:   File "/app/src/llamafactory/train/sft/workflow.py", line 51, in run_sft
[rank28]:     dataset_module = get_dataset(template, model_args, data_args, training_args, stage="sft", **tokenizer_module)
[rank28]:                      ^^^^^^^^^^^^^^^^^^^^^^^^^^^^^^^^^^^^^^^^^^^^^^^^^^^^^^^^^^^^^^^^^^^^^^^^^^^^^^^^^^^^^^^^^^^^
[rank28]:   File "/app/src/llamafactory/data/loader.py", line 304, in get_dataset
[rank28]:     dataset = _get_merged_dataset(data_args.dataset, model_args, data_args, training_args, stage)
[rank24]:               ^^^^^^[rank3]: Traceback (most recent call last):
[rank3]:   File "/app/src/llamafactory/launcher.py", line 180, in <module>
[rank3]:     run_exp()
[rank3]:   File "/app/src/llamafactory/train/tuner.py", line 110, in run_exp
[rank3]:     _training_function(config={"args": args, "callbacks": callbacks})
[rank3]:   File "/app/src/llamafactory/train/tuner.py", line 72, in _training_function
[rank3]:     run_sft(model_args, data_args, training_args, finetuning_args, generating_args, callbacks)
[rank3]:   File "/app/src/llamafactory/train/sft/workflow.py", line 51, in run_sft
[rank3]:     dataset_module = get_dataset(template, model_args, data_args, training_args, stage="sft", **tokenizer_module)
[rank3]:                      ^^^^^^^^^^^^^^^^^^^^^^^^^^^^^^^^^^^^^^^^^^^^^^^^^^^^^^^^^^^^^^^^^^^^^^^^^^^^^^^^^^^^^^^^^^^^
[rank3]:   File "/app/src/llamafactory/data/loader.py", line 304, in get_dataset
[rank3]:     dataset = _get_merged_dataset(data_args.dataset, model_args, data_args, training_args, stage)
^^^^^^^^^^^^^^^^^^^^^^^^^^^^^^^^^^^^^^^^^^^^^^^^^^^^^^^^^^^^^^^^^^^^^^^^^^^^^
[rank24]:   File "/app/src/llamafactory/data/loader.py", line 182, in _get_merged_dataset
[rank24]:     datasets[dataset_name] = _load_single_dataset(dataset_attr, model_args, data_args, training_args)
[rank24]:                              ^^^^^^^^^^^^^^^^^^^^^^^^^^^^^^^^^^^^^^^^^^^^^^^^^^^^^^^^^^^^^^^^^^^^^^^^
[rank24]:   File "/app/src/llamafactory/data/loader.py", line 131, in _load_single_dataset
[rank24]:     dataset = load_dataset(
[rank24]:               ^^^^^^^^^^^^^
[rank24]:   File "/opt/conda/lib/python3.11/site-packages/datasets/load.py", line 1392, in load_dataset
[rank24]:     builder_instance = load_dataset_builder(
[rank24]:                        ^^^^^^^^^^^^^^^^^^^^^
[rank24]:   File "/opt/conda/lib/python3.11/site-packages/datasets/load.py", line 1132, in load_dataset_builder
[rank24]:     dataset_module = dataset_module_factory(
[rank24]:                      ^^^^^^^^^^^^^^^^^^^^^^^
[rank12]: Traceback (most recent call last):
[rank12]:   File "/app/src/llamafactory/launcher.py", line 180, in <module>
[rank12]:     run_exp()
[rank12]:   File "/app/src/llamafactory/train/tuner.py", line 110, in run_exp
[rank12]:     _training_function(config={"args": args, "callbacks": callbacks})
[rank12]:   File "/app/src/llamafactory/train/tuner.py", line 72, in _training_function
[rank12]:     run_sft(model_args, data_args, training_args, finetuning_args, generating_args, callbacks)
[rank12]:   File "/app/src/llamafactory/train/sft/workflow.py", line 51, in run_sft
[rank12]:     dataset_module = get_dataset(template, model_args, data_args, training_args, stage="sft", **tokenizer_module)
[rank12]:                      ^^^^^^^^^^^^^^^^^^^^^^^^^^^^^^^^^^^^^^^^^^^^^^^^^^^^^^^^^^^^^^^^^^^^^^^^^^^^^^^^^^^^^^^^^^^^
[rank12]:   File "/app/src/llamafactory/data/loader.py", line 304, in get_dataset
[rank12]:     dataset = _get_merged_dataset(data_args.dataset, model_args, data_args, training_args, stage)
[rank3]:               ^^^^^^^^^^^^^^^^^^^[rank24]:   File "/opt/conda/lib/python3.11/site-pack[rank28]:               ^^^^^^[rank4]: Traceback (most recent call last):
[rank4]:   File "/app/src/llamafactory/launcher.py", line 180, in <module>
[rank4]:     run_exp()
[rank4]:   File "/app/src/llamafactory/train/tuner.py", line 110, in run_exp
[rank4]:     _training_function(config={"args": args, "callbacks": callbacks})
[rank4]:   File "/app/src/llamafactory/train/tuner.py", line 72, in _training_function
[rank4]:     run_sft(model_args, data_args, training_args, finetuning_args, generating_args, callbacks)
[rank4]:   File "/app/src/llamafactory/train/sft/workflow.py", line 51, in run_sft
[rank4]:     dataset_module = get_dataset(template, model_args, data_args, training_args, stage="sft", **tokenizer_module)
[rank4]:                      ^^^^^^^^^^^^^^^^^^^^^^^^^^^^^^^^^^^^^^^^^^^^^^^^^^^^^^^^^^^^^^^^^^^^^^^^^^^^^^^^^^^^^^^^^^^^
[rank4]:   File "/app/src/llamafactory/data/loader.py", line 304, in get_dataset
[rank4]:     dataset = _get_merged_dataset(data_args.dataset, model_args, data_args, training_args, stage)
^^^^^^^^^^^^^^^^^^^^^^^^^^^^^^^^^^^^^^^^^^^^^^^^^^^^^^^^^^^^^^^^
[rank3]:   File "/app/src/llamafactory/data/loader.py", line 182, in _get_merged_dataset
[rank3]:     datasets[dataset_name] = _load_single_dataset(dataset_attr, model_args, data_args, training_args)
[rank3]:                              ^^^^^^^^^^^^^^^^^^^^^^^^^^^^^^^^^^^^^^^^^^^^^^^^^^^^^^^^^^^^^^^^^^^^^^^^
[rank3]:   File "/app/src/llamafactory/data/loader.py", line 131, in _load_single_dataset
[rank3]:     dataset = load_dataset(
[rank3]:               ^^^^^^^^^^^^^
[rank3]:   File "/opt/conda/lib/python3.11/site-packages/datasets/load.py", line 1392, in load_dataset
[rank3]:     builder_instance = load_dataset_builder(
[rank3]:                        ^^^^^^^^^^^^^^^^^^^^^
[rank3]:   File "/opt/conda/lib/python3.11/site-packages/datasets/load.py", line 1132, in load_dataset_builder
[rank3]:     dataset_module = dataset_module_factory(
[rank3]:                      ^^^^^^^^^^^^^^^^^^^^^^^
ages/datasets/load.py", line 1031, in dataset_module_factory
[rank24]:     raise e1 from None
[rank24]:   File "/opt/conda/lib/python3.11/site-packages/datasets/load.py", line 967, in dataset_module_factory
[rank24]:     raise ConnectionError(f"Couldn't reach '{path}' on the Hub ({e.__class__.__name__})") from e
[rank24]: ConnectionError: Couldn't reach 'Harsh1729/long_sft' on the Hub (OfflineModeIsEnabled)
^^^^^^^^^^^^^^^^^^^^^^^^^^^^^^^^^^^^^^^^^^^^^^^^^^^^^^^^^^^^^^^^^^^^^^^^^^^^^
[rank28]:   File "/app/src/llamafactory/data/loader.py", line 182, in _get_merged_dataset
[rank28]:     datasets[dataset_name] = _load_single_dataset(dataset_attr, model_args, data_args, training_args)
[rank28]:                              ^^^^^^^^^^^^^^^^^^^^^^^^^^^^^^^^^^^^^^^^^^^^^^^^^^^^^^^^^^^^^^^^^^^^^^^^
[rank28]:   File "/app/src/llamafactory/data/loader.py", line 131, in _load_single_dataset
[rank28]:     dataset = load_dataset(
[rank28]:               ^^^^^^^^^^^^^
[rank28]:   File "/opt/conda/lib/python3.11/site-packages/datasets/load.py", line 1392, in load_dataset
[rank28]:     builder_instance = load_dataset_builder(
[rank28]:                        ^^^^^^^^^^^^^^^^^^^^^
[rank28]:   File "/opt/conda/lib/python3.11/site-packages/datasets/load.py", line 1132, in load_dataset_builder
[rank28]:     dataset_module = dataset_module_factory(
[rank28]:                      ^^^^^^^^^^^^^^^^^^^^^^^
[rank3]:   File "/opt/conda/lib/python3.11/site-packages/datasets/load.py", li[rank28]:   File "/opt/conda/lib/python3.11/site-packne 1031, in dataset_module_factory
[rank3]:     raise e1 from None
[rank3]:   File "/opt/conda/lib/python3.11/site-packages/datasets/load.py", line 967, in dataset_module_factory
[rank3]:     raise ConnectionError(f"Couldn't reach '{path}' on the Hub ({e.__class__.__name__})") from e
[rank3]: ConnectionError: Couldn't reach 'Harsh1729/long_sft' on the Hub (OfflineModeIsEnabled)
ages/datasets/load.py", line 1031, in dataset_module_factory
[rank28]:     raise e1 from None
[rank28]:   File "/opt/conda/lib/python3.11/site-packages/datasets/load.py", line 967, in dataset_module_factory
[rank28]:     raise ConnectionError(f"Couldn't reach '{path}' on the Hub ({e.__class__.__name__})") from e
[rank28]: ConnectionError: Couldn't reach 'Harsh1729/long_sft' on the Hub (OfflineModeIsEnabled)
[rank8]: Traceback (most recent call last):
[rank8]:   File "/app/src/llamafactory/launcher.py", line 180, in <module>
[rank8]:     run_exp()
[rank8]:   File "/app/src/llamafactory/train/tuner.py", line 110, in run_exp
[rank8]:     _training_function(config={"args": args, "callbacks": callbacks})
[rank8]:   File "/app/src/llamafactory/train/tuner.py", line 72, in _training_function
[rank8]:     run_sft(model_args, data_args, training_args, finetuning_args, generating_args, callbacks)
[rank8]:   File "/app/src/llamafactory/train/sft/workflow.py", line 51, in run_sft
[rank8]:     dataset_module = get_dataset(template, model_args, data_args, training_args, stage="sft", **tokenizer_module)
[rank8]:                      ^^^^^^^^^^^^^^^^^^^^^^^^^^^^^^^^^^^^^^^^^^^^^^^^^^^^^^^^^^^^^^^^^^^^^^^^^^^^^^^^^^^^^^^^^^^^
[rank8]:   File "/app/src/llamafactory/data/loader.py", line 304, in get_dataset
[rank8]:     dataset = _get_merged_dataset(data_args.dataset, model_args, data_args, training_args, stage)
[rank4]:               ^^^^^^^^^^^^^^^^^^^[rank0]: Traceback (most recent call last):
[rank0]:   File "/app/src/llamafactory/launcher.py", line 180, in <module>
[rank0]:     run_exp()
[rank0]:   File "/app/src/llamafactory/train/tuner.py", line 110, in run_exp
[rank0]:     _training_function(config={"args": args, "callbacks": callbacks})
[rank0]:   File "/app/src/llamafactory/train/tuner.py", line 72, in _training_function
[rank0]:     run_sft(model_args, data_args, training_args, finetuning_args, generating_args, callbacks)
[rank0]:   File "/app/src/llamafactory/train/sft/workflow.py", line 51, in run_sft
[rank0]:     dataset_module = get_dataset(template, model_args, data_args, training_args, stage="sft", **tokenizer_module)
[rank0]:                      ^^^^^^^^^^^^^^^^^^^^^^^^^^^^^^^^^^^^^^^^^^^^^^^^^^^^^^^^^^^^^^^^^^^^^^^^^^^^^^^^^^^^^^^^^^^^
[rank0]:   File "/app/src/llamafactory/data/loader.py", line 304, in get_dataset
[rank0]:     dataset = _get_merged_dataset(data_args.dataset, model_args, data_args, training_args, stage)
^^^^^^^^^^^^^^^^^^^^^^^^^^^^^^^^^^^^^^^^^^^^^^^^^^^^^^^^^^^^^^^^
[rank4]:   File "/app/src/llamafactory/data/loader.py", line 182, in _get_merged_dataset
[rank4]:     datasets[dataset_name] = _load_single_dataset(dataset_attr, model_args, data_args, training_args)
[rank4]:                              ^^^^^^^^^^^^^^^^^^^^^^^^^^^^^^^^^^^^^^^^^^^^^^^^^^^^^^^^^^^^^^^^^^^^^^^^
[rank4]:   File "/app/src/llamafactory/data/loader.py", line 131, in _load_single_dataset
[rank4]:     dataset = load_dataset(
[rank4]:               ^^^^^^^^^^^^^
[rank4]:   File "/opt/conda/lib/python3.11/site-packages/datasets/load.py", line 1392, in load_dataset
[rank4]:     builder_instance = load_dataset_builder(
[rank4]:                        ^^^^^^^^^^^^^^^^^^^^^
[rank4]:   File "/opt/conda/lib/python3.11/site-packages/datasets/load.py", line 1132, in load_dataset_builder
[rank4]:     dataset_module = dataset_module_factory(
[rank4]:                      ^^^^^^^^^^^^^^^^^^^^^^^
[rank12]:               ^^^^^^[rank0]:               ^^^^^^^^^^^^^^^^^^^[rank4]:   File "/opt/conda/lib/python3.11/site-packages/datasets/load.py", li^^^^^^^^^^^^^^^^^^^^^^^^^^^^^^^^^^^^^^^^^^^^^^^^^^^^^^^^^^^^^^^^^^^^^^^^^^^^^
[rank12]:   File "/app/src/llamafactory/data/loader.py", line 182, in _get_merged_dataset
[rank12]:     datasets[dataset_name] = _load_single_dataset(dataset_attr, model_args, data_args, training_args)
[rank12]:                              ^^^^^^^^^^^^^^^^^^^^^^^^^^^^^^^^^^^^^^^^^^^^^^^^^^^^^^^^^^^^^^^^^^^^^^^^
[rank12]:   File "/app/src/llamafactory/data/loader.py", line 131, in _load_single_dataset
[rank12]:     dataset = load_dataset(
[rank12]:               ^^^^^^^^^^^^^
[rank12]:   File "/opt/conda/lib/python3.11/site-packages/datasets/load.py", line 1392, in load_dataset
[rank12]:     builder_instance = load_dataset_builder(
[rank12]:                        ^^^^^^^^^^^^^^^^^^^^^
[rank12]:   File "/opt/conda/lib/python3.11/site-packages/datasets/load.py", line 1132, in load_dataset_builder
[rank12]:     dataset_module = dataset_module_factory(
[rank12]:                      ^^^^^^^^^^^^^^^^^^^^^^^
^^^^^^^^^^^^^^^^^^^^^^^^^^^^^^^^^^^^^^^^^^^^^^^^^^^^^^^^^^^^^^^^
[rank0]:   File "/app/src/llamafactory/data/loader.py", line 182, in _get_merged_dataset
[rank0]:     datasets[dataset_name] = _load_single_dataset(dataset_attr, model_args, data_args, training_args)
[rank0]:                              ^^^^^^^^^^^^^^^^^^^^^^^^^^^^^^^^^^^^^^^^^^^^^^^^^^^^^^^^^^^^^^^^^^^^^^^^
[rank0]:   File "/app/src/llamafactory/data/loader.py", line 131, in _load_single_dataset
[rank0]:     dataset = load_dataset(
[rank0]:               ^^^^^^^^^^^^^
[rank0]:   File "/opt/conda/lib/python3.11/site-packages/datasets/load.py", line 1392, in load_dataset
[rank0]:     builder_instance = load_dataset_builder(
[rank0]:                        ^^^^^^^^^^^^^^^^^^^^^
[rank0]:   File "/opt/conda/lib/python3.11/site-packages/datasets/load.py", line 1132, in load_dataset_builder
[rank0]:     dataset_module = dataset_module_factory(
[rank0]:                      ^^^^^^^^^^^^^^^^^^^^^^^
[rank8]:               ^^^^^^^^^^^^^^^^^^^ne 1031, in dataset_module_factory
[rank4]:     raise e1 from None
[rank4]:   File "/opt/conda/lib/python3.11/site-packages/datasets/load.py", line 967, in dataset_module_factory
[rank4]:     raise ConnectionError(f"Couldn't reach '{path}' on the Hub ({e.__class__.__name__})") from e
[rank4]: ConnectionError: Couldn't reach 'Harsh1729/long_sft' on the Hub (OfflineModeIsEnabled)
[rank12]:   File "/opt/conda/lib/python3.11/site-pack[rank0]:   File "/opt/conda/lib/python3.11/site-packages/datasets/load.py", li^^^^^^^^^^^^^^^^^^^^^^^^^^^^^^^^^^^^^^^^^^^^^^^^^^^^^^^^^^^^^^^^
[rank8]:   File "/app/src/llamafactory/data/loader.py", line 182, in _get_merged_dataset
[rank8]:     datasets[dataset_name] = _load_single_dataset(dataset_attr, model_args, data_args, training_args)
[rank8]:                              ^^^^^^^^^^^^^^^^^^^^^^^^^^^^^^^^^^^^^^^^^^^^^^^^^^^^^^^^^^^^^^^^^^^^^^^^
[rank8]:   File "/app/src/llamafactory/data/loader.py", line 131, in _load_single_dataset
[rank8]:     dataset = load_dataset(
[rank8]:               ^^^^^^^^^^^^^
[rank8]:   File "/opt/conda/lib/python3.11/site-packages/datasets/load.py", line 1392, in load_dataset
[rank8]:     builder_instance = load_dataset_builder(
[rank8]:                        ^^^^^^^^^^^^^^^^^^^^^
[rank8]:   File "/opt/conda/lib/python3.11/site-packages/datasets/load.py", line 1132, in load_dataset_builder
[rank8]:     dataset_module = dataset_module_factory(
[rank8]:                      ^^^^^^^^^^^^^^^^^^^^^^^
[rank20]: Traceback (most recent call last):
[rank20]:   File "/app/src/llamafactory/launcher.py", line 180, in <module>
[rank20]:     run_exp()
[rank20]:   File "/app/src/llamafactory/train/tuner.py", line 110, in run_exp
[rank20]:     _training_function(config={"args": args, "callbacks": callbacks})
[rank20]:   File "/app/src/llamafactory/train/tuner.py", line 72, in _training_function
[rank20]:     run_sft(model_args, data_args, training_args, finetuning_args, generating_args, callbacks)
[rank20]:   File "/app/src/llamafactory/train/sft/workflow.py", line 51, in run_sft
[rank20]:     dataset_module = get_dataset(template, model_args, data_args, training_args, stage="sft", **tokenizer_module)
[rank20]:                      ^^^^^^^^^^^^^^^^^^^^^^^^^^^^^^^^^^^^^^^^^^^^^^^^^^^^^^^^^^^^^^^^^^^^^^^^^^^^^^^^^^^^^^^^^^^^
[rank20]:   File "/app/src/llamafactory/data/loader.py", line 304, in get_dataset
[rank20]:     dataset = _get_merged_dataset(data_args.dataset, model_args, data_args, training_args, stage)
ages/datasets/load.py", line 1031, in dataset_module_factory
[rank12]:     raise e1 from None
[rank12]:   File "/opt/conda/lib/python3.11/site-packages/datasets/load.py", line 967, in dataset_module_factory
[rank12]:     raise ConnectionError(f"Couldn't reach '{path}' on the Hub ({e.__class__.__name__})") from e
[rank12]: ConnectionError: Couldn't reach 'Harsh1729/long_sft' on the Hub (OfflineModeIsEnabled)
ne 1031, in dataset_module_factory
[rank0]:     raise e1 from None
[rank0]:   File "/opt/conda/lib/python3.11/site-packages/datasets/load.py", line 967, in dataset_module_factory
[rank0]:     raise ConnectionError(f"Couldn't reach '{path}' on the Hub ({e.__class__.__name__})") from e
[rank0]: ConnectionError: Couldn't reach 'Harsh1729/long_sft' on the Hub (OfflineModeIsEnabled)
[rank8]:   File "/opt/conda/lib/python3.11/site-packages/datasets/load.py", li[rank13]: Traceback (most recent call last):
[rank13]:   File "/app/src/llamafactory/launcher.py", line 180, in <module>
[rank13]:     run_exp()
[rank13]:   File "/app/src/llamafactory/train/tuner.py", line 110, in run_exp
[rank13]:     _training_function(config={"args": args, "callbacks": callbacks})
[rank13]:   File "/app/src/llamafactory/train/tuner.py", line 72, in _training_function
[rank13]:     run_sft(model_args, data_args, training_args, finetuning_args, generating_args, callbacks)
[rank13]:   File "/app/src/llamafactory/train/sft/workflow.py", line 51, in run_sft
[rank13]:     dataset_module = get_dataset(template, model_args, data_args, training_args, stage="sft", **tokenizer_module)
[rank13]:                      ^^^^^^^^^^^^^^^^^^^^^^^^^^^^^^^^^^^^^^^^^^^^^^^^^^^^^^^^^^^^^^^^^^^^^^^^^^^^^^^^^^^^^^^^^^^^
[rank13]:   File "/app/src/llamafactory/data/loader.py", line 304, in get_dataset
[rank13]:     dataset = _get_merged_dataset(data_args.dataset, model_args, data_args, training_args, stage)
ne 1031, in dataset_module_factory
[rank8]:     raise e1 from None
[rank8]:   File "/opt/conda/lib/python3.11/site-packages/datasets/load.py", line 967, in dataset_module_factory
[rank8]:     raise ConnectionError(f"Couldn't reach '{path}' on the Hub ({e.__class__.__name__})") from e
[rank8]: ConnectionError: Couldn't reach 'Harsh1729/long_sft' on the Hub (OfflineModeIsEnabled)
[rank13]:               ^^^^^^[rank20]:               ^^^^^^^^^^^^^^^^^^^^^^^^^^^^^^^^^^^^^^^^^^^^^^^^^^^^^^^^^^^^^^^^^^^^^^^^^^^^^^^^^^^
[rank13]:   File "/app/src/llamafactory/data/loader.py", line 182, in _get_merged_dataset
[rank13]:     datasets[dataset_name] = _load_single_dataset(dataset_attr, model_args, data_args, training_args)
[rank13]:                              ^^^^^^^^^^^^^^^^^^^^^^^^^^^^^^^^^^^^^^^^^^^^^^^^^^^^^^^^^^^^^^^^^^^^^^^^
[rank13]:   File "/app/src/llamafactory/data/loader.py", line 131, in _load_single_dataset
[rank13]:     dataset = load_dataset(
[rank13]:               ^^^^^^^^^^^^^
[rank13]:   File "/opt/conda/lib/python3.11/site-packages/datasets/load.py", line 1392, in load_dataset
[rank13]:     builder_instance = load_dataset_builder(
[rank13]:                        ^^^^^^^^^^^^^^^^^^^^^
[rank13]:   File "/opt/conda/lib/python3.11/site-packages/datasets/load.py", line 1132, in load_dataset_builder
[rank13]:     dataset_module = dataset_module_factory(
[rank13]:                      ^^^^^^^^^^^^^^^^^^^^^^^
^^^^^^^^^^^^^^^^^^^^^^^^^^^^^^^^^^^^^^^^^^^^^^^^^^^^^^^^^^^^^^^^^^^^^^^^^^^^^
[rank20]:   File "/app/src/llamafactory/data/loader.py", line 182, in _get_merged_dataset
[rank20]:     datasets[dataset_name] = _load_single_dataset(dataset_attr, model_args, data_args, training_args)
[rank20]:                              ^^^^^^^^^^^^^^^^^^^^^^^^^^^^^^^^^^^^^^^^^^^^^^^^^^^^^^^^^^^^^^^^^^^^^^^^
[rank20]:   File "/app/src/llamafactory/data/loader.py", line 131, in _load_single_dataset
[rank20]:     dataset = load_dataset(
[rank20]:               ^^^^^^^^^^^^^
[rank20]:   File "/opt/conda/lib/python3.11/site-packages/datasets/load.py", line 1392, in load_dataset
[rank20]:     builder_instance = load_dataset_builder(
[rank20]:                        ^^^^^^^^^^^^^^^^^^^^^
[rank20]:   File "/opt/conda/lib/python3.11/site-packages/datasets/load.py", line 1132, in load_dataset_builder
[rank20]:     dataset_module = dataset_module_factory(
[rank20]:                      ^^^^^^^^^^^^^^^^^^^^^^^
[rank13]:   File "/opt/conda/lib/python3.11/site-pack[rank20]:   File "/opt/conda/lib/python3.11/site-packages/datasets/load.py", line 1031, in dataset_module_factory
[rank13]:     raise e1 from None
[rank13]:   File "/opt/conda/lib/python3.11/site-packages/datasets/load.py", line 967, in dataset_module_factory
[rank13]:     raise ConnectionError(f"Couldn't reach '{path}' on the Hub ({e.__class__.__name__})") from e
[rank13]: ConnectionError: Couldn't reach 'Harsh1729/long_sft' on the Hub (OfflineModeIsEnabled)
[rank31]: Traceback (most recent call last):
[rank31]:   File "/app/src/llamafactory/launcher.py", line 180, in <module>
[rank31]:     run_exp()
[rank31]:   File "/app/src/llamafactory/train/tuner.py", line 110, in run_exp
[rank31]:     _training_function(config={"args": args, "callbacks": callbacks})
[rank31]:   File "/app/src/llamafactory/train/tuner.py", line 72, in _training_function
[rank31]:     run_sft(model_args, data_args, training_args, finetuning_args, generating_args, callbacks)
[rank31]:   File "/app/src/llamafactory/train/sft/workflow.py", line 51, in run_sft
[rank31]:     dataset_module = get_dataset(template, model_args, data_args, training_args, stage="sft", **tokenizer_module)
[rank31]:                      ^^^^^^^^^^^^^^^^^^^^^^^^^^^^^^^^^^^^^^^^^^^^^^^^^^^^^^^^^^^^^^^^^^^^^^^^^^^^^^^^^^^^^^^^^^^^
[rank31]:   File "/app/src/llamafactory/data/loader.py", line 304, in get_dataset
[rank31]:     dataset = _get_merged_dataset(data_args.dataset, model_args, data_args, training_args, stage)
ages/datasets/load.py", line 1031, in dataset_module_factory
[rank20]:     raise e1 from None
[rank20]:   File "/opt/conda/lib/python3.11/site-packages/datasets/load.py", line 967, in dataset_module_factory
[rank20]:     raise ConnectionError(f"Couldn't reach '{path}' on the Hub ({e.__class__.__name__})") from e
[rank20]: ConnectionError: Couldn't reach 'Harsh1729/long_sft' on the Hub (OfflineModeIsEnabled)
[rank31]:               ^^^^^^^^^^^^^^^^^^^^^^^^^^^^^^^^^^^^^^^^^^^^^^^^^^^^^^^^^^^^^^^^^^^^^^^^^^^^^^^^^^^
[rank31]:   File "/app/src/llamafactory/data/loader.py", line 182, in _get_merged_dataset
[rank31]:     datasets[dataset_name] = _load_single_dataset(dataset_attr, model_args, data_args, training_args)
[rank31]:                              ^^^^^^^^^^^^^^^^^^^^^^^^^^^^^^^^^^^^^^^^^^^^^^^^^^^^^^^^^^^^^^^^^^^^^^^^
[rank31]:   File "/app/src/llamafactory/data/loader.py", line 131, in _load_single_dataset
[rank31]:     dataset = load_dataset(
[rank31]:               ^^^^^^^^^^^^^
[rank31]:   File "/opt/conda/lib/python3.11/site-packages/datasets/load.py", line 1392, in load_dataset
[rank31]:     builder_instance = load_dataset_builder(
[rank31]:                        ^^^^^^^^^^^^^^^^^^^^^
[rank31]:   File "/opt/conda/lib/python3.11/site-packages/datasets/load.py", line 1132, in load_dataset_builder
[rank31]:     dataset_module = dataset_module_factory(
[rank31]:                      ^^^^^^^^^^^^^^^^^^^^^^^
[rank31]:   File "/opt/conda/lib/python3.11/site-packages/datasets/load.py", line 1031, in dataset_module_factory
[rank31]:     raise e1 from None
[rank31]:   File "/opt/conda/lib/python3.11/site-packages/datasets/load.py", line 967, in dataset_module_factory
[rank31]:     raise ConnectionError(f"Couldn't reach '{path}' on the Hub ({e.__class__.__name__})") from e
[rank31]: ConnectionError: Couldn't reach 'Harsh1729/long_sft' on the Hub (OfflineModeIsEnabled)
[rank2]: Traceback (most recent call last):
[rank2]:   File "/app/src/llamafactory/launcher.py", line 180, in <module>
[rank2]:     run_exp()
[rank2]:   File "/app/src/llamafactory/train/tuner.py", line 110, in run_exp
[rank2]:     _training_function(config={"args": args, "callbacks": callbacks})
[rank2]:   File "/app/src/llamafactory/train/tuner.py", line 72, in _training_function
[rank2]:     run_sft(model_args, data_args, training_args, finetuning_args, generating_args, callbacks)
[rank2]:   File "/app/src/llamafactory/train/sft/workflow.py", line 51, in run_sft
[rank2]:     dataset_module = get_dataset(template, model_args, data_args, training_args, stage="sft", **tokenizer_module)
[rank2]:                      ^^^^^^^^^^^^^^^^^^^^^^^^^^^^^^^^^^^^^^^^^^^^^^^^^^^^^^^^^^^^^^^^^^^^^^^^^^^^^^^^^^^^^^^^^^^^
[rank2]:   File "/app/src/llamafactory/data/loader.py", line 304, in get_dataset
[rank2]:     dataset = _get_merged_dataset(data_args.dataset, model_args, data_args, training_args, stage)
[rank6]: Traceback (most recent call last):
[rank6]:   File "/app/src/llamafactory/launcher.py", line 180, in <module>
[rank6]:     run_exp()
[rank6]:   File "/app/src/llamafactory/train/tuner.py", line 110, in run_exp
[rank6]:     _training_function(config={"args": args, "callbacks": callbacks})
[rank6]:   File "/app/src/llamafactory/train/tuner.py", line 72, in _training_function
[rank6]:     run_sft(model_args, data_args, training_args, finetuning_args, generating_args, callbacks)
[rank6]:   File "/app/src/llamafactory/train/sft/workflow.py", line 51, in run_sft
[rank6]:     dataset_module = get_dataset(template, model_args, data_args, training_args, stage="sft", **tokenizer_module)
[rank6]:                      ^^^^^^^^^^^^^^^^^^^^^^^^^^^^^^^^^^^^^^^^^^^^^^^^^^^^^^^^^^^^^^^^^^^^^^^^^^^^^^^^^^^^^^^^^^^^
[rank6]:   File "/app/src/llamafactory/data/loader.py", line 304, in get_dataset
[rank6]:     dataset = _get_merged_dataset(data_args.dataset, model_args, data_args, training_args, stage)
[rank2]:               ^^^^^^^^^^^^^^^^^^^[rank6]:               ^^^^^^^^^^^^^^^^^^^^^^^^^^^^^^^^^^^^^^^^^^^^^^^^^^^^^^^^^^^^^^^^^^^^^^^^^^^^^^^^^^^
[rank2]:   File "/app/src/llamafactory/data/loader.py", line 182, in _get_merged_dataset
[rank2]:     datasets[dataset_name] = _load_single_dataset(dataset_attr, model_args, data_args, training_args)
[rank2]:                              ^^^^^^^^^^^^^^^^^^^^^^^^^^^^^^^^^^^^^^^^^^^^^^^^^^^^^^^^^^^^^^^^^^^^^^^^
[rank2]:   File "/app/src/llamafactory/data/loader.py", line 131, in _load_single_dataset
[rank2]:     dataset = load_dataset(
[rank2]:               ^^^^^^^^^^^^^
[rank2]:   File "/opt/conda/lib/python3.11/site-packages/datasets/load.py", line 1392, in load_dataset
[rank2]:     builder_instance = load_dataset_builder(
[rank2]:                        ^^^^^^^^^^^^^^^^^^^^^
[rank2]:   File "/opt/conda/lib/python3.11/site-packages/datasets/load.py", line 1132, in load_dataset_builder
[rank2]:     dataset_module = dataset_module_factory(
[rank2]:                      ^^^^^^^^^^^^^^^^^^^^^^^
^^^^^^^^^^^^^^^^^^^^^^^^^^^^^^^^^^^^^^^^^^^^^^^^^^^^^^^^^^^^^^^^
[rank6]:   File "/app/src/llamafactory/data/loader.py", line 182, in _get_merged_dataset
[rank6]:     datasets[dataset_name] = _load_single_dataset(dataset_attr, model_args, data_args, training_args)
[rank6]:                              ^^^^^^^^^^^^^^^^^^^^^^^^^^^^^^^^^^^^^^^^^^^^^^^^^^^^^^^^^^^^^^^^^^^^^^^^
[rank6]:   File "/app/src/llamafactory/data/loader.py", line 131, in _load_single_dataset
[rank6]:     dataset = load_dataset(
[rank6]:               ^^^^^^^^^^^^^
[rank6]:   File "/opt/conda/lib/python3.11/site-packages/datasets/load.py", line 1392, in load_dataset
[rank6]:     builder_instance = load_dataset_builder(
[rank6]:                        ^^^^^^^^^^^^^^^^^^^^^
[rank6]:   File "/opt/conda/lib/python3.11/site-packages/datasets/load.py", line 1132, in load_dataset_builder
[rank6]:     dataset_module = dataset_module_factory(
[rank6]:                      ^^^^^^^^^^^^^^^^^^^^^^^
[rank2]:   File "/opt/conda/lib/python3.11/site-packages/datasets/load.py", li[rank6]:   File "/opt/conda/lib/python3.11/site-packages/datasets/load.py", line 1031, in dataset_module_factory
[rank2]:     raise e1 from None
[rank2]:   File "/opt/conda/lib/python3.11/site-packages/datasets/load.py", line 967, in dataset_module_factory
[rank2]:     raise ConnectionError(f"Couldn't reach '{path}' on the Hub ({e.__class__.__name__})") from e
[rank2]: ConnectionError: Couldn't reach 'Harsh1729/long_sft' on the Hub (OfflineModeIsEnabled)
ne 1031, in dataset_module_factory
[rank6]:     raise e1 from None
[rank6]:   File "/opt/conda/lib/python3.11/site-packages/datasets/load.py", line 967, in dataset_module_factory
[rank6]:     raise ConnectionError(f"Couldn't reach '{path}' on the Hub ({e.__class__.__name__})") from e
[rank6]: ConnectionError: Couldn't reach 'Harsh1729/long_sft' on the Hub (OfflineModeIsEnabled)
[rank15]: Traceback (most recent call last):
[rank15]:   File "/app/src/llamafactory/launcher.py", line 180, in <module>
[rank15]:     run_exp()
[rank15]:   File "/app/src/llamafactory/train/tuner.py", line 110, in run_exp
[rank15]:     _training_function(config={"args": args, "callbacks": callbacks})
[rank15]:   File "/app/src/llamafactory/train/tuner.py", line 72, in _training_function
[rank15]:     run_sft(model_args, data_args, training_args, finetuning_args, generating_args, callbacks)
[rank15]:   File "/app/src/llamafactory/train/sft/workflow.py", line 51, in run_sft
[rank15]:     dataset_module = get_dataset(template, model_args, data_args, training_args, stage="sft", **tokenizer_module)
[rank15]:                      ^^^^^^^^^^^^^^^^^^^^^^^^^^^^^^^^^^^^^^^^^^^^^^^^^^^^^^^^^^^^^^^^^^^^^^^^^^^^^^^^^^^^^^^^^^^^
[rank15]:   File "/app/src/llamafactory/data/loader.py", line 304, in get_dataset
[rank15]:     dataset = _get_merged_dataset(data_args.dataset, model_args, data_args, training_args, stage)
[rank1]: Traceback (most recent call last):
[rank1]:   File "/app/src/llamafactory/launcher.py", line 180, in <module>
[rank1]:     run_exp()
[rank1]:   File "/app/src/llamafactory/train/tuner.py", line 110, in run_exp
[rank1]:     _training_function(config={"args": args, "callbacks": callbacks})
[rank1]:   File "/app/src/llamafactory/train/tuner.py", line 72, in _training_function
[rank1]:     run_sft(model_args, data_args, training_args, finetuning_args, generating_args, callbacks)
[rank1]:   File "/app/src/llamafactory/train/sft/workflow.py", line 51, in run_sft
[rank1]:     dataset_module = get_dataset(template, model_args, data_args, training_args, stage="sft", **tokenizer_module)
[rank1]:                      ^^^^^^^^^^^^^^^^^^^^^^^^^^^^^^^^^^^^^^^^^^^^^^^^^^^^^^^^^^^^^^^^^^^^^^^^^^^^^^^^^^^^^^^^^^^^
[rank1]:   File "/app/src/llamafactory/data/loader.py", line 304, in get_dataset
[rank1]:     dataset = _get_merged_dataset(data_args.dataset, model_args, data_args, training_args, stage)
[rank7]: Traceback (most recent call last):
[rank7]:   File "/app/src/llamafactory/launcher.py", line 180, in <module>
[rank7]:     run_exp()
[rank7]:   File "/app/src/llamafactory/train/tuner.py", line 110, in run_exp
[rank7]:     _training_function(config={"args": args, "callbacks": callbacks})
[rank7]:   File "/app/src/llamafactory/train/tuner.py", line 72, in _training_function
[rank7]:     run_sft(model_args, data_args, training_args, finetuning_args, generating_args, callbacks)
[rank7]:   File "/app/src/llamafactory/train/sft/workflow.py", line 51, in run_sft
[rank7]:     dataset_module = get_dataset(template, model_args, data_args, training_args, stage="sft", **tokenizer_module)
[rank7]:                      ^^^^^^^^^^^^^^^^^^^^^^^^^^^^^^^^^^^^^^^^^^^^^^^^^^^^^^^^^^^^^^^^^^^^^^^^^^^^^^^^^^^^^^^^^^^^
[rank7]:   File "/app/src/llamafactory/data/loader.py", line 304, in get_dataset
[rank7]:     dataset = _get_merged_dataset(data_args.dataset, model_args, data_args, training_args, stage)
[rank21]: Traceback (most recent call last):
[rank21]:   File "/app/src/llamafactory/launcher.py", line 180, in <module>
[rank21]:     run_exp()
[rank21]:   File "/app/src/llamafactory/train/tuner.py", line 110, in run_exp
[rank21]:     _training_function(config={"args": args, "callbacks": callbacks})
[rank21]:   File "/app/src/llamafactory/train/tuner.py", line 72, in _training_function
[rank21]:     run_sft(model_args, data_args, training_args, finetuning_args, generating_args, callbacks)
[rank21]:   File "/app/src/llamafactory/train/sft/workflow.py", line 51, in run_sft
[rank21]:     dataset_module = get_dataset(template, model_args, data_args, training_args, stage="sft", **tokenizer_module)
[rank21]:                      ^^^^^^^^^^^^^^^^^^^^^^^^^^^^^^^^^^^^^^^^^^^^^^^^^^^^^^^^^^^^^^^^^^^^^^^^^^^^^^^^^^^^^^^^^^^^
[rank21]:   File "/app/src/llamafactory/data/loader.py", line 304, in get_dataset
[rank21]:     dataset = _get_merged_dataset(data_args.dataset, model_args, data_args, training_args, stage)
[rank1]:               ^^^^^^^^^^^^^^^^^^^[rank7]:               ^^^^^^^^^^^^^^^^^^^^^^^^^^^^^^^^^^^^^^^^^^^^^^^^^^^^^^^^^^^^^^^^^^^^^^^^^^^^^^^^^^^
[rank1]:   File "/app/src/llamafactory/data/loader.py", line 182, in _get_merged_dataset
[rank1]:     datasets[dataset_name] = _load_single_dataset(dataset_attr, model_args, data_args, training_args)
[rank1]:                              ^^^^^^^^^^^^^^^^^^^^^^^^^^^^^^^^^^^^^^^^^^^^^^^^^^^^^^^^^^^^^^^^^^^^^^^^
[rank1]:   File "/app/src/llamafactory/data/loader.py", line 131, in _load_single_dataset
[rank1]:     dataset = load_dataset(
[rank1]:               ^^^^^^^^^^^^^
[rank1]:   File "/opt/conda/lib/python3.11/site-packages/datasets/load.py", line 1392, in load_dataset
[rank1]:     builder_instance = load_dataset_builder(
[rank1]:                        ^^^^^^^^^^^^^^^^^^^^^
[rank1]:   File "/opt/conda/lib/python3.11/site-packages/datasets/load.py", line 1132, in load_dataset_builder
[rank1]:     dataset_module = dataset_module_factory(
[rank1]:                      ^^^^^^^^^^^^^^^^^^^^^^^
^^^^^^^^^^^^^^^^^^^^^^^^^^^^^^^^^^^^^^^^^^^^^^^^^^^^^^^^^^^^^^^^
[rank7]:   File "/app/src/llamafactory/data/loader.py", line 182, in _get_merged_dataset
[rank7]:     datasets[dataset_name] = _load_single_dataset(dataset_attr, model_args, data_args, training_args)
[rank7]:                              ^^^^^^^^^^^^^^^^^^^^^^^^^^^^^^^^^^^^^^^^^^^^^^^^^^^^^^^^^^^^^^^^^^^^^^^^
[rank7]:   File "/app/src/llamafactory/data/loader.py", line 131, in _load_single_dataset
[rank7]:     dataset = load_dataset(
[rank7]:               ^^^^^^^^^^^^^
[rank7]:   File "/opt/conda/lib/python3.11/site-packages/datasets/load.py", line 1392, in load_dataset
[rank7]:     builder_instance = load_dataset_builder(
[rank7]:                        ^^^^^^^^^^^^^^^^^^^^^
[rank7]:   File "/opt/conda/lib/python3.11/site-packages/datasets/load.py", line 1132, in load_dataset_builder
[rank7]:     dataset_module = dataset_module_factory(
[rank7]:                      ^^^^^^^^^^^^^^^^^^^^^^^
[rank1]:   File "/opt/conda/lib/python3.11/site-packages/datasets/load.py", li[rank7]:   File "/opt/conda/lib/python3.11/site-packages/datasets/load.py", li[rank21]:               ^^^^^^ne 1031, in dataset_module_factory
[rank1]:     raise e1 from None
[rank1]:   File "/opt/conda/lib/python3.11/site-packages/datasets/load.py", line 967, in dataset_module_factory
[rank1]:     raise ConnectionError(f"Couldn't reach '{path}' on the Hub ({e.__class__.__name__})") from e
[rank1]: ConnectionError: Couldn't reach 'Harsh1729/long_sft' on the Hub (OfflineModeIsEnabled)
ne 1031, in dataset_module_factory
[rank7]:     raise e1 from None
[rank7]:   File "/opt/conda/lib/python3.11/site-packages/datasets/load.py", line 967, in dataset_module_factory
[rank7]:     raise ConnectionError(f"Couldn't reach '{path}' on the Hub ({e.__class__.__name__})") from e
[rank7]: ConnectionError: Couldn't reach 'Harsh1729/long_sft' on the Hub (OfflineModeIsEnabled)
[rank5]: Traceback (most recent call last):
[rank5]:   File "/app/src/llamafactory/launcher.py", line 180, in <module>
[rank5]:     run_exp()
[rank5]:   File "/app/src/llamafactory/train/tuner.py", line 110, in run_exp
[rank5]:     _training_function(config={"args": args, "callbacks": callbacks})
[rank5]:   File "/app/src/llamafactory/train/tuner.py", line 72, in _training_function
[rank5]:     run_sft(model_args, data_args, training_args, finetuning_args, generating_args, callbacks)
[rank5]:   File "/app/src/llamafactory/train/sft/workflow.py", line 51, in run_sft
^^^^^^^^^^^^^^^^^^^^^^^^^^^^^^^^^^^^^^^^^^^^^^^^^^^^^^^^^^^^^^^^^^^^^^^^^^^^^
[rank21]:   File "/app/src/llamafactory/data/loader.py", line 182, in _get_merged_dataset
[rank21]:     datasets[dataset_name] = _load_single_dataset(dataset_attr, model_args, data_args, training_args)
[rank21]:                              ^^^^^^^^^^^^^^^^^^^^^^^^^^^^^^^^^^^^^^^^^^^^^^^^^^^^^^^^^^^^^^^^^^^^^^^^
[rank21]:   File "/app/src/llamafactory/data/loader.py", line 131, in _load_single_dataset
[rank21]:     dataset = load_dataset(
[rank21]:               ^^^^^^^^^^^^^
[rank21]:   File "/opt/conda/lib/python3.11/site-packages/datasets/load.py", line 1392, in load_dataset
[rank21]:     builder_instance = load_dataset_builder(
[rank21]:                        ^^^^^^^^^^^^^^^^^^^^^
[rank21]:   File "/opt/conda/lib/python3.11/site-packages/datasets/load.py", line 1132, in load_dataset_builder
[rank21]:     dataset_module = dataset_module_factory(
[rank21]:                      ^^^^^^^^^^^^^^^^^^^^^^^
[rank5]:     dataset_module = get_dataset(template, model_args, data_args, training_args, stage[rank21]:   File "/opt/conda/lib/python3.11/site-pack[rank15]:               ^^^^^^="sft", **tokenizer_module)
[rank5]:                      ^^^^^^^^^^^^^^^^^^^^^^^^^^^^^^^^^^^^^^^^^^^^^^^^^^^^^^^^^^^^^^^^^^^^^^^^^^^^^^^^^^^^^^^^^^^^
[rank5]:   File "/app/src/llamafactory/data/loader.py", line 304, in get_dataset
[rank5]:     dataset = _get_merged_dataset(data_args.dataset, model_args, data_args, training_args, stage)
[rank5]:               ^^^^^^^^^^^^^^^^^^^^^^^^^^^^^^^^^^^^^^^^^^^^^^^^^^^^^^^^^^^^^^^^^^^^^^^^^^^^^^^^^^^
[rank5]:   File "/app/src/llamafactory/data/loader.py", line 182, in _get_merged_dataset
[rank5]:     datasets[dataset_name] = _load_single_dataset(dataset_attr, model_args, data_args, training_args)
[rank5]:                              ^^^^^^^^^^^^^^^^^^^^^^^^^^^^^^^^^^^^^^^^^^^^^^^^^^^^^^^^^^^^^^^^^^^^^^^^
[rank5]:   File "/app/src/llamafactory/data/loader.py", line 131, in _load_single_dataset
[rank5]: ages/datasets/load.py", line 1031, in dataset_module_factory
[rank21]:     raise e1 from None
[rank21]:   File "/opt/conda/lib/python3.11/site-packages/datasets/load.py", line 967, in dataset_module_factory
[rank21]:     raise ConnectionError(f"Couldn't reach '{path}' on the Hub ({e.__class__.__name__})") from e
[rank21]: ConnectionError: Couldn't reach 'Harsh1729/long_sft' on the Hub (OfflineModeIsEnabled)
[rank23]: Traceback (most recent call last):
[rank23]:   File "/app/src/llamafactory/launcher.py", line 180, in <module>
[rank23]:     run_exp()
[rank23]:   File "/app/src/llamafactory/train/tuner.py", line 110, in run_exp
[rank23]:     _training_function(config={"args": args, "callbacks": callbacks})
[rank23]:   File "/app/src/llamafactory/train/tuner.py", line 72, in _training_function
[rank23]:     run_sft(model_args, data_args, training_args, finetuning_args, generating_args, callbacks)
[rank23]:   File "/app/src/llamafactory/train/sft/workflow.py", line 51, in run_sft
^^^^^^^^^^^^^^^^^^^^^^^^^^^^^^^^^^^^^^^^^^^^^^^^^^^^^^^^^^^^^^^^^^^^^^^^^^^^^
[rank15]:   File "/app/src/llamafactory/data/loader.py", line 182, in _get_merged_dataset
[rank15]:     datasets[dataset_name] = _load_single_dataset(dataset_attr, model_args, data_args, training_args)
[rank15]:                              ^^^^^^^^^^^^^^^^^^^^^^^^^^^^^^^^^^^^^^^^^^^^^^^^^^^^^^^^^^^^^^^^^^^^^^^^
[rank15]:   File "/app/src/llamafactory/data/loader.py", line 131, in _load_single_dataset
[rank15]:     dataset = load_dataset(
[rank15]:               ^^^^^^^^^^^^^
[rank15]:   File "/opt/conda/lib/python3.11/site-packages/datasets/load.py", line 1392, in load_dataset
[rank15]:     builder_instance = load_dataset_builder(
[rank15]:                        ^^^^^^^^^^^^^^^^^^^^^
[rank15]:   File "/opt/conda/lib/python3.11/site-packages/datasets/load.py", line 1132, in load_dataset_builder
[rank15]:     dataset_module = dataset_module_factory(
[rank15]:                      ^^^^^^^^^^^^^^^^^^^^^^^
    dataset = load_dataset(
[rank5]:               ^^^^^^^^^^^^^
[rank5]:   File "/opt/conda/lib/python3.11/site-packages/datasets/load.py", line 1392, in load_dataset
[rank5]:     builder_instance = load_dataset_builder(
[rank5]:                        ^^^^^^^^^^^^^^^^^^^^^
[rank5]:   File "/opt/conda/lib/python3.11/site-packages/datasets/load.py", line 1132, in load_dataset_builder
[rank5]:     dataset_module = dataset_module_factory(
[rank5]:                      ^^^^^^^^^^^^^^^^^^^^^^^
[rank5]:   File "/opt/conda/lib/python3.11/site-packages/datasets/load.py", line 1031, in dataset_module_factory
[rank5]:     raise e1 from None
[rank5]:   File "/opt/conda/lib/python3.11/site-packages/datasets/load.py", line 967, in dataset_module_factory
[rank5]:     raise ConnectionError(f"Couldn't reach '{path}' on the Hub ({e.__class__.__name__})") from e
[rank5]: ConnectionError: Couldn't reach 'Harsh1729/long_sft' on the Hub (OfflineModeIsEnabled)
[rank23]:     dataset_module = get_dataset(template, mode[rank15]:   File "/opt/conda/lib/python3.11/site-pack[rank30]: Traceback (most recent call last):
[rank30]:   File "/app/src/llamafactory/launcher.py", line 180, in <module>
[rank30]:     run_exp()
[rank30]:   File "/app/src/llamafactory/train/tuner.py", line 110, in run_exp
[rank30]:     _training_function(config={"args": args, "callbacks": callbacks})
[rank30]:   File "/app/src/llamafactory/train/tuner.py", line 72, in _training_function
[rank30]:     run_sft(model_args, data_args, training_args, finetuning_args, generating_args, callbacks)
[rank30]:   File "/app/src/llamafactory/train/sft/workflow.py", line 51, in run_sft
[rank30]:     dataset_module = get_dataset(template, model_args, data_args, training_args, stage="sft", **tokenizer_module)
[rank30]:                      ^^^^^^^^^^^^^^^^^^^^^^^^^^^^^^^^^^^^^^^^^^^^^^^^^^^^^^^^^^^^^^^^^^^^^^^^^^^^^^^^^^^^^^^^^^^^
[rank30]:   File "/app/src/llamafactory/data/loader.py", line 304, in get_dataset
[rank30]:     dataset = _get_merged_dataset(data_args.dataset, model_args, data_args, training_args, stage)
l_args, data_args, training_args, stage="sft", **tokenizer_module)
[rank23]:                      ^^^^^^^^^^^^^^^^^^^^^^^^^^^^^^^^^^^^^^^^^^^^^^^^^^^^^^^^^^^^^^^^^^^^^^^^^^^^^^^^^^^^^^^^^^^^
[rank23]:   File "/app/src/llamafactory/data/loader.py", line 304, in get_dataset
[rank23]:     dataset = _get_merged_dataset(data_args.dataset, model_args, data_args, training_args, stage)
[rank23]:               ^^^^^^^^^^^^^^^^^^^^^^^^^^^^^^^^^^^^^^^^^^^^^^^^^^^^^^^^^^^^^^^^^^^^^^^^^^^^^^^^^^^
[rank23]:   File "/app/src/llamafactory/data/loader.py", line 182, in _get_merged_dataset
[rank23]:     datasets[dataset_name] = _load_single_dataset(dataset_attr, model_args, data_args, training_args)
[rank23]:                              ^^^^^^^^^^^^^^^^^^^^^^^^^^^^^^^^^^^^^^^^^^^^^^^^^^^^^^^^^^^^^^^^^^^^^^^^
[rank23]:   File "/app/src/llamafactory/data/loader.pages/datasets/load.py", line 1031, in dataset_module_factory
[rank15]:     raise e1 from None
[rank15]:   File "/opt/conda/lib/python3.11/site-packages/datasets/load.py", line 967, in dataset_module_factory
[rank15]:     raise ConnectionError(f"Couldn't reach '{path}' on the Hub ({e.__class__.__name__})") from e
[rank15]: ConnectionError: Couldn't reach 'Harsh1729/long_sft' on the Hub (OfflineModeIsEnabled)
y", line 131, in _load_single_dataset
[rank23]:     dataset = load_dataset(
[rank23]:               ^^^^^^^^^^^^^
[rank23]:   File "/opt/conda/lib/python3.11/site-packages/datasets/load.py", line 1392, in load_dataset
[rank23]:     builder_instance = load_dataset_builder(
[rank23]:                        ^^^^^^^^^^^^^^^^^^^^^
[rank23]:   File "/opt/conda/lib/python3.11/site-packages/datasets/load.py", line 1132, in load_dataset_builder
[rank23]:     dataset_module = dataset_module_factory(
[rank23]:                      ^^^^^^^^^^^^^^^^^^^^^^^
[rank23]:   File "/opt/conda/lib/python3.11/site-packages/datasets/load.py", line 1031, in dataset_module_factory
[rank23]:     raise e1 from None
[rank23]:   File "/opt/conda/lib/python3.11/site-packages/datasets/load.py", line 967, in dataset_module_factory
[rank23]:     raise ConnectionError(f"Couldn't reach '{path}' on the Hub ({e.__class__.__name__})") from e
[rank23]: ConnectionError: Couldn't reach 'Harsh1729/long_sft' on the Hub (OfflineModeIsEnabled)
[rank22]: Traceback (most recent call last):
[rank22]:   File "/app/src/llamafactory/launcher.py", line 180, in <module>
[rank22]:     run_exp()
[rank22]:   File "/app/src/llamafactory/train/tuner.py", line 110, in run_exp
[rank22]:     _training_function(config={"args": args, "callbacks": callbacks})
[rank22]:   File "/app/src/llamafactory/train/tuner.py", line 72, in _training_function
[rank22]:     run_sft(model_args, data_args, training_args, finetuning_args, generating_args, callbacks)
[rank22]:   File "/app/src/llamafactory/train/sft/workflow.py", line 51, in run_sft
[rank22]:     dataset_module = get_dataset(template, model_args, data_args, training_args, stage="sft", **tokenizer_module)
[rank22]:                      ^^^^^^^^^^^^^^^^^^^^^^^^^^^^^^^^^^^^^^^^^^^^^^^^^^^^^^^^^^^^^^^^^^^^^^^^^^^^^^^^^^^^^^^^^^^^
[rank22]:   File "/app/src/llamafactory/data/loader.py", line 304, in get_dataset
[rank22]:     dataset = _get_merged_dataset(data_args.dataset, model_args, data_args, training_args, stage)
[rank30]:               ^^^^^^[rank22]:               ^^^^^^^^^^^^^^^^^^^^^^^^^^^^^^^^^^^^^^^^^^^^^^^^^^^^^^^^^^^^^^^^^^^^^^^^^^^^^^^^^^^^^^^^^^^^^^^^^^^^^^^^^^^^^^^^^^^^^
[rank30]:   File "/app/src/llamafactory/data/loader.py", line 182, in _get_merged_dataset
[rank30]:     datasets[dataset_name] = _load_single_dataset(dataset_attr, model_args, data_args, training_args)
[rank30]:                              ^^^^^^^^^^^^^^^^^^^^^^^^^^^^^^^^^^^^^^^^^^^^^^^^^^^^^^^^^^^^^^^^^^^^^^^^
[rank30]:   File "/app/src/llamafactory/data/loader.py", line 131, in _load_single_dataset
[rank30]:     dataset = load_dataset(
[rank30]:               ^^^^^^^^^^^^^
[rank30]:   File "/opt/conda/lib/python3.11/site-packages/datasets/load.py", line 1392, in load_dataset
[rank30]:     builder_instance = load_dataset_builder(
[rank30]:                        ^^^^^^^^^^^^^^^^^^^^^
[rank30]:   File "/opt/conda/lib/python3.11/site-packages/datasets/load.py", line 1132, in load_dataset_builder
[rank30]:     dataset_module = dataset_module_factory(
[rank30]:                      ^^^^^^^^^^^^^^^^^^^^^^^
^^^^^^^^^^^^^^^^^^^^^^^^^^^^^^^^^^^^^^^^^^^
[rank22]:   File "/app/src/llamafactory/data/loader.py", line 182, in _get_merged_dataset
[rank22]:     datasets[dataset_name] = _load_single_dataset(dataset_attr, model_args, data_args, training_args)
[rank22]:                              ^^^^^^^^^^^^^^^^^^^^^^^^^^^^^^^^^^^^^^^^^^^^^^^^^^^^^^^^^^^^^^^^^^^^^^^^
[rank22]:   File "/app/src/llamafactory/data/loader.py", line 131, in _load_single_dataset
[rank22]:     dataset = load_dataset(
[rank22]:               ^^^^^^^^^^^^^
[rank22]:   File "/opt/conda/lib/python3.11/site-packages/datasets/load.py", line 1392, in load_dataset
[rank22]:     builder_instance = load_dataset_builder(
[rank22]:                        ^^^^^^^^^^^^^^^^^^^^^
[rank22]:   File "/opt/conda/lib/python3.11/site-packages/datasets/load.py", line 1132, in load_dataset_builder
[rank22]:     dataset_module = dataset_module_factory(
[rank22]:                      ^^^^^^^^^^^^^^^^^^^^^^^
[rank30]:   File "/opt/conda/lib/python3.11/site-pack[rank22]:   File "/opt/conda/lib/python3.11/site-packages/datasets/load.py", line 1031,ages/datasets/load.py", line 1031, in dataset_module_factory
[rank30]:     raise e1 from None
[rank30]:   File "/opt/conda/lib/python3.11/site-packages/datasets/load.py", line 967, in dataset_module_factory
[rank30]:     raise ConnectionError(f"Couldn't reach '{path}' on the Hub ({e.__class__.__name__})") from e
[rank30]: ConnectionError: Couldn't reach 'Harsh1729/long_sft' on the Hub (OfflineModeIsEnabled)
 in dataset_module_factory
[rank22]:     raise e1 from None
[rank22]:   File "/opt/conda/lib/python3.11/site-packages/datasets/load.py", line 967, in dataset_module_factory
[rank22]:     raise ConnectionError(f"Couldn't reach '{path}' on the Hub ({e.__class__.__name__})") from e
[rank22]: ConnectionError: Couldn't reach 'Harsh1729/long_sft' on the Hub (OfflineModeIsEnabled)
[rank9]: Traceback (most recent call last):
[rank9]:   File "/app/src/llamafactory/launcher.py", line 180, in <module>
[rank9]:     run_exp()
[rank9]:   File "/app/src/llamafactory/train/tuner.py", line 110, in run_exp
[rank9]:     _training_function(config={"args": args, "callbacks": callbacks})
[rank9]:   File "/app/src/llamafactory/train/tuner.py", line 72, in _training_function
[rank9]:     run_sft(model_args, data_args, training_args, finetuning_args, generating_args, callbacks)
[rank9]:   File "/app/src/llamafactory/train/sft/workflow.py", line 51, in run_sft
[rank9]:     dataset_module = get_dataset(template, model_args, data_args, training_args, stage="sft", **tokenizer_module)
[rank9]:                      ^^^^^^^^^^^^^^^^^^^^^^^^^^^^^^^^^^^^^^^^^^^^^^^^^^^^^^^^^^^^^^^^^^^^^^^^^^^^^^^^^^^^^^^^^^^^
[rank9]:   File "/app/src/llamafactory/data/loader.py", line 304, in get_dataset
[rank9]:     dataset = _get_merged_dataset(data_args.dataset, model_args, data_args, training_args, stage)
[rank26]: Traceback (most recent call last):
[rank26]:   File "/app/src/llamafactory/launcher.py", line 180, in <module>
[rank26]:     run_exp()
[rank26]:   File "/app/src/llamafactory/train/tuner.py", line 110, in run_exp
[rank26]:     _training_function(config={"args": args, "callbacks": callbacks})
[rank26]:   File "/app/src/llamafactory/train/tuner.py", line 72, in _training_function
[rank26]:     run_sft(model_args, data_args, training_args, finetuning_args, generating_args, callbacks)
[rank26]:   File "/app/src/llamafactory/train/sft/workflow.py", line 51, in run_sft
[rank26]:     dataset_module = get_dataset(template, model_args, data_args, training_args, stage="sft", **tokenizer_module)
[rank26]:                      ^^^^^^^^^^^^^^^^^^^^^^^^^^^^^^^^^^^^^^^^^^^^^^^^^^^^^^^^^^^^^^^^^^^^^^^^^^^^^^^^^^^^^^^^^^^^
[rank26]:   File "/app/src/llamafactory/data/loader.py", line 304, in get_dataset
[rank26]:     dataset = _get_merged_dataset(data_args.dataset, model_args, data_args, training_args, stage)
[rank9]:               ^^^^^^^^^^^^^^^^^^^^^^^^^^^^^^^^^^^^^^^^^^^^^^^^^^^^^^^^^^^^^^^^^^^^^^^^^^^^^^^^^^^
[rank9]:   File "/app/src/llamafactory/data/loader.py", line 182, in _get_merged_dataset
[rank9]:     datasets[dataset_name] = _load_single_dataset(dataset_attr, model_args, data_args, training_args)
[rank9]:                              ^^^^^^^^^^^^^^^^^^^^^^^^^^^^^^^^^^^^^^^^^^^^^^^^^^^^^^^^^^^^^^^^^^^^^^^^
[rank9]:   File "/app/src/llamafactory/data/loader.py", line 131, in _load_single_dataset
[rank9]:     dataset = load_dataset(
[rank9]:               ^^^^^^^^^^^^^
[rank9]:   File "/opt/conda/lib/python3.11/site-packages/datasets/load.py", line 1392, in load_dataset
[rank9]:     builder_instance = load_dataset_builder(
[rank9]:                        ^^^^^^^^^^^^^^^^^^^^^
[rank9]:   File "/opt/conda/lib/python3.11/site-packages/datasets/load.py", line 1132, in load_dataset_builder
[rank9]:     dataset_module = dataset_module_factory(
[rank9]:                      ^^^^^^^^^^^^^^^^^^^^^^^
[rank26]:               ^^^^^^[rank9]:   File "/opt/conda/lib/python3.11/site-packages/datasets/load.py", li^^^^^^^^^^^^^^^^^^^^^^^^^^^^^^^^^^^^^^^^^^^^^^^^^^^^^^^^^^^^^^^^^^^^^^^^^^^^^
[rank26]:   File "/app/src/llamafactory/data/loader.py", line 182, in _get_merged_dataset
[rank26]:     datasets[dataset_name] = _load_single_dataset(dataset_attr, model_args, data_args, training_args)
[rank26]:                              ^^^^^^^^^^^^^^^^^^^^^^^^^^^^^^^^^^^^^^^^^^^^^^^^^^^^^^^^^^^^^^^^^^^^^^^^
[rank26]:   File "/app/src/llamafactory/data/loader.py", line 131, in _load_single_dataset
[rank26]:     dataset = load_dataset(
[rank26]:               ^^^^^^^^^^^^^
[rank26]:   File "/opt/conda/lib/python3.11/site-packages/datasets/load.py", line 1392, in load_dataset
[rank26]:     builder_instance = load_dataset_builder(
[rank26]:                        ^^^^^^^^^^^^^^^^^^^^^
[rank26]:   File "/opt/conda/lib/python3.11/site-packages/datasets/load.py", line 1132, in load_dataset_builder
[rank26]:     dataset_module = dataset_module_factory(
[rank26]:                      ^^^^^^^^^^^^^^^^^^^^^^^
ne 1031, in dataset_module_factory
[rank9]:     raise e1 from None
[rank9]:   File "/opt/conda/lib/python3.11/site-packages/datasets/load.py", line 967, in dataset_module_factory
[rank9]:     raise ConnectionError(f"Couldn't reach '{path}' on the Hub ({e.__class__.__name__})") from e
[rank9]: ConnectionError: Couldn't reach 'Harsh1729/long_sft' on the Hub (OfflineModeIsEnabled)
[rank26]:   File "/opt/conda/lib/python3.11/site-packages/datasets/load.py", line 1031, in dataset_module_factory
[rank26]:     raise e1 from None
[rank26]:   File "/opt/conda/lib/python3.11/site-packages/datasets/load.py", line 967, in dataset_module_factory
[rank26]:     raise ConnectionError(f"Couldn't reach '{path}' on the Hub ({e.__class__.__name__})") from e
[rank26]: ConnectionError: Couldn't reach 'Harsh1729/long_sft' on the Hub (OfflineModeIsEnabled)
[rank18]: Traceback (most recent call last):
[rank18]:   File "/app/src/llamafactory/launcher.py", line 180, in <module>
[rank18]:     run_exp()
[rank18]:   File "/app/src/llamafactory/train/tuner.py", line 110, in run_exp
[rank18]:     _training_function(config={"args": args, "callbacks": callbacks})
[rank18]:   File "/app/src/llamafactory/train/tuner.py", line 72, in _training_function
[rank18]:     run_sft(model_args, data_args, training_args, finetuning_args, generating_args, callbacks)
[rank18]:   File "/app/src/llamafactory/train/sft/workflow.py", line 51, in run_sft
[rank18]:     dataset_module = get_dataset(template, model_args, data_args, training_args, stage="sft", **tokenizer_module)
[rank18]:                      ^^^^^^^^^^^^^^^^^^^^^^^^^^^^^^^^^^^^^^^^^^^^^^^^^^^^^^^^^^^^^^^^^^^^^^^^^^^^^^^^^^^^^^^^^^^^
[rank18]:   File "/app/src/llamafactory/data/loader.py", line 304, in get_dataset
[rank18]:     dataset = _get_merged_dataset(data_args.dataset, model_args, data_args, training_args, stage)
[rank27]: Traceback (most recent call last):
[rank27]:   File "/app/src/llamafactory/launcher.py", line 180, in <module>
[rank27]:     run_exp()
[rank27]:   File "/app/src/llamafactory/train/tuner.py", line 110, in run_exp
[rank27]:     _training_function(config={"args": args, "callbacks": callbacks})
[rank27]:   File "/app/src/llamafactory/train/tuner.py", line 72, in _training_function
[rank27]:     run_sft(model_args, data_args, training_args, finetuning_args, generating_args, callbacks)
[rank27]:   File "/app/src/llamafactory/train/sft/workflow.py", line 51, in run_sft
[rank27]:     dataset_module = get_dataset(template, model_args, data_args, training_args, stage="sft", **tokenizer_module)
[rank27]:                      ^^^^^^^^^^^^^^^^^^^^^^^^^^^^^^^^^^^^^^^^^^^^^^^^^^^^^^^^^^^^^^^^^^^^^^^^^^^^^^^^^^^^^^^^^^^^
[rank27]:   File "/app/src/llamafactory/data/loader.py", line 304, in get_dataset
[rank27]:     dataset = _get_merged_dataset(data_args.dataset, model_args, data_args, training_args, stage)
[rank27]:               ^^^^^^^^^^^^^^^^^^^^^^^^^^^^^^^^^^^^^^^^^^^^^^^^^^^^^^^^^^^^^^^^^^^^^^^^^^^^^^^^^^^
[rank27]:   File "/app/src/llamafactory/data/loader.py", line 182, in _get_merged_dataset
[rank27]:     datasets[dataset_name] = _load_single_dataset(dataset_attr, model_args, data_args, training_args)
[rank27]:                              ^^^^^^^^^^^^^^^^^^^^^^^^^^^^^^^^^^^^^^^^^^^^^^^^^^^^^^^^^^^^^^^^^^^^^^^^
[rank27]:   File "/app/src/llamafactory/data/loader.py", line 131, in _load_single_dataset
[rank27]:     dataset = load_dataset(
[rank27]:               ^^^^^^^^^^^^^
[rank27]:   File "/opt/conda/lib/python3.11/site-packages/datasets/load.py", line 1392, in load_dataset
[rank27]:     builder_instance = load_dataset_builder(
[rank27]:                        ^^^^^^^^^^^^^^^^^^^^^
[rank27]:   File "/opt/conda/lib/python3.11/site-packages/datasets/load.py", line 1132, in load_dataset_builder
[rank27]:     dataset_module = dataset_module_factory(
[rank27]:                      ^^^^^^^^^^^^^^^^^^^^^^^
[rank27]:   File "/opt/conda/lib/python3.11/site-packages/datasets/load.py", line 1031, in dataset_module_factory
[rank27]:     raise e1 from None
[rank27]:   File "/opt/conda/lib/python3.11/site-packages/datasets/load.py", line 967, in dataset_module_factory
[rank27]:     raise ConnectionError(f"Couldn't reach '{path}' on the Hub ({e.__class__.__name__})") from e
[rank27]: ConnectionError: Couldn't reach 'Harsh1729/long_sft' on the Hub (OfflineModeIsEnabled)
[rank18]:               ^^^^^^^^^^^^^^^^^^^^^^^^^^^^^^^^^^^^^^^^^^^^^^^^^^^^^^^^^^^^^^^^^^^^^^^^^^^^^^^^^^^
[rank18]:   File "/app/src/llamafactory/data/loader.py", line 182, in _get_merged_dataset
[rank18]:     datasets[dataset_name] = _load_single_dataset(dataset_attr, model_args, data_args, training_args)
[rank18]:                              ^^^^^^^^^^^^^^^^^^^^^^^^^^^^^^^^^^^^^^^^^^^^^^^^^^^^^^^^^^^^^^^^^^^^^^^^
[rank18]:   File "/app/src/llamafactory/data/loader.py", line 131, in _load_single_dataset
[rank18]:     dataset = load_dataset(
[rank18]:               ^^^^^^^^^^^^^
[rank18]:   File "/opt/conda/lib/python3.11/site-packages/datasets/load.py", line 1392, in load_dataset
[rank18]:     builder_instance = load_dataset_builder(
[rank18]:                        ^^^^^^^^^^^^^^^^^^^^^
[rank18]:   File "/opt/conda/lib/python3.11/site-packages/datasets/load.py", line 1132, in load_dataset_builder
[rank18]:     dataset_module = dataset_module_factory(
[rank18]:                      ^^^^^^^^^^^^^^^^^^^^^^^
[rank18]:   File "/opt/conda/lib/python3.11/site-packages/datasets/load.py", line 1031, in dataset_module_factory
[rank18]:     raise e1 from None
[rank18]:   File "/opt/conda/lib/python3.11/site-packages/datasets/load.py", line 967, in dataset_module_factory
[rank18]:     raise ConnectionError(f"Couldn't reach '{path}' on the Hub ({e.__class__.__name__})") from e
[rank18]: ConnectionError: Couldn't reach 'Harsh1729/long_sft' on the Hub (OfflineModeIsEnabled)
[rank17]: Traceback (most recent call last):
[rank17]:   File "/app/src/llamafactory/launcher.py", line 180, in <module>
[rank17]:     run_exp()
[rank17]:   File "/app/src/llamafactory/train/tuner.py", line 110, in run_exp
[rank17]:     _training_function(config={"args": args, "callbacks": callbacks})
[rank17]:   File "/app/src/llamafactory/train/tuner.py", line 72, in _training_function
[rank17]:     run_sft(model_args, data_args, training_args, finetuning_args, generating_args, callbacks)
[rank17]:   File "/app/src/llamafactory/train/sft/workflow.py", line 51, in run_sft
[rank17]:     dataset_module = get_dataset(template, model_args, data_args, training_args, stage="sft", **tokenizer_module)
[rank17]:                      ^^^^^^^^^^^^^^^^^^^^^^^^^^^^^^^^^^^^^^^^^^^^^^^^^^^^^^^^^^^^^^^^^^^^^^^^^^^^^^^^^^^^^^^^^^^^
[rank17]:   File "/app/src/llamafactory/data/loader.py", line 304, in get_dataset
[rank17]:     dataset = _get_merged_dataset(data_args.dataset, model_args, data_args, training_args, stage)
[rank17]:               ^^^^^^^^^^^^^^^^^^^^^^^^^^^^^^^^^^^^^^^^^^^^^^^^^^^^^^^^^^^^^^^^^^^^^^^^^^^^^^^^^^^
[rank17]:   File "/app/src/llamafactory/data/loader.py", line 182, in _get_merged_dataset
[rank17]:     datasets[dataset_name] = _load_single_dataset(dataset_attr, model_args, data_args, training_args)
[rank17]:                              ^^^^^^^^^^^^^^^^^^^^^^^^^^^^^^^^^^^^^^^^^^^^^^^^^^^^^^^^^^^^^^^^^^^^^^^^
[rank17]:   File "/app/src/llamafactory/data/loader.py", line 131, in _load_single_dataset
[rank17]:     dataset = load_dataset(
[rank17]:               ^^^^^^^^^^^^^
[rank17]:   File "/opt/conda/lib/python3.11/site-packages/datasets/load.py", line 1392, in load_dataset
[rank17]:     builder_instance = load_dataset_builder(
[rank17]:                        ^^^^^^^^^^^^^^^^^^^^^
[rank17]:   File "/opt/conda/lib/python3.11/site-packages/datasets/load.py", line 1132, in load_dataset_builder
[rank17]:     dataset_module = dataset_module_factory(
[rank17]:                      ^^^^^^^^^^^^^^^^^^^^^^^
[rank17]:   File "/opt/conda/lib/python3.11/site-packages/datasets/load.py", line 1031, in dataset_module_factory
[rank17]:     raise e1 from None
[rank17]:   File "/opt/conda/lib/python3.11/site-packages/datasets/load.py", line 967, in dataset_module_factory
[rank17]:     raise ConnectionError(f"Couldn't reach '{path}' on the Hub ({e.__class__.__name__})") from e
[rank17]: ConnectionError: Couldn't reach 'Harsh1729/long_sft' on the Hub (OfflineModeIsEnabled)
[rank16]: Traceback (most recent call last):
[rank16]:   File "/app/src/llamafactory/launcher.py", line 180, in <module>
[rank16]:     run_exp()
[rank16]:   File "/app/src/llamafactory/train/tuner.py", line 110, in run_exp
[rank16]:     _training_function(config={"args": args, "callbacks": callbacks})
[rank16]:   File "/app/src/llamafactory/train/tuner.py", line 72, in _training_function
[rank16]:     run_sft(model_args, data_args, training_args, finetuning_args, generating_args, callbacks)
[rank16]:   File "/app/src/llamafactory/train/sft/workflow.py", line 51, in run_sft
[rank16]:     dataset_module = get_dataset(template, model_args, data_args, training_args, stage="sft", **tokenizer_module)
[rank16]:                      ^^^^^^^^^^^^^^^^^^^^^^^^^^^^^^^^^^^^^^^^^^^^^^^^^^^^^^^^^^^^^^^^^^^^^^^^^^^^^^^^^^^^^^^^^^^^
[rank16]:   File "/app/src/llamafactory/data/loader.py", line 304, in get_dataset
[rank16]:     dataset = _get_merged_dataset(data_args.dataset, model_args, data_args, training_args, stage)
[rank16]:               ^^^^^^^^^^^^^^^^^^^^^^^^^^^^^^^^^^^^^^^^^^^^^^^^^^^^^^^^^^^^^^^^^^^^^^^^^^^^^^^^^^^
[rank16]:   File "/app/src/llamafactory/data/loader.py", line 182, in _get_merged_dataset
[rank16]:     datasets[dataset_name] = _load_single_dataset(dataset_attr, model_args, data_args, training_args)
[rank16]:                              ^^^^^^^^^^^^^^^^^^^^^^^^^^^^^^^^^^^^^^^^^^^^^^^^^^^^^^^^^^^^^^^^^^^^^^^^
[rank16]:   File "/app/src/llamafactory/data/loader.py", line 131, in _load_single_dataset
[rank16]:     dataset = load_dataset(
[rank16]:               ^^^^^^^^^^^^^
[rank16]:   File "/opt/conda/lib/python3.11/site-packages/datasets/load.py", line 1392, in load_dataset
[rank16]:     builder_instance = load_dataset_builder(
[rank16]:                        ^^^^^^^^^^^^^^^^^^^^^
[rank16]:   File "/opt/conda/lib/python3.11/site-packages/datasets/load.py", line 1132, in load_dataset_builder
[rank16]:     dataset_module = dataset_module_factory(
[rank16]:                      ^^^^^^^^^^^^^^^^^^^^^^^
[rank16]:   File "/opt/conda/lib/python3.11/site-packages/datasets/load.py", line 1031,[rank29]: Traceback (most recent call last):
[rank29]:   File "/app/src/llamafactory/launcher.py", line 180, in <module>
[rank29]:     run_exp()
[rank29]:   File "/app/src/llamafactory/train/tuner.py", line 110, in run_exp
[rank29]:     _training_function(config={"args": args, "callbacks": callbacks})
[rank29]:   File "/app/src/llamafactory/train/tuner.py", line 72, in _training_function
[rank29]:     run_sft(model_args, data_args, training_args, finetuning_args, generating_args, callbacks)
[rank29]:   File "/app/src/llamafactory/train/sft/workflow.py", line 51, in run_sft
[rank29]:     dataset_module = get_dataset(template, model_args, data_args, training_args, stage="sft", **tokenizer_module)
[rank29]:                      ^^^^^^^^^^^^^^^^^^^^^^^^^^^^^^^^^^^^^^^^^^^^^^^^^^^^^^^^^^^^^^^^^^^^^^^^^^^^^^^^^^^^^^^^^^^^
[rank29]:   File "/app/src/llamafactory/data/loader.py", line 304, in get_dataset
[rank29]:     dataset = _get_merged_dataset(data_args.dataset, model_args, data_args, training_args, stage)
 in dataset_module_factory
[rank16]:     raise e1 from None
[rank16]:   File "/opt/conda/lib/python3.11/site-packages/datasets/load.py", line 967, in dataset_module_factory
[rank16]:     raise ConnectionError(f"Couldn't reach '{path}' on the Hub ({e.__class__.__name__})") from e
[rank16]: ConnectionError: Couldn't reach 'Harsh1729/long_sft' on the Hub (OfflineModeIsEnabled)
[rank29]:               ^^^^^^^^^^^^^^^^^^^^^^^^^^^^^^^^^^^^^^^^^^^^^^^^^^^^^^^^^^^^^^^^^^^^^^^^^^^^^^^^^^^
[rank29]:   File "/app/src/llamafactory/data/loader.py", line 182, in _get_merged_dataset
[rank29]:     datasets[dataset_name] = _load_single_dataset(dataset_attr, model_args, data_args, training_args)
[rank29]:                              ^^^^^^^^^^^^^^^^^^^^^^^^^^^^^^^^^^^^^^^^^^^^^^^^^^^^^^^^^^^^^^^^^^^^^^^^
[rank29]:   File "/app/src/llamafactory/data/loader.py", line 131, in _load_single_dataset
[rank29]:     dataset = load_dataset(
[rank29]:               ^^^^^^^^^^^^^
[rank29]:   File "/opt/conda/lib/python3.11/site-packages/datasets/load.py", line 1392, in load_dataset
[rank29]:     builder_instance = load_dataset_builder(
[rank29]:                        ^^^^^^^^^^^^^^^^^^^^^
[rank29]:   File "/opt/conda/lib/python3.11/site-packages/datasets/load.py", line 1132, in load_dataset_builder
[rank29]:     dataset_module = dataset_module_factory(
[rank29]:                      ^^^^^^^^^^^^^^^^^^^^^^^
[rank25]: Traceback (most recent call last):
[rank25]:   File "/app/src/llamafactory/launcher.py", line 180, in <module>
[rank25]:     run_exp()
[rank25]:   File "/app/src/llamafactory/train/tuner.py", line 110, in run_exp
[rank25]:     _training_function(config={"args": args, "callbacks": callbacks})
[rank25]:   File "/app/src/llamafactory/train/tuner.py", line 72, in _training_function
[rank25]:     run_sft(model_args, data_args, training_args, finetuning_args, generating_args, callbacks)
[rank25]:   File "/app/src/llamafactory/train/sft/workflow.py", line 51, in run_sft
[rank25]:     dataset_module = get_dataset(template, model_args, data_args, training_args, stage="sft", **tokenizer_module)
[rank25]:                      ^^^^^^^^^^^^^^^^^^^^^^^^^^^^^^^^^^^^^^^^^^^^^^^^^^^^^^^^^^^^^^^^^^^^^^^^^^^^^^^^^^^^^^^^^^^^
[rank25]:   File "/app/src/llamafactory/data/loader.py", line 304, in get_dataset
[rank25]:     dataset = _get_merged_dataset(data_args.dataset, model_args, data_args, training_args, stage)
[rank29]:   File "/opt/conda/lib/python3.11/site-packages/datasets/load.py", line 1031, in dataset_module_factory
[rank29]:     raise e1 from None
[rank29]:   File "/opt/conda/lib/python3.11/site-packages/datasets/load.py", line 967, in dataset_module_factory
[rank29]:     raise ConnectionError(f"Couldn't reach '{path}' on the Hub ({e.__class__.__name__})") from e
[rank29]: ConnectionError: Couldn't reach 'Harsh1729/long_sft' on the Hub (OfflineModeIsEnabled)
[rank25]:               ^^^^^^^^^^^^^^^^^^^^^^^^^^^^^^^^^^^^^^^^^^^^^^^^^^^^^^^^^^^^^^^^^^^^^^^^^^^^^^^^^^^
[rank25]:   File "/app/src/llamafactory/data/loader.py", line 182, in _get_merged_dataset
[rank25]:     datasets[dataset_name] = _load_single_dataset(dataset_attr, model_args, data_args, training_args)
[rank25]:                              ^^^^^^^^^^^^^^^^^^^^^^^^^^^^^^^^^^^^^^^^^^^^^^^^^^^^^^^^^^^^^^^^^^^^^^^^
[rank25]:   File "/app/src/llamafactory/data/loader.py", line 131, in _load_single_dataset
[rank25]:     dataset = load_dataset(
[rank25]:               ^^^^^^^^^^^^^
[rank25]:   File "/opt/conda/lib/python3.11/site-packages/datasets/load.py", line 1392, in load_dataset
[rank25]:     builder_instance = load_dataset_builder(
[rank25]:                        ^^^^^^^^^^^^^^^^^^^^^
[rank25]:   File "/opt/conda/lib/python3.11/site-packages/datasets/load.py", line 1132, in load_dataset_builder
[rank25]:     dataset_module = dataset_module_factory(
[rank25]:                      ^^^^^^^^^^^^^^^^^^^^^^^
[rank25]:   File "/opt/conda/lib/python3.11/site-packages/datasets/load.py", line 1031, in dataset_module_factory
[rank25]:     raise e1 from None
[rank25]:   File "/opt/conda/lib/python3.11/site-packages/datasets/load.py", line 967, in dataset_module_factory
[rank25]:     raise ConnectionError(f"Couldn't reach '{path}' on the Hub ({e.__class__.__name__})") from e
[rank25]: ConnectionError: Couldn't reach 'Harsh1729/long_sft' on the Hub (OfflineModeIsEnabled)
[rank10]: Traceback (most recent call last):
[rank10]:   File "/app/src/llamafactory/launcher.py", line 180, in <module>
[rank10]:     run_exp()
[rank10]:   File "/app/src/llamafactory/train/tuner.py", line 110, in run_exp
[rank10]:     _training_function(config={"args": args, "callbacks": callbacks})
[rank10]:   File "/app/src/llamafactory/train/tuner.py", line 72, in _training_function
[rank10]:     run_sft(model_args, data_args, training_args, finetuning_args, generating_args, callbacks)
[rank10]:   File "/app/src/llamafactory/train/sft/workflow.py", line 51, in run_sft
[rank10]:     dataset_module = get_dataset(template, model_args, data_args, training_args, stage="sft", **tokenizer_module)
[rank10]:                      ^^^^^^^^^^^^^^^^^^^^^^^^^^^^^^^^^^^^^^^^^^^^^^^^^^^^^^^^^^^^^^^^^^^^^^^^^^^^^^^^^^^^^^^^^^^^
[rank10]:   File "/app/src/llamafactory/data/loader.py", line 304, in get_dataset
[rank10]:     dataset = _get_merged_dataset(data_args.dataset, model_args, data_args, training_args, stage)
[rank10]:               ^^^^^^^^^^^^^^^^^^^^^^^^^^^^^^^^^^^^^^^^^^^^^^^^^^^^^^^^^^^^^^^^^^^^^^^^^^^^^^^^^^^
[rank10]:   File "/app/src/llamafactory/data/loader.py", line 182, in _get_merged_dataset
[rank10]:     datasets[dataset_name] = _load_single_dataset(dataset_attr, model_args, data_args, training_args)
[rank10]:                              ^^^^^^^^^^^^^^^^^^^^^^^^^^^^^^^^^^^^^^^^^^^^^^^^^^^^^^^^^^^^^^^^^^^^^^^^
[rank10]:   File "/app/src/llamafactory/data/loader.py", line 131, in _load_single_dataset
[rank10]:     dataset = load_dataset(
[rank10]:               ^^^^^^^^^^^^^
[rank10]:   File "/opt/conda/lib/python3.11/site-packages/datasets/load.py", line 1392, in load_dataset
[rank10]:     builder_instance = load_dataset_builder(
[rank10]:                        ^^^^^^^^^^^^^^^^^^^^^
[rank10]:   File "/opt/conda/lib/python3.11/site-packages/datasets/load.py", line 1132, in load_dataset_builder
[rank10]:     dataset_module = dataset_module_factory(
[rank10]:                      ^^^^^^^^^^^^^^^^^^^^^^^
[rank10]:   File "/opt/conda/lib/python3.11/site-packages/datasets/load.py", line 1031, in dataset_module_factory
[rank10]:     raise e1 from None
[rank10]:   File "/opt/conda/lib/python3.11/site-packages/datasets/load.py", line 967, in dataset_module_factory
[rank10]:     raise ConnectionError(f"Couldn't reach '{path}' on the Hub ({e.__class__.__name__})") from e
[rank10]: ConnectionError: Couldn't reach 'Harsh1729/long_sft' on the Hub (OfflineModeIsEnabled)
[rank11]: Traceback (most recent call last):
[rank11]:   File "/app/src/llamafactory/launcher.py", line 180, in <module>
[rank11]:     run_exp()
[rank11]:   File "/app/src/llamafactory/train/tuner.py", line 110, in run_exp
[rank11]:     _training_function(config={"args": args, "callbacks": callbacks})
[rank11]:   File "/app/src/llamafactory/train/tuner.py", line 72, in _training_function
[rank11]:     run_sft(model_args, data_args, training_args, finetuning_args, generating_args, callbacks)
[rank11]:   File "/app/src/llamafactory/train/sft/workflow.py", line 51, in run_sft
[rank11]:     dataset_module = get_dataset(template, model_args, data_args, training_args, stage="sft", **tokenizer_module)
[rank11]:                      ^^^^^^^^^^^^^^^^^^^^^^^^^^^^^^^^^^^^^^^^^^^^^^^^^^^^^^^^^^^^^^^^^^^^^^^^^^^^^^^^^^^^^^^^^^^^
[rank11]:   File "/app/src/llamafactory/data/loader.py", line 304, in get_dataset
[rank11]:     dataset = _get_merged_dataset(data_args.dataset, model_args, data_args, training_args, stage)
[rank19]: Traceback (most recent call last):
[rank19]:   File "/app/src/llamafactory/launcher.py", line 180, in <module>
[rank19]:     run_exp()
[rank19]:   File "/app/src/llamafactory/train/tuner.py", line 110, in run_exp
[rank19]:     _training_function(config={"args": args, "callbacks": callbacks})
[rank19]:   File "/app/src/llamafactory/train/tuner.py", line 72, in _training_function
[rank19]:     run_sft(model_args, data_args, training_args, finetuning_args, generating_args, callbacks)
[rank19]:   File "/app/src/llamafactory/train/sft/workflow.py", line 51, in run_sft
[rank19]:     dataset_module = get_dataset(template, model_args, data_args, training_args, stage="sft", **tokenizer_module)
[rank19]:                      ^^^^^^^^^^^^^^^^^^^^^^^^^^^^^^^^^^^^^^^^^^^^^^^^^^^^^^^^^^^^^^^^^^^^^^^^^^^^^^^^^^^^^^^^^^^^
[rank19]:   File "/app/src/llamafactory/data/loader.py", line 304, in get_dataset
[rank19]:     dataset = _get_merged_dataset(data_args.dataset, model_args, data_args, training_args, stage)
[rank11]:               ^^^^^^^^^^^^^^^^^^^^^^^^^^^^^^^^^^^^^^^^^^^^^^^^^^^^^^^^^^^^^^^^^^^^^^^^^^^^^^^^^^^
[rank11]:   File "/app/src/llamafactory/data/loader.py", line 182, in _get_merged_dataset
[rank11]:     datasets[dataset_name] = _load_single_dataset(dataset_attr, model_args, data_args, training_args)
[rank11]:                              ^^^^^^^^^^^^^^^^^^^^^^^^^^^^^^^^^^^^^^^^^^^^^^^^^^^^^^^^^^^^^^^^^^^^^^^^
[rank11]:   File "/app/src/llamafactory/data/loader.py", line 131, in _load_single_dataset
[rank11]:     dataset = load_dataset(
[rank11]:               ^^^^^^^^^^^^^
[rank11]:   File "/opt/conda/lib/python3.11/site-packages/datasets/load.py", line 1392, in load_dataset
[rank11]:     builder_instance = load_dataset_builder(
[rank11]:                        ^^^^^^^^^^^^^^^^^^^^^
[rank11]:   File "/opt/conda/lib/python3.11/site-packages/datasets/load.py", line 1132, in load_dataset_builder
[rank11]:     dataset_module = dataset_module_factory(
[rank11]:                      ^^^^^^^^^^^^^^^^^^^^^^^
[rank11]:   File "/opt/conda/lib/python3.11/site-pack[rank14]: Traceback (most recent call last):
[rank14]:   File "/app/src/llamafactory/launcher.py", line 180, in <module>
[rank14]:     run_exp()
[rank14]:   File "/app/src/llamafactory/train/tuner.py", line 110, in run_exp
[rank14]:     _training_function(config={"args": args, "callbacks": callbacks})
[rank14]:   File "/app/src/llamafactory/train/tuner.py", line 72, in _training_function
[rank14]:     run_sft(model_args, data_args, training_args, finetuning_args, generating_args, callbacks)
[rank14]:   File "/app/src/llamafactory/train/sft/workflow.py", line 51, in run_sft
[rank14]:     dataset_module = get_dataset(template, model_args, data_args, training_args, stage="sft", **tokenizer_module)
[rank14]:                      ^^^^^^^^^^^^^^^^^^^^^^^^^^^^^^^^^^^^^^^^^^^^^^^^^^^^^^^^^^^^^^^^^^^^^^^^^^^^^^^^^^^^^^^^^^^^
[rank14]:   File "/app/src/llamafactory/data/loader.py", line 304, in get_dataset
[rank14]:     dataset = _get_merged_dataset(data_args.dataset, model_args, data_args, training_args, stage)
ages/datasets/load.py", line 1031, in dataset_module_factory
[rank11]:     raise e1 from None
[rank11]:   File "/opt/conda/lib/python3.11/site-packages/datasets/load.py", line 967, in dataset_module_factory
[rank11]:     raise ConnectionError(f"Couldn't reach '{path}' on the Hub ({e.__class__.__name__})") from e
[rank11]: ConnectionError: Couldn't reach 'Harsh1729/long_sft' on the Hub (OfflineModeIsEnabled)
[rank19]:               ^^^^^^^^^^^^^^^^^^^^^^^^^^^^^^^^^^^^^^^^^^^^^^^^^^^^^^^^^^^^^^^^^^^^^^^^^^^^^^^^^^^
[rank19]:   File "/app/src/llamafactory/data/loader.py", line 182, in _get_merged_dataset
[rank19]:     datasets[dataset_name] = _load_single_dataset(dataset_attr, model_args, data_args, training_args)
[rank19]:                              ^^^^^^^^^^^^^^^^^^^^^^^^^^^^^^^^^^^^^^^^^^^^^^^^^^^^^^^^^^^^^^^^^^^^^^^^
[rank19]:   File "/app/src/llamafactory/data/loader.py", line 131, in _load_single_dataset
[rank19]:     dataset = load_dataset(
[rank19]:               ^^^^^^^^^^^^^
[rank19]:   File "/opt/conda/lib/python3.11/site-packages/datasets/load.py", line 1392, in load_dataset
[rank19]:     builder_instance = load_dataset_builder(
[rank19]:                        ^^^^^^^^^^^^^^^^^^^^^
[rank19]:   File "/opt/conda/lib/python3.11/site-packages/datasets/load.py", line 1132, in load_dataset_builder
[rank19]:     dataset_module = dataset_module_factory(
[rank19]:                      ^^^^^^^^^^^^^^^^^^^^^^^
[rank19]:   File "/opt/conda/lib/python3.11/site-packages/datasets/load.py", line 1031, in dataset_module_factory
[rank19]:     raise e1 from None
[rank19]:   File "/opt/conda/lib/python3.11/site-packages/datasets/load.py", line 967, in dataset_module_factory
[rank19]:     raise ConnectionError(f"Couldn't reach '{path}' on the Hub ({e.__class__.__name__})") from e
[rank19]: ConnectionError: Couldn't reach 'Harsh1729/long_sft' on the Hub (OfflineModeIsEnabled)
[rank14]:               ^^^^^^^^^^^^^^^^^^^^^^^^^^^^^^^^^^^^^^^^^^^^^^^^^^^^^^^^^^^^^^^^^^^^^^^^^^^^^^^^^^^
[rank14]:   File "/app/src/llamafactory/data/loader.py", line 182, in _get_merged_dataset
[rank14]:     datasets[dataset_name] = _load_single_dataset(dataset_attr, model_args, data_args, training_args)
[rank14]:                              ^^^^^^^^^^^^^^^^^^^^^^^^^^^^^^^^^^^^^^^^^^^^^^^^^^^^^^^^^^^^^^^^^^^^^^^^
[rank14]:   File "/app/src/llamafactory/data/loader.py", line 131, in _load_single_dataset
[rank14]:     dataset = load_dataset(
[rank14]:               ^^^^^^^^^^^^^
[rank14]:   File "/opt/conda/lib/python3.11/site-packages/datasets/load.py", line 1392, in load_dataset
[rank14]:     builder_instance = load_dataset_builder(
[rank14]:                        ^^^^^^^^^^^^^^^^^^^^^
[rank14]:   File "/opt/conda/lib/python3.11/site-packages/datasets/load.py", line 1132, in load_dataset_builder
[rank14]:     dataset_module = dataset_module_factory(
[rank14]:                      ^^^^^^^^^^^^^^^^^^^^^^^
[rank14]:   File "/opt/conda/lib/python3.11/site-packages/datasets/load.py", line 1031, in dataset_module_factory
[rank14]:     raise e1 from None
[rank14]:   File "/opt/conda/lib/python3.11/site-packages/datasets/load.py", line 967, in dataset_module_factory
[rank14]:     raise ConnectionError(f"Couldn't reach '{path}' on the Hub ({e.__class__.__name__})") from e
[rank14]: ConnectionError: Couldn't reach 'Harsh1729/long_sft' on the Hub (OfflineModeIsEnabled)
Exception ignored in atexit callback: <function matmul_ext_update_autotune_table at 0x14eb9eb3d800>
Traceback (most recent call last):
  File "/opt/conda/lib/python3.11/site-packages/deepspeed/ops/transformer/inference/triton/matmul_ext.py", line 480, in matmul_ext_update_autotune_table
    fp16_matmul._update_autotune_table()
  File "/opt/conda/lib/python3.11/site-packages/deepspeed/ops/transformer/inference/triton/matmul_ext.py", line 457, in _update_autotune_table
    TritonMatmul._update_autotune_table(__class__.__name__ + "_2d_kernel", __class__._2d_kernel)
  File "/opt/conda/lib/python3.11/site-packages/deepspeed/ops/transformer/inference/triton/matmul_ext.py", line 186, in _update_autotune_table
    cache_manager.put(autotune_table)
  File "/opt/conda/lib/python3.11/site-packages/deepspeed/ops/transformer/inference/triton/matmul_ext.py", line 105, in put
    os.replace(self.file_path + ".tmp", self.file_path)
FileNotFoundError: [Errno 2] No such file or directory: '/p/home/jusers/raj3/juwels/.triton/autotune/Fp16Matmul_2d_kernel.pickle.tmp' -> '/p/home/jusers/raj3/juwels/.triton/autotune/Fp16Matmul_2d_kernel.pickle'
Exception ignored in atexit callback: <function matmul_ext_update_autotune_table at 0x14c7cec2d800>
Traceback (most recent call last):
  File "/opt/conda/lib/python3.11/site-packages/deepspeed/ops/transformer/inference/triton/matmul_ext.py", line 480, in matmul_ext_update_autotune_table
    fp16_matmul._update_autotune_table()
  File "/opt/conda/lib/python3.11/site-packages/deepspeed/ops/transformer/inference/triton/matmul_ext.py", line 457, in _update_autotune_table
    TritonMatmul._update_autotune_table(__class__.__name__ + "_2d_kernel", __class__._2d_kernel)
  File "/opt/conda/lib/python3.11/site-packages/deepspeed/ops/transformer/inference/triton/matmul_ext.py", line 186, in _update_autotune_table
    cache_manager.put(autotune_table)
  File "/opt/conda/lib/python3.11/site-packages/deepspeed/ops/transformer/inference/triton/matmul_ext.py", line 105, in put
    os.replace(self.file_path + ".tmp", self.file_path)
FileNotFoundError: [Errno 2] No such file or directory: '/p/home/jusers/raj3/juwels/.triton/autotune/Fp16Matmul_2d_kernel.pickle.tmp' -> '/p/home/jusers/raj3/juwels/.triton/autotune/Fp16Matmul_2d_kernel.pickle'
Exception ignored in atexit callback: <function matmul_ext_update_autotune_table at 0x14833aa4d800>
Traceback (most recent call last):
  File "/opt/conda/lib/python3.11/site-packages/deepspeed/ops/transformer/inference/triton/matmul_ext.py", line 480, in matmul_ext_update_autotune_table
    fp16_matmul._update_autotune_table()
  File "/opt/conda/lib/python3.11/site-packages/deepspeed/ops/transformer/inference/triton/matmul_ext.py", line 457, in _update_autotune_table
    TritonMatmul._update_autotune_table(__class__.__name__ + "_2d_kernel", __class__._2d_kernel)
  File "/opt/conda/lib/python3.11/site-packages/deepspeed/ops/transformer/inference/triton/matmul_ext.py", line 186, in _update_autotune_table
    cache_manager.put(autotune_table)
  File "/opt/conda/lib/python3.11/site-packages/deepspeed/ops/transformer/inference/triton/matmul_ext.py", line 105, in put
    os.replace(self.file_path + ".tmp", self.file_path)
FileNotFoundError: [Errno 2] No such file or directory: '/p/home/jusers/raj3/juwels/.triton/autotune/Fp16Matmul_2d_kernel.pickle.tmp' -> '/p/home/jusers/raj3/juwels/.triton/autotune/Fp16Matmul_2d_kernel.pickle'
Exception ignored in atexit callback: <function matmul_ext_update_autotune_table at 0x148bc0ce5800>
Traceback (most recent call last):
  File "/opt/conda/lib/python3.11/site-packages/deepspeed/ops/transformer/inference/triton/matmul_ext.py", line 480, in matmul_ext_update_autotune_table
    fp16_matmul._update_autotune_table()
  File "/opt/conda/lib/python3.11/site-packages/deepspeed/ops/transformer/inference/triton/matmul_ext.py", line 457, in _update_autotune_table
    TritonMatmul._update_autotune_table(__class__.__name__ + "_2d_kernel", __class__._2d_kernel)
  File "/opt/conda/lib/python3.11/site-packages/deepspeed/ops/transformer/inference/triton/matmul_ext.py", line 186, in _update_autotune_table
    cache_manager.put(autotune_table)
  File "/opt/conda/lib/python3.11/site-packages/deepspeed/ops/transformer/inference/triton/matmul_ext.py", line 105, in put
    os.replace(self.file_path + ".tmp", self.file_path)
FileNotFoundError: [Errno 2] No such file or directory: '/p/home/jusers/raj3/juwels/.triton/autotune/Fp16Matmul_2d_kernel.pickle.tmp' -> '/p/home/jusers/raj3/juwels/.triton/autotune/Fp16Matmul_2d_kernel.pickle'
Exception ignored in atexit callback: <function matmul_ext_update_autotune_table at 0x150d43d6d800>
Traceback (most recent call last):
  File "/opt/conda/lib/python3.11/site-packages/deepspeed/ops/transformer/inference/triton/matmul_ext.py", line 480, in matmul_ext_update_autotune_table
    fp16_matmul._update_autotune_table()
  File "/opt/conda/lib/python3.11/site-packages/deepspeed/ops/transformer/inference/triton/matmul_ext.py", line 457, in _update_autotune_table
    TritonMatmul._update_autotune_table(__class__.__name__ + "_2d_kernel", __class__._2d_kernel)
  File "/opt/conda/lib/python3.11/site-packages/deepspeed/ops/transformer/inference/triton/matmul_ext.py", line 186, in _update_autotune_table
    cache_manager.put(autotune_table)
  File "/opt/conda/lib/python3.11/site-packages/deepspeed/ops/transformer/inference/triton/matmul_ext.py", line 105, in put
    os.replace(self.file_path + ".tmp", self.file_path)
FileNotFoundError: [Errno 2] No such file or directory: '/p/home/jusers/raj3/juwels/.triton/autotune/Fp16Matmul_2d_kernel.pickle.tmp' -> '/p/home/jusers/raj3/juwels/.triton/autotune/Fp16Matmul_2d_kernel.pickle'
Exception ignored in atexit callback: <function matmul_ext_update_autotune_table at 0x14f4eb1f1800>
Traceback (most recent call last):
  File "/opt/conda/lib/python3.11/site-packages/deepspeed/ops/transformer/inference/triton/matmul_ext.py", line 480, in matmul_ext_update_autotune_table
    fp16_matmul._update_autotune_table()
  File "/opt/conda/lib/python3.11/site-packages/deepspeed/ops/transformer/inference/triton/matmul_ext.py", line 457, in _update_autotune_table
    TritonMatmul._update_autotune_table(__class__.__name__ + "_2d_kernel", __class__._2d_kernel)
  File "/opt/conda/lib/python3.11/site-packages/deepspeed/ops/transformer/inference/triton/matmul_ext.py", line 186, in _update_autotune_table
    cache_manager.put(autotune_table)
  File "/opt/conda/lib/python3.11/site-packages/deepspeed/ops/transformer/inference/triton/matmul_ext.py", line 105, in put
    os.replace(self.file_path + ".tmp", self.file_path)
FileNotFoundError: [Errno 2] No such file or directory: '/p/home/jusers/raj3/juwels/.triton/autotune/Fp16Matmul_2d_kernel.pickle.tmp' -> '/p/home/jusers/raj3/juwels/.triton/autotune/Fp16Matmul_2d_kernel.pickle'
Exception ignored in atexit callback: <function matmul_ext_update_autotune_table at 0x14da9aa35800>
Traceback (most recent call last):
  File "/opt/conda/lib/python3.11/site-packages/deepspeed/ops/transformer/inference/triton/matmul_ext.py", line 480, in matmul_ext_update_autotune_table
Exception ignored in atexit callback: <function matmul_ext_update_autotune_table at 0x150337825800>
Traceback (most recent call last):
  File "/opt/conda/lib/python3.11/site-packages/deepspeed/ops/transformer/inference/triton/matmul_ext.py", line 480, in matmul_ext_update_autotune_table
    fp16_matmul._update_autotune_table()
  File "/opt/conda/lib/python3.11/site-packages/deepspeed/ops/transformer/inference/triton/matmul_ext.py", line 457, in _update_autotune_table
    TritonMatmul._update_autotune_table(__class__.__name__ + "_2d_kernel", __class__._2d_kernel)
  File "/opt/conda/lib/python3.11/site-packages/deepspeed/ops/transformer/inference/triton/matmul_ext.py", line 186, in _update_autotune_table
    cache_manager.put(autotune_table)
  File "/opt/conda/lib/python3.11/site-packages/deepspeed/ops/transformer/inference/triton/matmul_ext.py", line 105, in put
    os.replace(self.file_path + ".tmp", self.file_path)
FileNotFoundError: [Errno 2] No such file or directory: '/p/home/jusers/raj3/juwels/.triton/autotune/Fp16Matmul_2d_kernel.pickle.tmp' -> '/p/home/jusers/raj3/juwels/.triton/autotune/Fp16Matmul_2d_kernel.pickle'
    fp16_matmul._update_autotune_table()
  File "/opt/conda/lib/python3.11/site-packages/deepspeed/ops/transformer/inference/triton/matmul_ext.py", line 457, in _update_autotune_table
    TritonMatmul._update_autotune_table(__class__.__name__ + "_2d_kernel", __class__._2d_kernel)
  File "/opt/conda/lib/python3.11/site-packages/deepspeed/ops/transformer/inference/triton/matmul_ext.py", line 186, in _update_autotune_table
    cache_manager.put(autotune_table)
  File "/opt/conda/lib/python3.11/site-packages/deepspeed/ops/transformer/inference/triton/matmul_ext.py", line 105, in put
    os.replace(self.file_path + ".tmp", self.file_path)
FileNotFoundError: [Errno 2] No such file or directory: '/p/home/jusers/raj3/juwels/.triton/autotune/Fp16Matmul_2d_kernel.pickle.tmp' -> '/p/home/jusers/raj3/juwels/.triton/autotune/Fp16Matmul_2d_kernel.pickle'
Exception ignored in atexit callback: <function matmul_ext_update_autotune_table at 0x155265169800>
Traceback (most recent call last):
  File "/opt/conda/lib/python3.11/site-packages/deepspeed/ops/transformer/inference/triton/matmul_ext.py", line 480, in matmul_ext_update_autotune_table
    fp16_matmul._update_autotune_table()
  File "/opt/conda/lib/python3.11/site-packages/deepspeed/ops/transformer/inference/triton/matmul_ext.py", line 457, in _update_autotune_table
    TritonMatmul._update_autotune_table(__class__.__name__ + "_2d_kernel", __class__._2d_kernel)
  File "/opt/conda/lib/python3.11/site-packages/deepspeed/ops/transformer/inference/triton/matmul_ext.py", line 186, in _update_autotune_table
    cache_manager.put(autotune_table)
  File "/opt/conda/lib/python3.11/site-packages/deepspeed/ops/transformer/inference/triton/matmul_ext.py", line 105, in put
    os.replace(self.file_path + ".tmp", self.file_path)
FileNotFoundError: [Errno 2] No such file or directory: '/p/home/jusers/raj3/juwels/.triton/autotune/Fp16Matmul_2d_kernel.pickle.tmp' -> '/p/home/jusers/raj3/juwels/.triton/autotune/Fp16Matmul_2d_kernel.pickle'
Exception ignored in atexit callback: <function matmul_ext_update_autotune_table at 0x1463c3975800>
Traceback (most recent call last):
  File "/opt/conda/lib/python3.11/site-packages/deepspeed/ops/transformer/inference/triton/matmul_ext.py", line 480, in matmul_ext_update_autotune_table
    fp16_matmul._update_autotune_table()
  File "/opt/conda/lib/python3.11/site-packages/deepspeed/ops/transformer/inference/triton/matmul_ext.py", line 457, in _update_autotune_table
    TritonMatmul._update_autotune_table(__class__.__name__ + "_2d_kernel", __class__._2d_kernel)
  File "/opt/conda/lib/python3.11/site-packages/deepspeed/ops/transformer/inference/triton/matmul_ext.py", line 186, in _update_autotune_table
    cache_manager.put(autotune_table)
  File "/opt/conda/lib/python3.11/site-packages/deepspeed/ops/transformer/inference/triton/matmul_ext.py", line 105, in put
    os.replace(self.file_path + ".tmp", self.file_path)
FileNotFoundError: [Errno 2] No such file or directory: '/p/home/jusers/raj3/juwels/.triton/autotune/Fp16Matmul_2d_kernel.pickle.tmp' -> '/p/home/jusers/raj3/juwels/.triton/autotune/Fp16Matmul_2d_kernel.pickle'
Exception ignored in atexit callback: <function matmul_ext_update_autotune_table at 0x14ad35b71800>
Traceback (most recent call last):
  File "/opt/conda/lib/python3.11/site-packages/deepspeed/ops/transformer/inference/triton/matmul_ext.py", line 480, in matmul_ext_update_autotune_table
    fp16_matmul._update_autotune_table()
  File "/opt/conda/lib/python3.11/site-packages/deepspeed/ops/transformer/inference/triton/matmul_ext.py", line 457, in _update_autotune_table
    TritonMatmul._update_autotune_table(__class__.__name__ + "_2d_kernel", __class__._2d_kernel)
  File "/opt/conda/lib/python3.11/site-packages/deepspeed/ops/transformer/inference/triton/matmul_ext.py", line 186, in _update_autotune_table
    cache_manager.put(autotune_table)
  File "/opt/conda/lib/python3.11/site-packages/deepspeed/ops/transformer/inference/triton/matmul_ext.py", line 105, in put
    os.replace(self.file_path + ".tmp", self.file_path)
FileNotFoundError: [Errno 2] No such file or directory: '/p/home/jusers/raj3/juwels/.triton/autotune/Fp16Matmul_2d_kernel.pickle.tmp' -> '/p/home/jusers/raj3/juwels/.triton/autotune/Fp16Matmul_2d_kernel.pickle'
Exception ignored in atexit callback: <function matmul_ext_update_autotune_table at 0x147b68785800>
Traceback (most recent call last):
  File "/opt/conda/lib/python3.11/site-packages/deepspeed/ops/transformer/inference/triton/matmul_ext.py", line 480, in matmul_ext_update_autotune_table
    fp16_matmul._update_autotune_table()
  File "/opt/conda/lib/python3.11/site-packages/deepspeed/ops/transformer/inference/triton/matmul_ext.py", line 457, in _update_autotune_table
    TritonMatmul._update_autotune_table(__class__.__name__ + "_2d_kernel", __class__._2d_kernel)
  File "/opt/conda/lib/python3.11/site-packages/deepspeed/ops/transformer/inference/triton/matmul_ext.py", line 186, in _update_autotune_table
    cache_manager.put(autotune_table)
  File "/opt/conda/lib/python3.11/site-packages/deepspeed/ops/transformer/inference/triton/matmul_ext.py", line 105, in put
    os.replace(self.file_path + ".tmp", self.file_path)
FileNotFoundError: [Errno 2] No such file or directory: '/p/home/jusers/raj3/juwels/.triton/autotune/Fp16Matmul_2d_kernel.pickle.tmp' -> '/p/home/jusers/raj3/juwels/.triton/autotune/Fp16Matmul_2d_kernel.pickle'
jwb0315:824745:824964 [2] NCCL INFO [Service thread] Connection closed by localRank 2
Exception ignored in atexit callback: <function matmul_ext_update_autotune_table at 0x154b54f61800>
Traceback (most recent call last):
  File "/opt/conda/lib/python3.11/site-packages/deepspeed/ops/transformer/inference/triton/matmul_ext.py", line 480, in matmul_ext_update_autotune_table
    fp16_matmul._update_autotune_table()
  File "/opt/conda/lib/python3.11/site-packages/deepspeed/ops/transformer/inference/triton/matmul_ext.py", line 458, in _update_autotune_table
    TritonMatmul._update_autotune_table(__class__.__name__ + "_4d_kernel", __class__._4d_kernel)
  File "/opt/conda/lib/python3.11/site-packages/deepspeed/ops/transformer/inference/triton/matmul_ext.py", line 186, in _update_autotune_table
Exception ignored in atexit callback: <function matmul_ext_update_autotune_table at 0x14aa8c841800>
Traceback (most recent call last):
  File "/opt/conda/lib/python3.11/site-packages/deepspeed/ops/transformer/inference/triton/matmul_ext.py", line 480, in matmul_ext_update_autotune_table
    cache_manager.put(autotune_table)
  File "/opt/conda/lib/python3.11/site-packages/deepspeed/ops/transformer/inference/triton/matmul_ext.py", line 105, in put
    fp16_matmul._update_autotune_table()
    os.replace(self.file_path + ".tmp", self.file_path)
FileNotFoundError: [Errno 2] No such file or directory: '/p/home/jusers/raj3/juwels/.triton/autotune/Fp16Matmul_4d_kernel.pickle.tmp' -> '/p/home/jusers/raj3/juwels/.triton/autotune/Fp16Matmul_4d_kernel.pickle'
  File "/opt/conda/lib/python3.11/site-packages/deepspeed/ops/transformer/inference/triton/matmul_ext.py", line 457, in _update_autotune_table
    TritonMatmul._update_autotune_table(__class__.__name__ + "_2d_kernel", __class__._2d_kernel)
  File "/opt/conda/lib/python3.11/site-packages/deepspeed/ops/transformer/inference/triton/matmul_ext.py", line 186, in _update_autotune_table
    cache_manager.put(autotune_table)
  File "/opt/conda/lib/python3.11/site-packages/deepspeed/ops/transformer/inference/triton/matmul_ext.py", line 105, in put
    os.replace(self.file_path + ".tmp", self.file_path)
FileNotFoundError: [Errno 2] No such file or directory: '/p/home/jusers/raj3/juwels/.triton/autotune/Fp16Matmul_2d_kernel.pickle.tmp' -> '/p/home/jusers/raj3/juwels/.triton/autotune/Fp16Matmul_2d_kernel.pickle'
Exception ignored in atexit callback: <function matmul_ext_update_autotune_table at 0x149a364e1800>
Traceback (most recent call last):
  File "/opt/conda/lib/python3.11/site-packages/deepspeed/ops/transformer/inference/triton/matmul_ext.py", line 480, in matmul_ext_update_autotune_table
    fp16_matmul._update_autotune_table()
  File "/opt/conda/lib/python3.11/site-packages/deepspeed/ops/transformer/inference/triton/matmul_ext.py", line 457, in _update_autotune_table
    TritonMatmul._update_autotune_table(__class__.__name__ + "_2d_kernel", __class__._2d_kernel)
  File "/opt/conda/lib/python3.11/site-packages/deepspeed/ops/transformer/inference/triton/matmul_ext.py", line 186, in _update_autotune_table
    cache_manager.put(autotune_table)
  File "/opt/conda/lib/python3.11/site-packages/deepspeed/ops/transformer/inference/triton/matmul_ext.py", line 105, in put
    os.replace(self.file_path + ".tmp", self.file_path)
FileNotFoundError: [Errno 2] No such file or directory: '/p/home/jusers/raj3/juwels/.triton/autotune/Fp16Matmul_2d_kernel.pickle.tmp' -> '/p/home/jusers/raj3/juwels/.triton/autotune/Fp16Matmul_2d_kernel.pickle'
Exception ignored in atexit callback: <function matmul_ext_update_autotune_table at 0x145561ba5800>
Traceback (most recent call last):
  File "/opt/conda/lib/python3.11/site-packages/deepspeed/ops/transformer/inference/triton/matmul_ext.py", line 480, in matmul_ext_update_autotune_table
    fp16_matmul._update_autotune_table()
  File "/opt/conda/lib/python3.11/site-packages/deepspeed/ops/transformer/inference/triton/matmul_ext.py", line 457, in _update_autotune_table
    TritonMatmul._update_autotune_table(__class__.__name__ + "_2d_kernel", __class__._2d_kernel)
  File "/opt/conda/lib/python3.11/site-packages/deepspeed/ops/transformer/inference/triton/matmul_ext.py", line 186, in _update_autotune_table
    cache_manager.put(autotune_table)
  File "/opt/conda/lib/python3.11/site-packages/deepspeed/ops/transformer/inference/triton/matmul_ext.py", line 105, in put
    os.replace(self.file_path + ".tmp", self.file_path)
FileNotFoundError: [Errno 2] No such file or directory: '/p/home/jusers/raj3/juwels/.triton/autotune/Fp16Matmul_2d_kernel.pickle.tmp' -> '/p/home/jusers/raj3/juwels/.triton/autotune/Fp16Matmul_2d_kernel.pickle'
Exception ignored in atexit callback: <function matmul_ext_update_autotune_table at 0x149bcc345800>
Traceback (most recent call last):
  File "/opt/conda/lib/python3.11/site-packages/deepspeed/ops/transformer/inference/triton/matmul_ext.py", line 480, in matmul_ext_update_autotune_table
    fp16_matmul._update_autotune_table()
  File "/opt/conda/lib/python3.11/site-packages/deepspeed/ops/transformer/inference/triton/matmul_ext.py", line 458, in _update_autotune_table
    TritonMatmul._update_autotune_table(__class__.__name__ + "_4d_kernel", __class__._4d_kernel)
  File "/opt/conda/lib/python3.11/site-packages/deepspeed/ops/transformer/inference/triton/matmul_ext.py", line 186, in _update_autotune_table
    cache_manager.put(autotune_table)
  File "/opt/conda/lib/python3.11/site-packages/deepspeed/ops/transformer/inference/triton/matmul_ext.py", line 105, in put
    os.replace(self.file_path + ".tmp", self.file_path)
FileNotFoundError: [Errno 2] No such file or directory: '/p/home/jusers/raj3/juwels/.triton/autotune/Fp16Matmul_4d_kernel.pickle.tmp' -> '/p/home/jusers/raj3/juwels/.triton/autotune/Fp16Matmul_4d_kernel.pickle'
jwb0314:2367566:2367850 [2] NCCL INFO [Service thread] Connection closed by localRank 2
jwb1156:4038493:4038754 [3] NCCL INFO [Service thread] Connection closed by localRank 3
[rank8]:[W1127 01:13:09.246989087 ProcessGroupNCCL.cpp:1496] Warning: WARNING: destroy_process_group() was not called before program exit, which can leak resources. For more info, please see https://pytorch.org/docs/stable/distributed.html#shutdown (function operator())
jwb0315:824743:824963 [0] NCCL INFO [Service thread] Connection closed by localRank 0
jwb1158:89579:89847 [1] NCCL INFO [Service thread] Connection closed by localRank 1
jwb1158:89580:89846 [2] NCCL INFO [Service thread] Connection closed by localRank 2
jwb1155:1076116:1076375 [3] NCCL INFO [Service thread] Connection closed by localRank 3
[rank12]:[W1127 01:13:09.302422211 ProcessGroupNCCL.cpp:1496] Warning: WARNING: destroy_process_group() was not called before program exit, which can leak resources. For more info, please see https://pytorch.org/docs/stable/distributed.html#shutdown (function operator())
jwb1154:745328:745598 [0] NCCL INFO [Service thread] Connection closed by localRank 0
jwb1155:1076115:1076371 [2] NCCL INFO [Service thread] Connection closed by localRank 2
[rank28]:[W1127 01:13:09.392532571 ProcessGroupNCCL.cpp:1496] Warning: WARNING: destroy_process_group() was not called before program exit, which can leak resources. For more info, please see https://pytorch.org/docs/stable/distributed.html#shutdown (function operator())
jwb1159:2539087:2539346 [0] NCCL INFO [Service thread] Connection closed by localRank 0
jwb0315:824745:825263 [2] NCCL INFO comm 0x5623ca1c49f0 rank 10 nranks 32 cudaDev 2 busId 84000 - Abort COMPLETE
jwb0311:509450:509699 [2] NCCL INFO [Service thread] Connection closed by localRank 2
jwb1154:745330:745594 [2] NCCL INFO [Service thread] Connection closed by localRank 2
[rank4]:[W1127 01:13:09.496280236 ProcessGroupNCCL.cpp:1496] Warning: WARNING: destroy_process_group() was not called before program exit, which can leak resources. For more info, please see https://pytorch.org/docs/stable/distributed.html#shutdown (function operator())
jwb0314:2367564:2367844 [0] NCCL INFO [Service thread] Connection closed by localRank 0
jwb1155:1076114:1076373 [1] NCCL INFO [Service thread] Connection closed by localRank 1
jwb1159:2539089:2539351 [2] NCCL INFO [Service thread] Connection closed by localRank 2
jwb1159:2539088:2539347 [1] NCCL INFO [Service thread] Connection closed by localRank 1
jwb0314:2367566:2368145 [2] NCCL INFO comm 0x56443e024c70 rank 6 nranks 32 cudaDev 2 busId 84000 - Abort COMPLETE
jwb0314:2367567:2367845 [3] NCCL INFO [Service thread] Connection closed by localRank 3
jwb0311:509449:509698 [1] NCCL INFO [Service thread] Connection closed by localRank 1
jwb1159:2539090:2539349 [3] NCCL INFO [Service thread] Connection closed by localRank 3
jwb0311:509451:509696 [3] NCCL INFO [Service thread] Connection closed by localRank 3
jwb0314:2367565:2367847 [1] NCCL INFO [Service thread] Connection closed by localRank 1
jwb1156:4038491:4038752 [1] NCCL INFO [Service thread] Connection closed by localRank 1
jwb1156:4038493:4039047 [3] NCCL INFO comm 0x5586970851b0 rank 23 nranks 32 cudaDev 3 busId c4000 - Abort COMPLETE
jwb1156:4038492:4038748 [2] NCCL INFO [Service thread] Connection closed by localRank 2
[rank0]:[W1127 01:13:09.633149435 ProcessGroupNCCL.cpp:1496] Warning: WARNING: destroy_process_group() was not called before program exit, which can leak resources. For more info, please see https://pytorch.org/docs/stable/distributed.html#shutdown (function operator())
jwb0311:509448:509702 [0] NCCL INFO [Service thread] Connection closed by localRank 0
jwb0315:824744:824966 [1] NCCL INFO [Service thread] Connection closed by localRank 1
jwb1154:745331:745595 [3] NCCL INFO [Service thread] Connection closed by localRank 3
[rank24]:[W1127 01:13:09.695795124 ProcessGroupNCCL.cpp:1496] Warning: WARNING: destroy_process_group() was not called before program exit, which can leak resources. For more info, please see https://pytorch.org/docs/stable/distributed.html#shutdown (function operator())
jwb1158:89578:89843 [0] NCCL INFO [Service thread] Connection closed by localRank 0
jwb0315:824743:825264 [0] NCCL INFO comm 0x55b449303940 rank 8 nranks 32 cudaDev 0 busId 3000 - Abort COMPLETE
[rank16]:[W1127 01:13:09.626353071 ProcessGroupNCCL.cpp:1496] Warning: WARNING: destroy_process_group() was not called before program exit, which can leak resources. For more info, please see https://pytorch.org/docs/stable/distributed.html#shutdown (function operator())
jwb1155:1076113:1076377 [0] NCCL INFO [Service thread] Connection closed by localRank 0
jwb0315:824746:824969 [3] NCCL INFO [Service thread] Connection closed by localRank 3
jwb1154:745329:745600 [1] NCCL INFO [Service thread] Connection closed by localRank 1
jwb1158:89579:90148 [1] NCCL INFO comm 0x55e5b7f0da90 rank 25 nranks 32 cudaDev 1 busId 44000 - Abort COMPLETE
[rank20]:[W1127 01:13:09.795150236 ProcessGroupNCCL.cpp:1496] Warning: WARNING: destroy_process_group() was not called before program exit, which can leak resources. For more info, please see https://pytorch.org/docs/stable/distributed.html#shutdown (function operator())
jwb1156:4038490:4038750 [0] NCCL INFO [Service thread] Connection closed by localRank 0
jwb1158:89580:90149 [2] NCCL INFO comm 0x56329b29c6d0 rank 26 nranks 32 cudaDev 2 busId 84000 - Abort COMPLETE
jwb1155:1076116:1076693 [3] NCCL INFO comm 0x562247846ae0 rank 19 nranks 32 cudaDev 3 busId c4000 - Abort COMPLETE
jwb1154:745328:745893 [0] NCCL INFO comm 0x5648b9be4650 rank 12 nranks 32 cudaDev 0 busId 3000 - Abort COMPLETE
jwb1155:1076115:1076694 [2] NCCL INFO comm 0x55e899dbcb40 rank 18 nranks 32 cudaDev 2 busId 84000 - Abort COMPLETE
jwb1158:89581:89845 [3] NCCL INFO [Service thread] Connection closed by localRank 3
jwb1159:2539087:2539660 [0] NCCL INFO comm 0x5622a31c4a10 rank 28 nranks 32 cudaDev 0 busId 3000 - Abort COMPLETE
jwb0311:509450:510003 [2] NCCL INFO comm 0x55daed078a40 rank 2 nranks 32 cudaDev 2 busId 84000 - Abort COMPLETE
jwb1154:745330:745894 [2] NCCL INFO comm 0x55cba9d007f0 rank 14 nranks 32 cudaDev 2 busId 84000 - Abort COMPLETE
jwb1155:1076114:1076695 [1] NCCL INFO comm 0x55b8e64adf10 rank 17 nranks 32 cudaDev 1 busId 44000 - Abort COMPLETE
jwb1159:2539089:2539661 [2] NCCL INFO comm 0x55aef8b88390 rank 30 nranks 32 cudaDev 2 busId 84000 - Abort COMPLETE
jwb0314:2367564:2368146 [0] NCCL INFO comm 0x5646c37c6f00 rank 4 nranks 32 cudaDev 0 busId 3000 - Abort COMPLETE
jwb1159:2539088:2539662 [1] NCCL INFO comm 0x55f4e780eda0 rank 29 nranks 32 cudaDev 1 busId 44000 - Abort COMPLETE
jwb0314:2367567:2368147 [3] NCCL INFO comm 0x5556d1cba650 rank 7 nranks 32 cudaDev 3 busId c4000 - Abort COMPLETE
jwb0311:509449:510004 [1] NCCL INFO comm 0x55f0588a6f60 rank 1 nranks 32 cudaDev 1 busId 44000 - Abort COMPLETE
jwb1159:2539090:2539663 [3] NCCL INFO comm 0x5616dfe0d410 rank 31 nranks 32 cudaDev 3 busId c4000 - Abort COMPLETE
jwb0311:509451:510005 [3] NCCL INFO comm 0x55e851db8c00 rank 3 nranks 32 cudaDev 3 busId c4000 - Abort COMPLETE
jwb0314:2367565:2368148 [1] NCCL INFO comm 0x55fb28e792b0 rank 5 nranks 32 cudaDev 1 busId 44000 - Abort COMPLETE
jwb1156:4038491:4039048 [1] NCCL INFO comm 0x55c8aa0b71c0 rank 21 nranks 32 cudaDev 1 busId 44000 - Abort COMPLETE
jwb1156:4038492:4039049 [2] NCCL INFO comm 0x55a907539ed0 rank 22 nranks 32 cudaDev 2 busId 84000 - Abort COMPLETE
jwb0311:509448:510006 [0] NCCL INFO comm 0x563e891adf70 rank 0 nranks 32 cudaDev 0 busId 3000 - Abort COMPLETE
jwb0315:824744:825274 [1] NCCL INFO comm 0x56309a3901a0 rank 9 nranks 32 cudaDev 1 busId 44000 - Abort COMPLETE
jwb1154:745331:745895 [3] NCCL INFO comm 0x561b29d5f430 rank 15 nranks 32 cudaDev 3 busId c4000 - Abort COMPLETE
jwb1158:89578:90150 [0] NCCL INFO comm 0x56135fb05b60 rank 24 nranks 32 cudaDev 0 busId 3000 - Abort COMPLETE
jwb0315:824746:825275 [3] NCCL INFO comm 0x560b7c42bd50 rank 11 nranks 32 cudaDev 3 busId c4000 - Abort COMPLETE
jwb1154:745329:745896 [1] NCCL INFO comm 0x557e2a577840 rank 13 nranks 32 cudaDev 1 busId 44000 - Abort COMPLETE
jwb1155:1076113:1076696 [0] NCCL INFO comm 0x5573a32c15d0 rank 16 nranks 32 cudaDev 0 busId 3000 - Abort COMPLETE
jwb1156:4038490:4039050 [0] NCCL INFO comm 0x55cdcb5caee0 rank 20 nranks 32 cudaDev 0 busId 3000 - Abort COMPLETE
jwb1158:89581:90151 [3] NCCL INFO comm 0x5567983ef470 rank 27 nranks 32 cudaDev 3 busId c4000 - Abort COMPLETE
W1127 01:13:10.696000 824732 site-packages/torch/distributed/elastic/multiprocessing/api.py:897] Sending process 824744 closing signal SIGTERM
W1127 01:13:10.696000 824732 site-packages/torch/distributed/elastic/multiprocessing/api.py:897] Sending process 824746 closing signal SIGTERM
W1127 01:13:10.785000 2367553 site-packages/torch/distributed/elastic/multiprocessing/api.py:897] Sending process 2367565 closing signal SIGTERM
W1127 01:13:10.786000 2367553 site-packages/torch/distributed/elastic/multiprocessing/api.py:897] Sending process 2367567 closing signal SIGTERM
W1127 01:13:10.792000 4038479 site-packages/torch/distributed/elastic/multiprocessing/api.py:897] Sending process 4038490 closing signal SIGTERM
W1127 01:13:10.792000 4038479 site-packages/torch/distributed/elastic/multiprocessing/api.py:897] Sending process 4038491 closing signal SIGTERM
W1127 01:13:10.793000 4038479 site-packages/torch/distributed/elastic/multiprocessing/api.py:897] Sending process 4038492 closing signal SIGTERM
W1127 01:13:10.890000 89567 site-packages/torch/distributed/elastic/multiprocessing/api.py:897] Sending process 89578 closing signal SIGTERM
W1127 01:13:10.891000 89567 site-packages/torch/distributed/elastic/multiprocessing/api.py:897] Sending process 89581 closing signal SIGTERM
W1127 01:13:10.899000 1076099 site-packages/torch/distributed/elastic/multiprocessing/api.py:897] Sending process 1076113 closing signal SIGTERM
E1127 01:13:10.900000 2367553 site-packages/torch/distributed/elastic/multiprocessing/api.py:869] failed (exitcode: 1) local_rank: 0 (pid: 2367564) of binary: /opt/conda/bin/python3.11
Traceback (most recent call last):
  File "/opt/conda/bin/torchrun", line 8, in <module>
    sys.exit(main())
             ^^^^^^
  File "/opt/conda/lib/python3.11/site-packages/torch/distributed/elastic/multiprocessing/errors/__init__.py", line 355, in wrapper
    return f(*args, **kwargs)
           ^^^^^^^^^^^^^^^^^^
  File "/opt/conda/lib/python3.11/site-packages/torch/distributed/run.py", line 918, in main
    run(args)
  File "/opt/conda/lib/python3.11/site-packages/torch/distributed/run.py", line 909, in run
    elastic_launch(
  File "/opt/conda/lib/python3.11/site-packages/torch/distributed/launcher/api.py", line 138, in __call__
    return launch_agent(self._config, self._entrypoint, list(args))
           ^^^^^^^^^^^^^^^^^^^^^^^^^^^^^^^^^^^^^^^^^^^^^^^^^^^^^^^^
  File "/opt/conda/lib/python3.11/site-packages/torch/distributed/launcher/api.py", line 269, in launch_agent
    raise ChildFailedError(
torch.distributed.elastic.multiprocessing.errors.ChildFailedError: 
============================================================
/app/src/llamafactory/launcher.py FAILED
------------------------------------------------------------
Failures:
[1]:
  time      : 2025-11-27_01:13:10
  host      : jwb0314.juwels
  rank      : 6 (local_rank: 2)
  exitcode  : 1 (pid: 2367566)
  error_file: <N/A>
  traceback : To enable traceback see: https://pytorch.org/docs/stable/elastic/errors.html
------------------------------------------------------------
Root Cause (first observed failure):
[0]:
  time      : 2025-11-27_01:13:10
  host      : jwb0314.juwels
  rank      : 4 (local_rank: 0)
  exitcode  : 1 (pid: 2367564)
  error_file: <N/A>
  traceback : To enable traceback see: https://pytorch.org/docs/stable/elastic/errors.html
============================================================
W1127 01:13:10.991000 745317 site-packages/torch/distributed/elastic/multiprocessing/api.py:897] Sending process 745328 closing signal SIGTERM
W1127 01:13:10.991000 745317 site-packages/torch/distributed/elastic/multiprocessing/api.py:897] Sending process 745329 closing signal SIGTERM
W1127 01:13:10.992000 745317 site-packages/torch/distributed/elastic/multiprocessing/api.py:897] Sending process 745331 closing signal SIGTERM
E1127 01:13:10.994000 824732 site-packages/torch/distributed/elastic/multiprocessing/api.py:869] failed (exitcode: 1) local_rank: 0 (pid: 824743) of binary: /opt/conda/bin/python3.11
Traceback (most recent call last):
  File "/opt/conda/bin/torchrun", line 8, in <module>
    sys.exit(main())
             ^^^^^^
  File "/opt/conda/lib/python3.11/site-packages/torch/distributed/elastic/multiprocessing/errors/__init__.py", line 355, in wrapper
    return f(*args, **kwargs)
           ^^^^^^^^^^^^^^^^^^
  File "/opt/conda/lib/python3.11/site-packages/torch/distributed/run.py", line 918, in main
    run(args)
  File "/opt/conda/lib/python3.11/site-packages/torch/distributed/run.py", line 909, in run
    elastic_launch(
  File "/opt/conda/lib/python3.11/site-packages/torch/distributed/launcher/api.py", line 138, in __call__
    return launch_agent(self._config, self._entrypoint, list(args))
           ^^^^^^^^^^^^^^^^^^^^^^^^^^^^^^^^^^^^^^^^^^^^^^^^^^^^^^^^
  File "/opt/conda/lib/python3.11/site-packages/torch/distributed/launcher/api.py", line 269, in launch_agent
    raise ChildFailedError(
torch.distributed.elastic.multiprocessing.errors.ChildFailedError: 
============================================================
/app/src/llamafactory/launcher.py FAILED
------------------------------------------------------------
Failures:
[1]:
  time      : 2025-11-27_01:13:10
  host      : jwb0315.juwels
  rank      : 10 (local_rank: 2)
  exitcode  : 1 (pid: 824745)
  error_file: <N/A>
  traceback : To enable traceback see: https://pytorch.org/docs/stable/elastic/errors.html
------------------------------------------------------------
Root Cause (first observed failure):
[0]:
  time      : 2025-11-27_01:13:10
  host      : jwb0315.juwels
  rank      : 8 (local_rank: 0)
  exitcode  : 1 (pid: 824743)
  error_file: <N/A>
  traceback : To enable traceback see: https://pytorch.org/docs/stable/elastic/errors.html
============================================================
E1127 01:13:11.092000 89567 site-packages/torch/distributed/elastic/multiprocessing/api.py:869] failed (exitcode: 1) local_rank: 1 (pid: 89579) of binary: /opt/conda/bin/python3.11
W1127 01:13:11.095000 2539076 site-packages/torch/distributed/elastic/multiprocessing/api.py:897] Sending process 2539087 closing signal SIGTERM
W1127 01:13:11.096000 2539076 site-packages/torch/distributed/elastic/multiprocessing/api.py:897] Sending process 2539088 closing signal SIGTERM
W1127 01:13:11.096000 2539076 site-packages/torch/distributed/elastic/multiprocessing/api.py:897] Sending process 2539089 closing signal SIGTERM
Traceback (most recent call last):
  File "/opt/conda/bin/torchrun", line 8, in <module>
    sys.exit(main())
             ^^^^^^
  File "/opt/conda/lib/python3.11/site-packages/torch/distributed/elastic/multiprocessing/errors/__init__.py", line 355, in wrapper
    return f(*args, **kwargs)
           ^^^^^^^^^^^^^^^^^^
  File "/opt/conda/lib/python3.11/site-packages/torch/distributed/run.py", line 918, in main
    run(args)
  File "/opt/conda/lib/python3.11/site-packages/torch/distributed/run.py", line 909, in run
    elastic_launch(
  File "/opt/conda/lib/python3.11/site-packages/torch/distributed/launcher/api.py", line 138, in __call__
    return launch_agent(self._config, self._entrypoint, list(args))
           ^^^^^^^^^^^^^^^^^^^^^^^^^^^^^^^^^^^^^^^^^^^^^^^^^^^^^^^^
  File "/opt/conda/lib/python3.11/site-packages/torch/distributed/launcher/api.py", line 269, in launch_agent
    raise ChildFailedError(
torch.distributed.elastic.multiprocessing.errors.ChildFailedError: 
============================================================
/app/src/llamafactory/launcher.py FAILED
------------------------------------------------------------
Failures:
[1]:
  time      : 2025-11-27_01:13:10
  host      : jwb1158.juwels
  rank      : 26 (local_rank: 2)
  exitcode  : 1 (pid: 89580)
  error_file: <N/A>
  traceback : To enable traceback see: https://pytorch.org/docs/stable/elastic/errors.html
------------------------------------------------------------
Root Cause (first observed failure):
[0]:
  time      : 2025-11-27_01:13:10
  host      : jwb1158.juwels
  rank      : 25 (local_rank: 1)
  exitcode  : 1 (pid: 89579)
  error_file: <N/A>
  traceback : To enable traceback see: https://pytorch.org/docs/stable/elastic/errors.html
============================================================
E1127 01:13:11.120000 4038479 site-packages/torch/distributed/elastic/multiprocessing/api.py:869] failed (exitcode: 1) local_rank: 3 (pid: 4038493) of binary: /opt/conda/bin/python3.11
E1127 01:13:11.121000 1076099 site-packages/torch/distributed/elastic/multiprocessing/api.py:869] failed (exitcode: 1) local_rank: 1 (pid: 1076114) of binary: /opt/conda/bin/python3.11
Traceback (most recent call last):
  File "/opt/conda/bin/torchrun", line 8, in <module>
    sys.exit(main())
             ^^^^^^
  File "/opt/conda/lib/python3.11/site-packages/torch/distributed/elastic/multiprocessing/errors/__init__.py", line 355, in wrapper
    return f(*args, **kwargs)
           ^^^^^^^^^^^^^^^^^^
  File "/opt/conda/lib/python3.11/site-packages/torch/distributed/run.py", line 918, in main
Traceback (most recent call last):
  File "/opt/conda/bin/torchrun", line 8, in <module>
    sys.exit(main())
             ^^^^^^
  File "/opt/conda/lib/python3.11/site-packages/torch/distributed/elastic/multiprocessing/errors/__init__.py", line 355, in wrapper
    run(args)
  File "/opt/conda/lib/python3.11/site-packages/torch/distributed/run.py", line 909, in run
    elastic_launch(
  File "/opt/conda/lib/python3.11/site-packages/torch/distributed/launcher/api.py", line 138, in __call__
    return f(*args, **kwargs)
           ^^^^^^^^^^^^^^^^^^
  File "/opt/conda/lib/python3.11/site-packages/torch/distributed/run.py", line 918, in main
    return launch_agent(self._config, self._entrypoint, list(args))
           ^^^^^^^^^^^^^^^^^^^^^^^^^^^^^^^^^^^^^^^^^^^^^^^^^^^^^^^^
  File "/opt/conda/lib/python3.11/site-packages/torch/distributed/launcher/api.py", line 269, in launch_agent
    raise ChildFailedError(
torch.distributed.elastic.multiprocessing.errors.ChildFailedError: 
============================================================
/app/src/llamafactory/launcher.py FAILED
------------------------------------------------------------
Failures:
  <NO_OTHER_FAILURES>
------------------------------------------------------------
Root Cause (first observed failure):
[0]:
  time      : 2025-11-27_01:13:10
  host      : jwb1156.juwels
  rank      : 23 (local_rank: 3)
  exitcode  : 1 (pid: 4038493)
  error_file: <N/A>
  traceback : To enable traceback see: https://pytorch.org/docs/stable/elastic/errors.html
============================================================
    run(args)
  File "/opt/conda/lib/python3.11/site-packages/torch/distributed/run.py", line 909, in run
    elastic_launch(
  File "/opt/conda/lib/python3.11/site-packages/torch/distributed/launcher/api.py", line 138, in __call__
    return launch_agent(self._config, self._entrypoint, list(args))
           ^^^^^^^^^^^^^^^^^^^^^^^^^^^^^^^^^^^^^^^^^^^^^^^^^^^^^^^^
  File "/opt/conda/lib/python3.11/site-packages/torch/distributed/launcher/api.py", line 269, in launch_agent
    raise ChildFailedError(
torch.distributed.elastic.multiprocessing.errors.ChildFailedError: 
============================================================
/app/src/llamafactory/launcher.py FAILED
------------------------------------------------------------
Failures:
[1]:
  time      : 2025-11-27_01:13:10
  host      : jwb1155.juwels
  rank      : 18 (local_rank: 2)
  exitcode  : 1 (pid: 1076115)
  error_file: <N/A>
  traceback : To enable traceback see: https://pytorch.org/docs/stable/elastic/errors.html
[2]:
  time      : 2025-11-27_01:13:10
  host      : jwb1155.juwels
  rank      : 19 (local_rank: 3)
  exitcode  : 1 (pid: 1076116)
  error_file: <N/A>
  traceback : To enable traceback see: https://pytorch.org/docs/stable/elastic/errors.html
------------------------------------------------------------
Root Cause (first observed failure):
[0]:
  time      : 2025-11-27_01:13:10
  host      : jwb1155.juwels
  rank      : 17 (local_rank: 1)
  exitcode  : 1 (pid: 1076114)
  error_file: <N/A>
  traceback : To enable traceback see: https://pytorch.org/docs/stable/elastic/errors.html
============================================================
E1127 01:13:11.169000 745317 site-packages/torch/distributed/elastic/multiprocessing/api.py:869] failed (exitcode: 1) local_rank: 2 (pid: 745330) of binary: /opt/conda/bin/python3.11
Traceback (most recent call last):
  File "/opt/conda/bin/torchrun", line 8, in <module>
    sys.exit(main())
             ^^^^^^
  File "/opt/conda/lib/python3.11/site-packages/torch/distributed/elastic/multiprocessing/errors/__init__.py", line 355, in wrapper
    return f(*args, **kwargs)
           ^^^^^^^^^^^^^^^^^^
  File "/opt/conda/lib/python3.11/site-packages/torch/distributed/run.py", line 918, in main
    run(args)
  File "/opt/conda/lib/python3.11/site-packages/torch/distributed/run.py", line 909, in run
    elastic_launch(
  File "/opt/conda/lib/python3.11/site-packages/torch/distributed/launcher/api.py", line 138, in __call__
    return launch_agent(self._config, self._entrypoint, list(args))
           ^^^^^^^^^^^^^^^^^^^^^^^^^^^^^^^^^^^^^^^^^^^^^^^^^^^^^^^^
  File "/opt/conda/lib/python3.11/site-packages/torch/distributed/launcher/api.py", line 269, in launch_agent
    raise ChildFailedError(
torch.distributed.elastic.multiprocessing.errors.ChildFailedError: 
============================================================
/app/src/llamafactory/launcher.py FAILED
------------------------------------------------------------
Failures:
  <NO_OTHER_FAILURES>
------------------------------------------------------------
Root Cause (first observed failure):
[0]:
  time      : 2025-11-27_01:13:10
  host      : jwb1154.juwels
  rank      : 14 (local_rank: 2)
  exitcode  : 1 (pid: 745330)
  error_file: <N/A>
  traceback : To enable traceback see: https://pytorch.org/docs/stable/elastic/errors.html
============================================================
W1127 01:13:11.193000 509435 site-packages/torch/distributed/elastic/multiprocessing/api.py:897] Sending process 509448 closing signal SIGTERM
W1127 01:13:11.193000 509435 site-packages/torch/distributed/elastic/multiprocessing/api.py:897] Sending process 509451 closing signal SIGTERM
Traceback (most recent call last):
  File "/opt/conda/bin/llamafactory-cli", line 7, in <module>
    sys.exit(main())
             ^^^^^^
  File "/app/src/llamafactory/cli.py", line 24, in main
    launcher.launch()
  File "/app/src/llamafactory/launcher.py", line 110, in launch
    process = subprocess.run(
              ^^^^^^^^^^^^^^^
  File "/opt/conda/lib/python3.11/subprocess.py", line 571, in run
    raise CalledProcessError(retcode, process.args,
subprocess.CalledProcessError: Command '['torchrun', '--nnodes', '8', '--node_rank', '1', '--nproc_per_node', '4', '--master_addr', 'jwb0311i', '--master_port', '29706', '/app/src/llamafactory/launcher.py', 'examples/train_full/opensci_full_sft_fsdp.yaml']' returned non-zero exit status 1.
E1127 01:13:11.210000 2539076 site-packages/torch/distributed/elastic/multiprocessing/api.py:869] failed (exitcode: 1) local_rank: 3 (pid: 2539090) of binary: /opt/conda/bin/python3.11
Traceback (most recent call last):
  File "/opt/conda/bin/torchrun", line 8, in <module>
    sys.exit(main())
             ^^^^^^
  File "/opt/conda/lib/python3.11/site-packages/torch/distributed/elastic/multiprocessing/errors/__init__.py", line 355, in wrapper
    return f(*args, **kwargs)
           ^^^^^^^^^^^^^^^^^^
  File "/opt/conda/lib/python3.11/site-packages/torch/distributed/run.py", line 918, in main
    run(args)
  File "/opt/conda/lib/python3.11/site-packages/torch/distributed/run.py", line 909, in run
    elastic_launch(
  File "/opt/conda/lib/python3.11/site-packages/torch/distributed/launcher/api.py", line 138, in __call__
    return launch_agent(self._config, self._entrypoint, list(args))
           ^^^^^^^^^^^^^^^^^^^^^^^^^^^^^^^^^^^^^^^^^^^^^^^^^^^^^^^^
  File "/opt/conda/lib/python3.11/site-packages/torch/distributed/launcher/api.py", line 269, in launch_agent
    raise ChildFailedError(
torch.distributed.elastic.multiprocessing.errors.ChildFailedError: 
============================================================
/app/src/llamafactory/launcher.py FAILED
------------------------------------------------------------
Failures:
  <NO_OTHER_FAILURES>
------------------------------------------------------------
Root Cause (first observed failure):
[0]:
  time      : 2025-11-27_01:13:11
  host      : jwb1159.juwels
  rank      : 31 (local_rank: 3)
  exitcode  : 1 (pid: 2539090)
  error_file: <N/A>
  traceback : To enable traceback see: https://pytorch.org/docs/stable/elastic/errors.html
============================================================
E1127 01:13:11.225000 509435 site-packages/torch/distributed/elastic/multiprocessing/api.py:869] failed (exitcode: 1) local_rank: 1 (pid: 509449) of binary: /opt/conda/bin/python3.11
Traceback (most recent call last):
  File "/opt/conda/bin/torchrun", line 8, in <module>
    sys.exit(main())
             ^^^^^^
  File "/opt/conda/lib/python3.11/site-packages/torch/distributed/elastic/multiprocessing/errors/__init__.py", line 355, in wrapper
    return f(*args, **kwargs)
           ^^^^^^^^^^^^^^^^^^
  File "/opt/conda/lib/python3.11/site-packages/torch/distributed/run.py", line 918, in main
    run(args)
  File "/opt/conda/lib/python3.11/site-packages/torch/distributed/run.py", line 909, in run
    elastic_launch(
  File "/opt/conda/lib/python3.11/site-packages/torch/distributed/launcher/api.py", line 138, in __call__
    return launch_agent(self._config, self._entrypoint, list(args))
           ^^^^^^^^^^^^^^^^^^^^^^^^^^^^^^^^^^^^^^^^^^^^^^^^^^^^^^^^
  File "/opt/conda/lib/python3.11/site-packages/torch/distributed/launcher/api.py", line 269, in launch_agent
    raise ChildFailedError(
torch.distributed.elastic.multiprocessing.errors.ChildFailedError: 
============================================================
/app/src/llamafactory/launcher.py FAILED
------------------------------------------------------------
Failures:
[1]:
  time      : 2025-11-27_01:13:11
  host      : jwb0311.juwels
  rank      : 2 (local_rank: 2)
  exitcode  : 1 (pid: 509450)
  error_file: <N/A>
  traceback : To enable traceback see: https://pytorch.org/docs/stable/elastic/errors.html
------------------------------------------------------------
Root Cause (first observed failure):
[0]:
  time      : 2025-11-27_01:13:11
  host      : jwb0311.juwels
  rank      : 1 (local_rank: 1)
  exitcode  : 1 (pid: 509449)
  error_file: <N/A>
  traceback : To enable traceback see: https://pytorch.org/docs/stable/elastic/errors.html
============================================================
Traceback (most recent call last):
  File "/opt/conda/bin/llamafactory-cli", line 7, in <module>
    sys.exit(main())
             ^^^^^^
  File "/app/src/llamafactory/cli.py", line 24, in main
    launcher.launch()
  File "/app/src/llamafactory/launcher.py", line 110, in launch
    process = subprocess.run(
              ^^^^^^^^^^^^^^^
  File "/opt/conda/lib/python3.11/subprocess.py", line 571, in run
    raise CalledProcessError(retcode, process.args,
subprocess.CalledProcessError: Command '['torchrun', '--nnodes', '8', '--node_rank', '2', '--nproc_per_node', '4', '--master_addr', 'jwb0311i', '--master_port', '29706', '/app/src/llamafactory/launcher.py', 'examples/train_full/opensci_full_sft_fsdp.yaml']' returned non-zero exit status 1.
Traceback (most recent call last):
  File "/opt/conda/bin/llamafactory-cli", line 7, in <module>
    sys.exit(main())
             ^^^^^^
  File "/app/src/llamafactory/cli.py", line 24, in main
    launcher.launch()
  File "/app/src/llamafactory/launcher.py", line 110, in launch
    process = subprocess.run(
              ^^^^^^^^^^^^^^^
  File "/opt/conda/lib/python3.11/subprocess.py", line 571, in run
    raise CalledProcessError(retcode, process.args,
subprocess.CalledProcessError: Command '['torchrun', '--nnodes', '8', '--node_rank', '4', '--nproc_per_node', '4', '--master_addr', 'jwb0311i', '--master_port', '29706', '/app/src/llamafactory/launcher.py', 'examples/train_full/opensci_full_sft_fsdp.yaml']' returned non-zero exit status 1.
Traceback (most recent call last):
  File "/opt/conda/bin/llamafactory-cli", line 7, in <module>
    sys.exit(main())
             ^^^^^^
  File "/app/src/llamafactory/cli.py", line 24, in main
    launcher.launch()
  File "/app/src/llamafactory/launcher.py", line 110, in launch
    process = subprocess.run(
              ^^^^^^^^^^^^^^^
  File "/opt/conda/lib/python3.11/subprocess.py", line 571, in run
    raise CalledProcessError(retcode, process.args,
subprocess.CalledProcessError: Command '['torchrun', '--nnodes', '8', '--node_rank', '6', '--nproc_per_node', '4', '--master_addr', 'jwb0311i', '--master_port', '29706', '/app/src/llamafactory/launcher.py', 'examples/train_full/opensci_full_sft_fsdp.yaml']' returned non-zero exit status 1.
Traceback (most recent call last):
  File "/opt/conda/bin/llamafactory-cli", line 7, in <module>
    sys.exit(main())
             ^^^^^^
  File "/app/src/llamafactory/cli.py", line 24, in main
    launcher.launch()
  File "/app/src/llamafactory/launcher.py", line 110, in launch
    process = subprocess.run(
              ^^^^^^^^^^^^^^^
  File "/opt/conda/lib/python3.11/subprocess.py", line 571, in run
    raise CalledProcessError(retcode, process.args,
subprocess.CalledProcessError: Command '['torchrun', '--nnodes', '8', '--node_rank', '5', '--nproc_per_node', '4', '--master_addr', 'jwb0311i', '--master_port', '29706', '/app/src/llamafactory/launcher.py', 'examples/train_full/opensci_full_sft_fsdp.yaml']' returned non-zero exit status 1.
Traceback (most recent call last):
  File "/opt/conda/bin/llamafactory-cli", line 7, in <module>
    sys.exit(main())
             ^^^^^^
  File "/app/src/llamafactory/cli.py", line 24, in main
    launcher.launch()
  File "/app/src/llamafactory/launcher.py", line 110, in launch
    process = subprocess.run(
              ^^^^^^^^^^^^^^^
  File "/opt/conda/lib/python3.11/subprocess.py", line 571, in run
    raise CalledProcessError(retcode, process.args,
subprocess.CalledProcessError: Command '['torchrun', '--nnodes', '8', '--node_rank', '7', '--nproc_per_node', '4', '--master_addr', 'jwb0311i', '--master_port', '29706', '/app/src/llamafactory/launcher.py', 'examples/train_full/opensci_full_sft_fsdp.yaml']' returned non-zero exit status 1.
Traceback (most recent call last):
  File "/opt/conda/bin/llamafactory-cli", line 7, in <module>
    sys.exit(main())
             ^^^^^^
  File "/app/src/llamafactory/cli.py", line 24, in main
    launcher.launch()
  File "/app/src/llamafactory/launcher.py", line 110, in launch
    process = subprocess.run(
              ^^^^^^^^^^^^^^^
  File "/opt/conda/lib/python3.11/subprocess.py", line 571, in run
    raise CalledProcessError(retcode, process.args,
subprocess.CalledProcessError: Command '['torchrun', '--nnodes', '8', '--node_rank', '3', '--nproc_per_node', '4', '--master_addr', 'jwb0311i', '--master_port', '29706', '/app/src/llamafactory/launcher.py', 'examples/train_full/opensci_full_sft_fsdp.yaml']' returned non-zero exit status 1.
Traceback (most recent call last):
  File "/opt/conda/bin/llamafactory-cli", line 7, in <module>
    sys.exit(main())
             ^^^^^^
  File "/app/src/llamafactory/cli.py", line 24, in main
    launcher.launch()
  File "/app/src/llamafactory/launcher.py", line 110, in launch
    process = subprocess.run(
              ^^^^^^^^^^^^^^^
  File "/opt/conda/lib/python3.11/subprocess.py", line 571, in run
    raise CalledProcessError(retcode, process.args,
subprocess.CalledProcessError: Command '['torchrun', '--nnodes', '8', '--node_rank', '0', '--nproc_per_node', '4', '--master_addr', 'jwb0311i', '--master_port', '29706', '/app/src/llamafactory/launcher.py', 'examples/train_full/opensci_full_sft_fsdp.yaml']' returned non-zero exit status 1.
srun: error: jwb0314: task 1: Exited with exit code 1
srun: Terminating StepId=12912206.0
srun: error: jwb1154: task 3: Terminated
srun: error: jwb1155: task 4: Terminated
srun: error: jwb1159: task 7: Terminated
srun: error: jwb1158: task 6: Terminated
srun: error: jwb1156: task 5: Terminated
srun: error: jwb0315: task 2: Terminated
srun: error: jwb0311: task 0: Terminated
srun: Force Terminated StepId=12912206.0
