==========================================
Job started at: Thu Nov 27 02:02:18 AM CET 2025
Job ID: 12912275
Node: jwb0236.juwels
==========================================
MASTER_ADDR:MASTER_PORT set to: jwb0236i:29775
Starting training...
==========================================
INFO:    Environment variable SINGULARITYENV_HF_HUB_OFFLINE is set, but APPTAINERENV_HF_HUB_OFFLINE is preferred
INFO:    Environment variable SINGULARITYENV_HF_DATASETS_OFFLINE is set, but APPTAINERENV_HF_DATASETS_OFFLINE is preferred
INFO:    Environment variable SINGULARITYENV_GPUS_PER_NODE is set, but APPTAINERENV_GPUS_PER_NODE is preferred
INFO:    Environment variable SINGULARITYENV_MASTER_ADDR is set, but APPTAINERENV_MASTER_ADDR is preferred
INFO:    Environment variable SINGULARITYENV_HF_HOME is set, but APPTAINERENV_HF_HOME is preferred
INFO:    Environment variable SINGULARITYENV_OMP_NUM_THREADS is set, but APPTAINERENV_OMP_NUM_THREADS is preferred
INFO:    Environment variable SINGULARITYENV_MASTER_PORT is set, but APPTAINERENV_MASTER_PORT is preferred
INFO:    Environment variable SINGULARITYENV_HUGGINGFACE_HUB_CACHE is set, but APPTAINERENV_HUGGINGFACE_HUB_CACHE is preferred
INFO:    Environment variable SINGULARITYENV_TRANSFORMERS_OFFLINE is set, but APPTAINERENV_TRANSFORMERS_OFFLINE is preferred
INFO:    Environment variable SINGULARITYENV_TRITON_LIBCUDA_PATH is set, but APPTAINERENV_TRITON_LIBCUDA_PATH is preferred
INFO:    Environment variable SINGULARITYENV_CUDA_DEVICE_MAX_CONNECTIONS is set, but APPTAINERENV_CUDA_DEVICE_MAX_CONNECTIONS is preferred
INFO:    Environment variable SINGULARITYENV_NCCL_IB_TIMEOUT is set, but APPTAINERENV_NCCL_IB_TIMEOUT is preferred
INFO:    Environment variable SINGULARITYENV_NCCL_DEBUG is set, but APPTAINERENV_NCCL_DEBUG is preferred
INFO:    Environment variable SINGULARITYENV_HF_HUB_CACHE is set, but APPTAINERENV_HF_HUB_CACHE is preferred
INFO:    Environment variable SINGULARITYENV_HF_HUB_OFFLINE is set, but APPTAINERENV_HF_HUB_OFFLINE is preferred
INFO:    Environment variable SINGULARITYENV_HF_DATASETS_OFFLINE is set, but APPTAINERENV_HF_DATASETS_OFFLINE is preferred
INFO:    Environment variable SINGULARITYENV_GPUS_PER_NODE is set, but APPTAINERENV_GPUS_PER_NODE is preferred
INFO:    Environment variable SINGULARITYENV_MASTER_ADDR is set, but APPTAINERENV_MASTER_ADDR is preferred
INFO:    Environment variable SINGULARITYENV_HF_HOME is set, but APPTAINERENV_HF_HOME is preferred
INFO:    Environment variable SINGULARITYENV_OMP_NUM_THREADS is set, but APPTAINERENV_OMP_NUM_THREADS is preferred
INFO:    Environment variable SINGULARITYENV_MASTER_PORT is set, but APPTAINERENV_MASTER_PORT is preferred
INFO:    Environment variable SINGULARITYENV_HUGGINGFACE_HUB_CACHE is set, but APPTAINERENV_HUGGINGFACE_HUB_CACHE is preferred
INFO:    Environment variable SINGULARITYENV_TRANSFORMERS_OFFLINE is set, but APPTAINERENV_TRANSFORMERS_OFFLINE is preferred
INFO:    Environment variable SINGULARITYENV_TRITON_LIBCUDA_PATH is set, but APPTAINERENV_TRITON_LIBCUDA_PATH is preferred
INFO:    Environment variable SINGULARITYENV_CUDA_DEVICE_MAX_CONNECTIONS is set, but APPTAINERENV_CUDA_DEVICE_MAX_CONNECTIONS is preferred
INFO:    Environment variable SINGULARITYENV_NCCL_IB_TIMEOUT is set, but APPTAINERENV_NCCL_IB_TIMEOUT is preferred
INFO:    Environment variable SINGULARITYENV_NCCL_DEBUG is set, but APPTAINERENV_NCCL_DEBUG is preferred
INFO:    Environment variable SINGULARITYENV_HF_HUB_CACHE is set, but APPTAINERENV_HF_HUB_CACHE is preferred
nvm is not compatible with the "NPM_CONFIG_PREFIX" environment variable: currently set to "/p/project1/laionize/harsh/.npm-global"
Run `unset NPM_CONFIG_PREFIX` to unset it.
nvm is not compatible with the "NPM_CONFIG_PREFIX" environment variable: currently set to "/p/project1/laionize/harsh/.npm-global"
Run `unset NPM_CONFIG_PREFIX` to unset it.
/opt/conda/lib/python3.11/site-packages/transformers/utils/hub.py:110: FutureWarning: Using `TRANSFORMERS_CACHE` is deprecated and will be removed in v5 of Transformers. Use `HF_HOME` instead.
  warnings.warn(
/opt/conda/lib/python3.11/site-packages/transformers/utils/hub.py:110: FutureWarning: Using `TRANSFORMERS_CACHE` is deprecated and will be removed in v5 of Transformers. Use `HF_HOME` instead.
  warnings.warn(
[INFO|2025-11-27 02:02:41] llamafactory.launcher:143 >> Initializing 4 distributed tasks at: jwb0236i:29775
[INFO|2025-11-27 02:02:41] llamafactory.launcher:143 >> Multi-node training enabled: num nodes: 2, node rank: 1
[INFO|2025-11-27 02:02:41] llamafactory.launcher:143 >> Initializing 4 distributed tasks at: jwb0236i:29775
[INFO|2025-11-27 02:02:41] llamafactory.launcher:143 >> Multi-node training enabled: num nodes: 2, node rank: 0
[W1127 02:02:42.983296941 socket.cpp:759] [c10d] The client socket cannot be initialized to connect to [jwb0236i.juwels]:29775 (errno: 97 - Address family not supported by protocol).
[W1127 02:02:42.996240002 socket.cpp:759] [c10d] The client socket cannot be initialized to connect to [jwb0236i.juwels]:29775 (errno: 97 - Address family not supported by protocol).
/opt/conda/lib/python3.11/site-packages/transformers/utils/hub.py:110: FutureWarning: Using `TRANSFORMERS_CACHE` is deprecated and will be removed in v5 of Transformers. Use `HF_HOME` instead.
  warnings.warn(
/opt/conda/lib/python3.11/site-packages/transformers/utils/hub.py:110: FutureWarning: Using `TRANSFORMERS_CACHE` is deprecated and will be removed in v5 of Transformers. Use `HF_HOME` instead.
  warnings.warn(
/opt/conda/lib/python3.11/site-packages/transformers/utils/hub.py:110: FutureWarning: Using `TRANSFORMERS_CACHE` is deprecated and will be removed in v5 of Transformers. Use `HF_HOME` instead.
  warnings.warn(
/opt/conda/lib/python3.11/site-packages/transformers/utils/hub.py:110: FutureWarning: Using `TRANSFORMERS_CACHE` is deprecated and will be removed in v5 of Transformers. Use `HF_HOME` instead.
  warnings.warn(
/opt/conda/lib/python3.11/site-packages/transformers/utils/hub.py:110: FutureWarning: Using `TRANSFORMERS_CACHE` is deprecated and will be removed in v5 of Transformers. Use `HF_HOME` instead.
  warnings.warn(
/opt/conda/lib/python3.11/site-packages/transformers/utils/hub.py:110: FutureWarning: Using `TRANSFORMERS_CACHE` is deprecated and will be removed in v5 of Transformers. Use `HF_HOME` instead.
  warnings.warn(
/opt/conda/lib/python3.11/site-packages/transformers/utils/hub.py:110: FutureWarning: Using `TRANSFORMERS_CACHE` is deprecated and will be removed in v5 of Transformers. Use `HF_HOME` instead.
  warnings.warn(
/opt/conda/lib/python3.11/site-packages/transformers/utils/hub.py:110: FutureWarning: Using `TRANSFORMERS_CACHE` is deprecated and will be removed in v5 of Transformers. Use `HF_HOME` instead.
  warnings.warn(
[2025-11-27 02:02:49,913] [INFO] [real_accelerator.py:254:get_accelerator] Setting ds_accelerator to cuda (auto detect)
[2025-11-27 02:02:49,913] [INFO] [real_accelerator.py:254:get_accelerator] Setting ds_accelerator to cuda (auto detect)
[2025-11-27 02:02:49,913] [INFO] [real_accelerator.py:254:get_accelerator] Setting ds_accelerator to cuda (auto detect)
[2025-11-27 02:02:49,913] [INFO] [real_accelerator.py:254:get_accelerator] Setting ds_accelerator to cuda (auto detect)
[2025-11-27 02:02:49,914] [INFO] [real_accelerator.py:254:get_accelerator] Setting ds_accelerator to cuda (auto detect)
[2025-11-27 02:02:49,914] [INFO] [real_accelerator.py:254:get_accelerator] Setting ds_accelerator to cuda (auto detect)
[2025-11-27 02:02:49,914] [INFO] [real_accelerator.py:254:get_accelerator] Setting ds_accelerator to cuda (auto detect)
[2025-11-27 02:02:49,914] [INFO] [real_accelerator.py:254:get_accelerator] Setting ds_accelerator to cuda (auto detect)
/opt/conda/lib/python3.11/site-packages/jieba/_compat.py:18: UserWarning: pkg_resources is deprecated as an API. See https://setuptools.pypa.io/en/latest/pkg_resources.html. The pkg_resources package is slated for removal as early as 2025-11-30. Refrain from using this package or pin to Setuptools<81.
  import pkg_resources
/opt/conda/lib/python3.11/site-packages/jieba/_compat.py:18: UserWarning: pkg_resources is deprecated as an API. See https://setuptools.pypa.io/en/latest/pkg_resources.html. The pkg_resources package is slated for removal as early as 2025-11-30. Refrain from using this package or pin to Setuptools<81.
  import pkg_resources
/opt/conda/lib/python3.11/site-packages/jieba/_compat.py:18: UserWarning: pkg_resources is deprecated as an API. See https://setuptools.pypa.io/en/latest/pkg_resources.html. The pkg_resources package is slated for removal as early as 2025-11-30. Refrain from using this package or pin to Setuptools<81.
  import pkg_resources
/opt/conda/lib/python3.11/site-packages/jieba/_compat.py:18: UserWarning: pkg_resources is deprecated as an API. See https://setuptools.pypa.io/en/latest/pkg_resources.html. The pkg_resources package is slated for removal as early as 2025-11-30. Refrain from using this package or pin to Setuptools<81.
  import pkg_resources
/opt/conda/lib/python3.11/site-packages/jieba/_compat.py:18: UserWarning: pkg_resources is deprecated as an API. See https://setuptools.pypa.io/en/latest/pkg_resources.html. The pkg_resources package is slated for removal as early as 2025-11-30. Refrain from using this package or pin to Setuptools<81.
  import pkg_resources
/opt/conda/lib/python3.11/site-packages/jieba/_compat.py:18: UserWarning: pkg_resources is deprecated as an API. See https://setuptools.pypa.io/en/latest/pkg_resources.html. The pkg_resources package is slated for removal as early as 2025-11-30. Refrain from using this package or pin to Setuptools<81.
  import pkg_resources
/opt/conda/lib/python3.11/site-packages/jieba/_compat.py:18: UserWarning: pkg_resources is deprecated as an API. See https://setuptools.pypa.io/en/latest/pkg_resources.html. The pkg_resources package is slated for removal as early as 2025-11-30. Refrain from using this package or pin to Setuptools<81.
  import pkg_resources
/opt/conda/lib/python3.11/site-packages/jieba/_compat.py:18: UserWarning: pkg_resources is deprecated as an API. See https://setuptools.pypa.io/en/latest/pkg_resources.html. The pkg_resources package is slated for removal as early as 2025-11-30. Refrain from using this package or pin to Setuptools<81.
  import pkg_resources
[2025-11-27 02:02:53,111] [INFO] [comm.py:669:init_distributed] cdb=None
[2025-11-27 02:02:53,112] [INFO] [comm.py:669:init_distributed] cdb=None
[2025-11-27 02:02:53,113] [INFO] [comm.py:669:init_distributed] cdb=None
[2025-11-27 02:02:53,114] [INFO] [comm.py:669:init_distributed] cdb=None
[W1127 02:02:53.238823827 socket.cpp:759] [c10d] The client socket cannot be initialized to connect to [jwb0236i.juwels]:29775 (errno: 97 - Address family not supported by protocol).
[W1127 02:02:53.240103848 socket.cpp:759] [c10d] The client socket cannot be initialized to connect to [jwb0236i.juwels]:29775 (errno: 97 - Address family not supported by protocol).
[W1127 02:02:53.240435871 socket.cpp:759] [c10d] The client socket cannot be initialized to connect to [jwb0236i.juwels]:29775 (errno: 97 - Address family not supported by protocol).
[W1127 02:02:53.241540671 socket.cpp:759] [c10d] The client socket cannot be initialized to connect to [jwb0236i.juwels]:29775 (errno: 97 - Address family not supported by protocol).
[2025-11-27 02:02:53,120] [INFO] [comm.py:669:init_distributed] cdb=None
[2025-11-27 02:02:53,121] [INFO] [comm.py:669:init_distributed] cdb=None
[2025-11-27 02:02:53,123] [INFO] [comm.py:669:init_distributed] cdb=None
[2025-11-27 02:02:53,123] [INFO] [comm.py:700:init_distributed] Initializing TorchBackend in DeepSpeed with backend nccl
[W1127 02:02:53.244023792 socket.cpp:759] [c10d] The client socket cannot be initialized to connect to [jwb0236i.juwels]:29775 (errno: 97 - Address family not supported by protocol).
[W1127 02:02:53.244597231 socket.cpp:759] [c10d] The client socket cannot be initialized to connect to [jwb0236i.juwels]:29775 (errno: 97 - Address family not supported by protocol).
[W1127 02:02:53.246057167 socket.cpp:759] [c10d] The client socket cannot be initialized to connect to [jwb0236i.juwels]:29775 (errno: 97 - Address family not supported by protocol).
[2025-11-27 02:02:53,136] [INFO] [comm.py:669:init_distributed] cdb=None
[W1127 02:02:53.261748049 socket.cpp:759] [c10d] The client socket cannot be initialized to connect to [jwb0236i.juwels]:29775 (errno: 97 - Address family not supported by protocol).
[INFO|2025-11-27 02:02:53] llamafactory.hparams.parser:423 >> Process rank: 4, world size: 8, device: cuda:0, distributed training: True, compute dtype: torch.bfloat16
[INFO|hub.py:421] 2025-11-27 02:02:53,280 >> Offline mode: forcing local_files_only=True
[INFO|2025-11-27 02:02:53] llamafactory.hparams.parser:423 >> Process rank: 0, world size: 8, device: cuda:0, distributed training: True, compute dtype: torch.bfloat16
[INFO|hub.py:421] 2025-11-27 02:02:53,312 >> Offline mode: forcing local_files_only=True
[INFO|tokenization_utils_base.py:1949] 2025-11-27 02:02:53,348 >> Offline mode: forcing local_files_only=True
[INFO|tokenization_utils_base.py:1949] 2025-11-27 02:02:53,353 >> Offline mode: forcing local_files_only=True
[INFO|tokenization_utils_base.py:2095] 2025-11-27 02:02:53,366 >> loading file tokenizer.model from cache at /p/scratch/laionize/raj3/.cache/models--laineyyy--openeurollm-datamix-2b-en-80pct-DPO-HelpSteer3/snapshots/555ecf0c308e522e0432fea75ea47f840e04e81f/tokenizer.model
[INFO|tokenization_utils_base.py:2095] 2025-11-27 02:02:53,366 >> loading file tokenizer.json from cache at /p/scratch/laionize/raj3/.cache/models--laineyyy--openeurollm-datamix-2b-en-80pct-DPO-HelpSteer3/snapshots/555ecf0c308e522e0432fea75ea47f840e04e81f/tokenizer.json
[INFO|tokenization_utils_base.py:2095] 2025-11-27 02:02:53,366 >> loading file added_tokens.json from cache at /p/scratch/laionize/raj3/.cache/models--laineyyy--openeurollm-datamix-2b-en-80pct-DPO-HelpSteer3/snapshots/555ecf0c308e522e0432fea75ea47f840e04e81f/added_tokens.json
[INFO|tokenization_utils_base.py:2095] 2025-11-27 02:02:53,366 >> loading file special_tokens_map.json from cache at /p/scratch/laionize/raj3/.cache/models--laineyyy--openeurollm-datamix-2b-en-80pct-DPO-HelpSteer3/snapshots/555ecf0c308e522e0432fea75ea47f840e04e81f/special_tokens_map.json
[INFO|tokenization_utils_base.py:2095] 2025-11-27 02:02:53,366 >> loading file tokenizer_config.json from cache at /p/scratch/laionize/raj3/.cache/models--laineyyy--openeurollm-datamix-2b-en-80pct-DPO-HelpSteer3/snapshots/555ecf0c308e522e0432fea75ea47f840e04e81f/tokenizer_config.json
[INFO|tokenization_utils_base.py:2095] 2025-11-27 02:02:53,366 >> loading file chat_template.jinja from cache at /p/scratch/laionize/raj3/.cache/models--laineyyy--openeurollm-datamix-2b-en-80pct-DPO-HelpSteer3/snapshots/555ecf0c308e522e0432fea75ea47f840e04e81f/chat_template.jinja
[INFO|tokenization_utils_base.py:2095] 2025-11-27 02:02:53,371 >> loading file tokenizer.model from cache at /p/scratch/laionize/raj3/.cache/models--laineyyy--openeurollm-datamix-2b-en-80pct-DPO-HelpSteer3/snapshots/555ecf0c308e522e0432fea75ea47f840e04e81f/tokenizer.model
[INFO|tokenization_utils_base.py:2095] 2025-11-27 02:02:53,371 >> loading file tokenizer.json from cache at /p/scratch/laionize/raj3/.cache/models--laineyyy--openeurollm-datamix-2b-en-80pct-DPO-HelpSteer3/snapshots/555ecf0c308e522e0432fea75ea47f840e04e81f/tokenizer.json
[INFO|tokenization_utils_base.py:2095] 2025-11-27 02:02:53,371 >> loading file added_tokens.json from cache at /p/scratch/laionize/raj3/.cache/models--laineyyy--openeurollm-datamix-2b-en-80pct-DPO-HelpSteer3/snapshots/555ecf0c308e522e0432fea75ea47f840e04e81f/added_tokens.json
[INFO|tokenization_utils_base.py:2095] 2025-11-27 02:02:53,371 >> loading file special_tokens_map.json from cache at /p/scratch/laionize/raj3/.cache/models--laineyyy--openeurollm-datamix-2b-en-80pct-DPO-HelpSteer3/snapshots/555ecf0c308e522e0432fea75ea47f840e04e81f/special_tokens_map.json
[INFO|tokenization_utils_base.py:2095] 2025-11-27 02:02:53,371 >> loading file tokenizer_config.json from cache at /p/scratch/laionize/raj3/.cache/models--laineyyy--openeurollm-datamix-2b-en-80pct-DPO-HelpSteer3/snapshots/555ecf0c308e522e0432fea75ea47f840e04e81f/tokenizer_config.json
[INFO|tokenization_utils_base.py:2095] 2025-11-27 02:02:53,371 >> loading file chat_template.jinja from cache at /p/scratch/laionize/raj3/.cache/models--laineyyy--openeurollm-datamix-2b-en-80pct-DPO-HelpSteer3/snapshots/555ecf0c308e522e0432fea75ea47f840e04e81f/chat_template.jinja
[INFO|2025-11-27 02:02:53] llamafactory.hparams.parser:423 >> Process rank: 7, world size: 8, device: cuda:3, distributed training: True, compute dtype: torch.bfloat16
[INFO|2025-11-27 02:02:53] llamafactory.hparams.parser:423 >> Process rank: 5, world size: 8, device: cuda:1, distributed training: True, compute dtype: torch.bfloat16
[INFO|2025-11-27 02:02:53] llamafactory.hparams.parser:423 >> Process rank: 6, world size: 8, device: cuda:2, distributed training: True, compute dtype: torch.bfloat16
[INFO|2025-11-27 02:02:53] llamafactory.hparams.parser:423 >> Process rank: 3, world size: 8, device: cuda:3, distributed training: True, compute dtype: torch.bfloat16
[INFO|2025-11-27 02:02:53] llamafactory.hparams.parser:423 >> Process rank: 2, world size: 8, device: cuda:2, distributed training: True, compute dtype: torch.bfloat16
[INFO|2025-11-27 02:02:53] llamafactory.hparams.parser:423 >> Process rank: 1, world size: 8, device: cuda:1, distributed training: True, compute dtype: torch.bfloat16
[INFO|hub.py:421] 2025-11-27 02:02:54,942 >> Offline mode: forcing local_files_only=True
[INFO|hub.py:421] 2025-11-27 02:02:54,943 >> Offline mode: forcing local_files_only=True
[INFO|hub.py:421] 2025-11-27 02:02:54,944 >> Offline mode: forcing local_files_only=True
[INFO|hub.py:421] 2025-11-27 02:02:54,944 >> Offline mode: forcing local_files_only=True
[INFO|hub.py:421] 2025-11-27 02:02:54,945 >> Offline mode: forcing local_files_only=True
[rank3]:[W1127 02:02:54.064571715 ProcessGroupNCCL.cpp:4561] [PG ID 0 PG GUID 0 Rank 3]  using GPU 3 to perform barrier as devices used by this process are currently unknown. This can potentially cause a hang if this rank to GPU mapping is incorrect. Specify device_ids in barrier() to force use of a particular device, or call init_process_group() with a device_id.
[INFO|image_processing_base.py:316] 2025-11-27 02:02:54,958 >> Offline mode: forcing local_files_only=True
[INFO|image_processing_base.py:316] 2025-11-27 02:02:54,959 >> Offline mode: forcing local_files_only=True
[INFO|image_processing_base.py:383] 2025-11-27 02:02:54,962 >> loading configuration file config.json from cache at /p/scratch/laionize/raj3/.cache/models--laineyyy--openeurollm-datamix-2b-en-80pct-DPO-HelpSteer3/snapshots/555ecf0c308e522e0432fea75ea47f840e04e81f/config.json
[INFO|2025-11-27 02:02:54] llamafactory.model.loader:143 >> Failed to load processor: Can't load image processor for 'laineyyy/openeurollm-datamix-2b-en-80pct-DPO-HelpSteer3'. If you were trying to load it from 'https://huggingface.co/models', make sure you don't have a local directory with the same name. Otherwise, make sure 'laineyyy/openeurollm-datamix-2b-en-80pct-DPO-HelpSteer3' is the correct path to a directory containing a preprocessor_config.json file.
[INFO|2025-11-27 02:02:54] llamafactory.data.template:143 >> Replace eos token: <end_of_turn>.
[rank7]:[W1127 02:02:54.096113438 ProcessGroupNCCL.cpp:4561] [PG ID 0 PG GUID 0 Rank 7]  using GPU 3 to perform barrier as devices used by this process are currently unknown. This can potentially cause a hang if this rank to GPU mapping is incorrect. Specify device_ids in barrier() to force use of a particular device, or call init_process_group() with a device_id.
[INFO|2025-11-27 02:02:54] llamafactory.data.loader:143 >> Loading dataset Harsh1729/long_sft...
`trust_remote_code` is not supported anymore.
Please check that the Hugging Face dataset 'Harsh1729/long_sft' isn't based on a loading script and remove `trust_remote_code`.
If the dataset is based on a loading script, please ask the dataset author to remove it and convert it to a standard format like Parquet.
Using the latest cached version of the dataset since Harsh1729/long_sft couldn't be found on the Hugging Face Hub (offline mode is enabled).
Found the latest cached dataset configuration 'default' at /p/scratch/laionize/raj3/.cache/Harsh1729___long_sft/default/0.0.0/bef20b8a103939b5d894835c7e8786beda3e7968 (last modified on Thu Nov 27 01:26:51 2025).
[rank2]:[W1127 02:02:55.157078342 ProcessGroupNCCL.cpp:4561] [PG ID 0 PG GUID 0 Rank 2]  using GPU 2 to perform barrier as devices used by this process are currently unknown. This can potentially cause a hang if this rank to GPU mapping is incorrect. Specify device_ids in barrier() to force use of a particular device, or call init_process_group() with a device_id.
[rank6]:[W1127 02:02:55.250056284 ProcessGroupNCCL.cpp:4561] [PG ID 0 PG GUID 0 Rank 6]  using GPU 2 to perform barrier as devices used by this process are currently unknown. This can potentially cause a hang if this rank to GPU mapping is incorrect. Specify device_ids in barrier() to force use of a particular device, or call init_process_group() with a device_id.
[rank5]:[W1127 02:02:55.302846642 ProcessGroupNCCL.cpp:4561] [PG ID 0 PG GUID 0 Rank 5]  using GPU 1 to perform barrier as devices used by this process are currently unknown. This can potentially cause a hang if this rank to GPU mapping is incorrect. Specify device_ids in barrier() to force use of a particular device, or call init_process_group() with a device_id.
[INFO|hub.py:421] 2025-11-27 02:02:55,258 >> Offline mode: forcing local_files_only=True
[INFO|hub.py:421] 2025-11-27 02:02:55,261 >> Offline mode: forcing local_files_only=True
[INFO|hub.py:421] 2025-11-27 02:02:55,261 >> Offline mode: forcing local_files_only=True
[INFO|hub.py:421] 2025-11-27 02:02:55,262 >> Offline mode: forcing local_files_only=True
[INFO|hub.py:421] 2025-11-27 02:02:55,262 >> Offline mode: forcing local_files_only=True
[INFO|image_processing_base.py:316] 2025-11-27 02:02:55,277 >> Offline mode: forcing local_files_only=True
[INFO|image_processing_base.py:316] 2025-11-27 02:02:55,279 >> Offline mode: forcing local_files_only=True
[INFO|image_processing_base.py:383] 2025-11-27 02:02:55,280 >> loading configuration file config.json from cache at /p/scratch/laionize/raj3/.cache/models--laineyyy--openeurollm-datamix-2b-en-80pct-DPO-HelpSteer3/snapshots/555ecf0c308e522e0432fea75ea47f840e04e81f/config.json
[INFO|2025-11-27 02:02:55] llamafactory.model.loader:143 >> Failed to load processor: Can't load image processor for 'laineyyy/openeurollm-datamix-2b-en-80pct-DPO-HelpSteer3'. If you were trying to load it from 'https://huggingface.co/models', make sure you don't have a local directory with the same name. Otherwise, make sure 'laineyyy/openeurollm-datamix-2b-en-80pct-DPO-HelpSteer3' is the correct path to a directory containing a preprocessor_config.json file.
[INFO|2025-11-27 02:02:55] llamafactory.data.template:143 >> Replace eos token: <end_of_turn>.
[INFO|2025-11-27 02:02:55] llamafactory.data.loader:143 >> Loading dataset Harsh1729/long_sft...
`trust_remote_code` is not supported anymore.
Please check that the Hugging Face dataset 'Harsh1729/long_sft' isn't based on a loading script and remove `trust_remote_code`.
If the dataset is based on a loading script, please ask the dataset author to remove it and convert it to a standard format like Parquet.
Using the latest cached version of the dataset since Harsh1729/long_sft couldn't be found on the Hugging Face Hub (offline mode is enabled).
Found the latest cached dataset configuration 'default' at /p/scratch/laionize/raj3/.cache/Harsh1729___long_sft/default/0.0.0/bef20b8a103939b5d894835c7e8786beda3e7968 (last modified on Thu Nov 27 01:26:51 2025).
[rank1]:[W1127 02:02:55.421087367 ProcessGroupNCCL.cpp:4561] [PG ID 0 PG GUID 0 Rank 1]  using GPU 1 to perform barrier as devices used by this process are currently unknown. This can potentially cause a hang if this rank to GPU mapping is incorrect. Specify device_ids in barrier() to force use of a particular device, or call init_process_group() with a device_id.
Converting format of dataset (num_proc=16): 100%|██████████| 51936/51936 [00:00<?, ? examples/s]Converting format of dataset (num_proc=16): 100%|██████████| 51936/51936 [00:00<?, ? examples/s]Converting format of dataset (num_proc=16): 51941 examples [00:00, 12.47 examples/s]            Converting format of dataset (num_proc=16): 51938 examples [00:00,  4.36 examples/s]            Converting format of dataset (num_proc=16): 53023 examples [00:00, 2838.52 examples/s]Converting format of dataset (num_proc=16): 54807 examples [00:00, 6811.59 examples/s]Converting format of dataset (num_proc=16): 57222 examples [00:00, 13479.38 examples/s][WARNING|2025-11-27 02:02:56] llamafactory.data.converter:148 >> Invalid message count in [{'content': 'Hi', 'role': 'user'}, {'content': 'Hello! How can I help you today?', 'role': 'assistant'}, {'content': 'What is the speed of sound?', 'role': 'user'}, {'content': 'The speed of sound is approximately 768 miles per hour (1,236 kilometers per hour) in dry air at room temperature and atmospheric pressure.', 'role': 'assistant'}, {'content': 'Is the speed of sound the same in water?', 'role': 'user'}, {'content': 'No, the speed of sound is faster in water, approximately 3,270 miles per hour (5,260 kilometers per hour), because water is denser than air.', 'role': 'assistant'}, {'content': "That's really fast.", 'role': 'user'}].
[WARNING|2025-11-27 02:02:56] llamafactory.data.converter:148 >> Skipping this abnormal example.
[WARNING|2025-11-27 02:02:56] llamafactory.data.converter:148 >> Invalid message count in [{'content': 'Hi', 'role': 'user'}, {'content': 'Hello! How can I help you today?', 'role': 'assistant'}, {'content': 'What is the speed of sound?', 'role': 'user'}, {'content': 'The speed of sound is approximately 768 miles per hour (1,236 kilometers per hour) in dry air at room temperature and atmospheric pressure.', 'role': 'assistant'}, {'content': 'Is the speed of sound the same in water?', 'role': 'user'}, {'content': 'No, the speed of sound is faster in water, approximately 3,270 miles per hour (5,260 kilometers per hour), because water is denser than air.', 'role': 'assistant'}, {'content': "That's really fast.", 'role': 'user'}].
[WARNING|2025-11-27 02:02:56] llamafactory.data.converter:148 >> Skipping this abnormal example.
Converting format of dataset (num_proc=16): 59998 examples [00:00, 18210.93 examples/s][WARNING|2025-11-27 02:02:56] llamafactory.data.converter:148 >> Invalid message count in [{'content': 'Hi', 'role': 'user'}, {'content': 'Hello! How can I help you today?', 'role': 'assistant'}, {'content': "I'm having trouble with my math homework and I don't know who to ask for help.", 'role': 'user'}, {'content': "Don't worry, you can start by asking your teacher or classmate for help. They can explain the concepts to you in a different way that might be easier to understand.", 'role': 'assistant'}, {'content': "What if I'm still having trouble after asking them?", 'role': 'user'}, {'content': "If you're still struggling, you can also look for online resources like video tutorials or study guides that can provide extra support and practice problems.", 'role': 'assistant'}, {'content': 'That sounds like a good idea.', 'role': 'user'}].
[WARNING|2025-11-27 02:02:56] llamafactory.data.converter:148 >> Skipping this abnormal example.
Converting format of dataset (num_proc=16): 63208 examples [00:00, 26139.68 examples/s][WARNING|2025-11-27 02:02:56] llamafactory.data.converter:148 >> Invalid message count in [{'content': 'Hi', 'role': 'user'}, {'content': 'Hello! How can I help you today?', 'role': 'assistant'}, {'content': "I'm having trouble with my math homework and I don't know who to ask for help.", 'role': 'user'}, {'content': "Don't worry, you can start by asking your teacher or classmate for help. They can explain the concepts to you in a different way that might be easier to understand.", 'role': 'assistant'}, {'content': "What if I'm still having trouble after asking them?", 'role': 'user'}, {'content': "If you're still struggling, you can also look for online resources like video tutorials or study guides that can provide extra support and practice problems.", 'role': 'assistant'}, {'content': 'That sounds like a good idea.', 'role': 'user'}].
[WARNING|2025-11-27 02:02:56] llamafactory.data.converter:148 >> Skipping this abnormal example.
[WARNING|2025-11-27 02:02:56] llamafactory.data.converter:148 >> Invalid message count in [{'content': 'Hi there', 'role': 'user'}, {'content': 'Hello! How can I help you today?', 'role': 'assistant'}, {'content': "I'm going to the airport tomorrow and I need a taxi. What's the best way to get one?", 'role': 'user'}, {'content': "You can book a taxi in advance through a ride-hailing app or the airport's website, or you can hail one at the airport when you arrive.", 'role': 'assistant'}, {'content': 'How long does it usually take to get to the airport from the city center?', 'role': 'user'}, {'content': 'It usually takes around 30-40 minutes depending on traffic, but I recommend checking for real-time updates before you leave.', 'role': 'assistant'}, {'content': "That's helpful, thank you.", 'role': 'user'}].
[WARNING|2025-11-27 02:02:56] llamafactory.data.converter:148 >> Skipping this abnormal example.
[WARNING|2025-11-27 02:02:56] llamafactory.data.converter:148 >> Invalid message count in [{'content': 'Hi there', 'role': 'user'}, {'content': 'Hello! How can I help you today?', 'role': 'assistant'}, {'content': "What's the weather like today?", 'role': 'user'}, {'content': "It's mostly sunny with a high of 75°F (24°C) and a low of 50°F (10°C).", 'role': 'assistant'}, {'content': 'Is that a record high for this time of year?', 'role': 'user'}, {'content': 'No, the record high for this time of year is 85°F (29°C), set in 2010.', 'role': 'assistant'}, {'content': "That's interesting.", 'role': 'user'}].
[WARNING|2025-11-27 02:02:56] llamafactory.data.converter:148 >> Skipping this abnormal example.
[WARNING|2025-11-27 02:02:56] llamafactory.data.converter:148 >> Invalid message count in [{'content': 'Hi there', 'role': 'user'}, {'content': 'Hello! How can I help you today?', 'role': 'assistant'}, {'content': "What's the weather like today?", 'role': 'user'}, {'content': "It's mostly sunny with a high of 75°F (24°C) and a low of 50°F (10°C).", 'role': 'assistant'}, {'content': 'Is that a record high for this time of year?', 'role': 'user'}, {'content': 'No, the record high for this time of year is 85°F (29°C), set in 2010.', 'role': 'assistant'}, {'content': "That's interesting.", 'role': 'user'}].
[WARNING|2025-11-27 02:02:56] llamafactory.data.converter:148 >> Skipping this abnormal example.
[WARNING|2025-11-27 02:02:56] llamafactory.data.converter:148 >> Invalid message count in [{'content': 'Hi there', 'role': 'user'}, {'content': 'Hello! How can I help you today?', 'role': 'assistant'}, {'content': "I'm going to the airport tomorrow and I need a taxi. What's the best way to get one?", 'role': 'user'}, {'content': "You can book a taxi in advance through a ride-hailing app or the airport's website, or you can hail one at the airport when you arrive.", 'role': 'assistant'}, {'content': 'How long does it usually take to get to the airport from the city center?', 'role': 'user'}, {'content': 'It usually takes around 30-40 minutes depending on traffic, but I recommend checking for real-time updates before you leave.', 'role': 'assistant'}, {'content': "That's helpful, thank you.", 'role': 'user'}].
[WARNING|2025-11-27 02:02:56] llamafactory.data.converter:148 >> Skipping this abnormal example.
Converting format of dataset (num_proc=16): 65750 examples [00:00, 28636.97 examples/s]Converting format of dataset (num_proc=16): 67189 examples [00:00, 29884.52 examples/s]Converting format of dataset (num_proc=16): 70407 examples [00:00, 33124.45 examples/s]Converting format of dataset (num_proc=16): 73596 examples [00:00, 38844.72 examples/s][WARNING|2025-11-27 02:02:56] llamafactory.data.converter:148 >> Invalid message count in [{'content': 'Hi', 'role': 'user'}, {'content': 'Hello! How can I help you today?', 'role': 'assistant'}, {'content': "I'm looking for some home workout videos to help me get started with my fitness routine.", 'role': 'user'}, {'content': 'There are many great options available. You can try searching for videos on YouTube, or check out fitness apps like Nike Training Club or JEFIT.', 'role': 'assistant'}, {'content': 'That sounds good. Are there any videos for beginners?', 'role': 'user'}, {'content': 'Yes, many fitness channels on YouTube have beginner-friendly videos. You can search for keywords like "beginner workout" or "home workout for beginners" to find suitable videos.', 'role': 'assistant'}, {'content': "Okay, I'll check that out.", 'role': 'user'}].
[WARNING|2025-11-27 02:02:56] llamafactory.data.converter:148 >> Skipping this abnormal example.
[WARNING|2025-11-27 02:02:56] llamafactory.data.converter:148 >> Invalid message count in [{'content': 'Hi', 'role': 'user'}, {'content': 'Hello! How can I help you today?', 'role': 'assistant'}, {'content': "I'm looking for some home workout videos to help me get started with my fitness routine.", 'role': 'user'}, {'content': 'There are many great options available. You can try searching for videos on YouTube, or check out fitness apps like Nike Training Club or JEFIT.', 'role': 'assistant'}, {'content': 'That sounds good. Are there any videos for beginners?', 'role': 'user'}, {'content': 'Yes, many fitness channels on YouTube have beginner-friendly videos. You can search for keywords like "beginner workout" or "home workout for beginners" to find suitable videos.', 'role': 'assistant'}, {'content': "Okay, I'll check that out.", 'role': 'user'}].
[WARNING|2025-11-27 02:02:56] llamafactory.data.converter:148 >> Skipping this abnormal example.
[WARNING|2025-11-27 02:02:56] llamafactory.data.converter:148 >> Invalid message count in [{'content': 'Hey!', 'role': 'user'}, {'content': 'Hello! How can I help you today?', 'role': 'assistant'}, {'content': "I'm looking for a new basketball. What are some popular brands?", 'role': 'user'}, {'content': 'Some popular basketball brands include Nike, Adidas, and Spalding. They offer high-quality balls for both professional and recreational play.', 'role': 'assistant'}, {'content': "What's the main difference between an indoor and outdoor basketball?", 'role': 'user'}, {'content': 'The main difference is the material and texture. Indoor basketballs are usually made of leather and have a smooth texture, while outdoor basketballs are made of synthetic materials and have a textured surface for better grip on rougher surfaces.', 'role': 'assistant'}, {'content': "That helps. I think I'll get an outdoor one.", 'role': 'user'}].
[WARNING|2025-11-27 02:02:56] llamafactory.data.converter:148 >> Skipping this abnormal example.
Converting format of dataset (num_proc=16): 77243 examples [00:00, 42867.85 examples/s][WARNING|2025-11-27 02:02:56] llamafactory.data.converter:148 >> Invalid message count in [{'content': 'Hey!', 'role': 'user'}, {'content': 'Hello! How can I help you today?', 'role': 'assistant'}, {'content': "I'm looking for a new basketball. What are some popular brands?", 'role': 'user'}, {'content': 'Some popular basketball brands include Nike, Adidas, and Spalding. They offer high-quality balls for both professional and recreational play.', 'role': 'assistant'}, {'content': "What's the main difference between an indoor and outdoor basketball?", 'role': 'user'}, {'content': 'The main difference is the material and texture. Indoor basketballs are usually made of leather and have a smooth texture, while outdoor basketballs are made of synthetic materials and have a textured surface for better grip on rougher surfaces.', 'role': 'assistant'}, {'content': "That helps. I think I'll get an outdoor one.", 'role': 'user'}].
[WARNING|2025-11-27 02:02:56] llamafactory.data.converter:148 >> Skipping this abnormal example.
Converting format of dataset (num_proc=16): 80499 examples [00:01, 46314.07 examples/s][WARNING|2025-11-27 02:02:56] llamafactory.data.converter:148 >> Invalid message count in [{'content': 'Hi', 'role': 'user'}, {'content': 'Hello! How can I help you today?', 'role': 'assistant'}, {'content': "I'm going on a trip soon and I'm not sure what to pack.", 'role': 'user'}, {'content': 'Packing for a trip can be overwhelming. What type of trip are you going on (beach, city, hiking, etc.)?', 'role': 'assistant'}, {'content': "It's a beach vacation. I also want to pack eco-friendly.", 'role': 'user'}, {'content': "For a beach vacation, you'll want to pack light, breathable clothing, sunscreen, and a reusable water bottle. Consider packing clothing items that can be easily mixed and matched to reduce waste.", 'role': 'assistant'}, {'content': 'That sounds great, thank you.', 'role': 'user'}].
[WARNING|2025-11-27 02:02:56] llamafactory.data.converter:148 >> Skipping this abnormal example.
Converting format of dataset (num_proc=16): 82918 examples [00:01, 46310.69 examples/s][WARNING|2025-11-27 02:02:56] llamafactory.data.converter:148 >> Invalid message count in [{'content': 'Hi', 'role': 'user'}, {'content': 'Hello! How can I help you today?', 'role': 'assistant'}, {'content': "I'm going on a trip soon and I'm not sure what to pack.", 'role': 'user'}, {'content': 'Packing for a trip can be overwhelming. What type of trip are you going on (beach, city, hiking, etc.)?', 'role': 'assistant'}, {'content': "It's a beach vacation. I also want to pack eco-friendly.", 'role': 'user'}, {'content': "For a beach vacation, you'll want to pack light, breathable clothing, sunscreen, and a reusable water bottle. Consider packing clothing items that can be easily mixed and matched to reduce waste.", 'role': 'assistant'}, {'content': 'That sounds great, thank you.', 'role': 'user'}].
[WARNING|2025-11-27 02:02:56] llamafactory.data.converter:148 >> Skipping this abnormal example.
Converting format of dataset (num_proc=16): 86550 examples [00:01, 49556.54 examples/s]Converting format of dataset (num_proc=16): 89113 examples [00:01, 50166.13 examples/s]Converting format of dataset (num_proc=16): 93347 examples [00:01, 54613.26 examples/s]Converting format of dataset (num_proc=16): 95522 examples [00:01, 53905.04 examples/s][WARNING|2025-11-27 02:02:56] llamafactory.data.converter:148 >> Invalid message count in [{'content': 'Hi', 'role': 'user'}, {'content': 'Hello! How can I help you today?', 'role': 'assistant'}, {'content': "What's the weather like today?", 'role': 'user'}, {'content': "Today's forecast shows partly cloudy skies with a high of 75°F and a low of 60°F. There's a slight chance of scattered showers in the evening.", 'role': 'assistant'}, {'content': 'Will the rain affect my outdoor plans?', 'role': 'user'}, {'content': "The rain is expected to be light, so it might not be a major issue. However, it's always a good idea to check the forecast again before heading out, or consider having a backup plan.", 'role': 'assistant'}, {'content': "What's the point of impact-based forecasting?", 'role': 'user'}, {'content': 'Impact-based forecasting helps predict how the weather will affect our daily lives, such as traffic, outdoor events, or even our daily commute. It provides more detailed information on what to expect and how to prepare.', 'role': 'assistant'}, {'content': 'That sounds helpful.', 'role': 'user'}].
[WARNING|2025-11-27 02:02:56] llamafactory.data.converter:148 >> Skipping this abnormal example.
[WARNING|2025-11-27 02:02:56] llamafactory.data.converter:148 >> Invalid message count in [{'content': 'Hi', 'role': 'user'}, {'content': 'Hello! How can I help you today?', 'role': 'assistant'}, {'content': "What's the weather like today?", 'role': 'user'}, {'content': "Today's forecast shows partly cloudy skies with a high of 75°F and a low of 60°F. There's a slight chance of scattered showers in the evening.", 'role': 'assistant'}, {'content': 'Will the rain affect my outdoor plans?', 'role': 'user'}, {'content': "The rain is expected to be light, so it might not be a major issue. However, it's always a good idea to check the forecast again before heading out, or consider having a backup plan.", 'role': 'assistant'}, {'content': "What's the point of impact-based forecasting?", 'role': 'user'}, {'content': 'Impact-based forecasting helps predict how the weather will affect our daily lives, such as traffic, outdoor events, or even our daily commute. It provides more detailed information on what to expect and how to prepare.', 'role': 'assistant'}, {'content': 'That sounds helpful.', 'role': 'user'}].
[WARNING|2025-11-27 02:02:56] llamafactory.data.converter:148 >> Skipping this abnormal example.
Converting format of dataset (num_proc=16): 99345 examples [00:01, 50963.68 examples/s]Converting format of dataset (num_proc=16): 101456 examples [00:01, 49847.57 examples/s][WARNING|2025-11-27 02:02:57] llamafactory.data.converter:148 >> Invalid message count in [{'content': 'Hi', 'role': 'user'}, {'content': 'Hello! How can I help you today?', 'role': 'assistant'}, {'content': "I have a gluten intolerance and I'm looking for some breakfast ideas.", 'role': 'user'}, {'content': 'There are many gluten-free options for breakfast. You can try gluten-free oatmeal, scrambled eggs with vegetables, or avocado toast on gluten-free bread.', 'role': 'assistant'}, {'content': 'That sounds good. What about snacks? I get hungry between meals.', 'role': 'user'}, {'content': 'For snacks, consider fruits, nuts, gluten-free crackers with hummus, or energy balls made with gluten-free oats and nuts.', 'role': 'assistant'}, {'content': "Okay, I'll try those.", 'role': 'user'}].
[WARNING|2025-11-27 02:02:57] llamafactory.data.converter:148 >> Skipping this abnormal example.
[WARNING|2025-11-27 02:02:57] llamafactory.data.converter:148 >> Invalid message count in [{'content': 'Hi', 'role': 'user'}, {'content': 'Hello! How can I help you today?', 'role': 'assistant'}, {'content': "I have a gluten intolerance and I'm looking for some breakfast ideas.", 'role': 'user'}, {'content': 'There are many gluten-free options for breakfast. You can try gluten-free oatmeal, scrambled eggs with vegetables, or avocado toast on gluten-free bread.', 'role': 'assistant'}, {'content': 'That sounds good. What about snacks? I get hungry between meals.', 'role': 'user'}, {'content': 'For snacks, consider fruits, nuts, gluten-free crackers with hummus, or energy balls made with gluten-free oats and nuts.', 'role': 'assistant'}, {'content': "Okay, I'll try those.", 'role': 'user'}].
[WARNING|2025-11-27 02:02:57] llamafactory.data.converter:148 >> Skipping this abnormal example.
Converting format of dataset (num_proc=16): 103872 examples [00:01, 27750.47 examples/s]
[rank0]:[W1127 02:02:57.776990243 ProcessGroupNCCL.cpp:4561] [PG ID 0 PG GUID 0 Rank 0]  using GPU 0 to perform barrier as devices used by this process are currently unknown. This can potentially cause a hang if this rank to GPU mapping is incorrect. Specify device_ids in barrier() to force use of a particular device, or call init_process_group() with a device_id.
Converting format of dataset (num_proc=16): 103872 examples [00:02, 25176.40 examples/s]
jwb0236:2712927:2712927 [0] NCCL INFO Bootstrap : Using ib0:10.13.23.190<0>
jwb0236:2712927:2712927 [0] NCCL INFO NET/Plugin: No plugin found (libnccl-net.so)
jwb0236:2712927:2712927 [0] NCCL INFO NET/Plugin: Plugin load returned 2 : libnccl-net.so: cannot open shared object file: No such file or directory : when loading libnccl-net.so
jwb0236:2712927:2712927 [0] NCCL INFO NET/Plugin: Using internal network plugin.
jwb0236:2712927:2712927 [0] NCCL INFO cudaDriverVersion 13000
NCCL version 2.21.5+cuda12.4
jwb0236:2712927:2712927 [0] NCCL INFO Comm config Blocking set to 1
jwb0236:2712929:2712929 [2] NCCL INFO cudaDriverVersion 13000
jwb0236:2712929:2712929 [2] NCCL INFO Bootstrap : Using ib0:10.13.23.190<0>
jwb0236:2712929:2712929 [2] NCCL INFO NET/Plugin: No plugin found (libnccl-net.so)
jwb0236:2712929:2712929 [2] NCCL INFO NET/Plugin: Plugin load returned 2 : libnccl-net.so: cannot open shared object file: No such file or directory : when loading libnccl-net.so
jwb0236:2712929:2712929 [2] NCCL INFO NET/Plugin: Using internal network plugin.
jwb0236:2712930:2712930 [3] NCCL INFO cudaDriverVersion 13000
jwb0236:2712930:2712930 [3] NCCL INFO Bootstrap : Using ib0:10.13.23.190<0>
jwb0236:2712930:2712930 [3] NCCL INFO NET/Plugin: No plugin found (libnccl-net.so)
jwb0236:2712930:2712930 [3] NCCL INFO NET/Plugin: Plugin load returned 2 : libnccl-net.so: cannot open shared object file: No such file or directory : when loading libnccl-net.so
jwb0236:2712930:2712930 [3] NCCL INFO NET/Plugin: Using internal network plugin.
jwb0236:2712929:2712929 [2] NCCL INFO Comm config Blocking set to 1
jwb0236:2712928:2712928 [1] NCCL INFO cudaDriverVersion 13000
jwb0236:2712928:2712928 [1] NCCL INFO Bootstrap : Using ib0:10.13.23.190<0>
jwb0236:2712928:2712928 [1] NCCL INFO NET/Plugin: No plugin found (libnccl-net.so)
jwb0236:2712928:2712928 [1] NCCL INFO NET/Plugin: Plugin load returned 2 : libnccl-net.so: cannot open shared object file: No such file or directory : when loading libnccl-net.so
jwb0236:2712928:2712928 [1] NCCL INFO NET/Plugin: Using internal network plugin.
jwb0236:2712930:2712930 [3] NCCL INFO Comm config Blocking set to 1
jwb0236:2712928:2712928 [1] NCCL INFO Comm config Blocking set to 1
jwb0256:2197062:2197062 [2] NCCL INFO cudaDriverVersion 13000
jwb0256:2197062:2197062 [2] NCCL INFO Bootstrap : Using ib0:10.13.23.202<0>
jwb0256:2197062:2197062 [2] NCCL INFO NET/Plugin: No plugin found (libnccl-net.so)
jwb0256:2197062:2197062 [2] NCCL INFO NET/Plugin: Plugin load returned 2 : libnccl-net.so: cannot open shared object file: No such file or directory : when loading libnccl-net.so
jwb0256:2197062:2197062 [2] NCCL INFO NET/Plugin: Using internal network plugin.
jwb0256:2197062:2197062 [2] NCCL INFO Comm config Blocking set to 1
jwb0256:2197061:2197061 [1] NCCL INFO cudaDriverVersion 13000
jwb0256:2197061:2197061 [1] NCCL INFO Bootstrap : Using ib0:10.13.23.202<0>
jwb0256:2197063:2197063 [3] NCCL INFO cudaDriverVersion 13000
jwb0256:2197063:2197063 [3] NCCL INFO Bootstrap : Using ib0:10.13.23.202<0>
jwb0256:2197061:2197061 [1] NCCL INFO NET/Plugin: No plugin found (libnccl-net.so)
jwb0256:2197061:2197061 [1] NCCL INFO NET/Plugin: Plugin load returned 2 : libnccl-net.so: cannot open shared object file: No such file or directory : when loading libnccl-net.so
jwb0256:2197061:2197061 [1] NCCL INFO NET/Plugin: Using internal network plugin.
jwb0256:2197063:2197063 [3] NCCL INFO NET/Plugin: No plugin found (libnccl-net.so)
jwb0256:2197063:2197063 [3] NCCL INFO NET/Plugin: Plugin load returned 2 : libnccl-net.so: cannot open shared object file: No such file or directory : when loading libnccl-net.so
jwb0256:2197063:2197063 [3] NCCL INFO NET/Plugin: Using internal network plugin.
jwb0256:2197063:2197063 [3] NCCL INFO Comm config Blocking set to 1
jwb0256:2197061:2197061 [1] NCCL INFO Comm config Blocking set to 1
[rank4]:[W1127 02:02:57.948428889 ProcessGroupNCCL.cpp:4561] [PG ID 0 PG GUID 0 Rank 4]  using GPU 0 to perform barrier as devices used by this process are currently unknown. This can potentially cause a hang if this rank to GPU mapping is incorrect. Specify device_ids in barrier() to force use of a particular device, or call init_process_group() with a device_id.
jwb0256:2197060:2197060 [0] NCCL INFO cudaDriverVersion 13000
jwb0256:2197060:2197060 [0] NCCL INFO Bootstrap : Using ib0:10.13.23.202<0>
jwb0256:2197060:2197060 [0] NCCL INFO NET/Plugin: No plugin found (libnccl-net.so)
jwb0256:2197060:2197060 [0] NCCL INFO NET/Plugin: Plugin load returned 2 : libnccl-net.so: cannot open shared object file: No such file or directory : when loading libnccl-net.so
jwb0256:2197060:2197060 [0] NCCL INFO NET/Plugin: Using internal network plugin.
jwb0256:2197060:2197060 [0] NCCL INFO Comm config Blocking set to 1
jwb0256:2197060:2197647 [0] NCCL INFO Failed to open libibverbs.so[.1]
jwb0256:2197060:2197647 [0] NCCL INFO NET/Socket : Using [0]ib0:10.13.23.202<0>
jwb0256:2197060:2197647 [0] NCCL INFO Using non-device net plugin version 0
jwb0256:2197060:2197647 [0] NCCL INFO Using network Socket
jwb0256:2197063:2197645 [3] NCCL INFO Failed to open libibverbs.so[.1]
jwb0256:2197063:2197645 [3] NCCL INFO NET/Socket : Using [0]ib0:10.13.23.202<0>
jwb0256:2197063:2197645 [3] NCCL INFO Using non-device net plugin version 0
jwb0256:2197063:2197645 [3] NCCL INFO Using network Socket
jwb0256:2197062:2197644 [2] NCCL INFO Failed to open libibverbs.so[.1]
jwb0256:2197061:2197646 [1] NCCL INFO Failed to open libibverbs.so[.1]
jwb0256:2197061:2197646 [1] NCCL INFO NET/Socket : Using [0]ib0:10.13.23.202<0>
jwb0256:2197062:2197644 [2] NCCL INFO NET/Socket : Using [0]ib0:10.13.23.202<0>
jwb0236:2712930:2713522 [3] NCCL INFO Failed to open libibverbs.so[.1]
jwb0256:2197061:2197646 [1] NCCL INFO Using non-device net plugin version 0
jwb0256:2197061:2197646 [1] NCCL INFO Using network Socket
jwb0256:2197062:2197644 [2] NCCL INFO Using non-device net plugin version 0
jwb0256:2197062:2197644 [2] NCCL INFO Using network Socket
jwb0236:2712930:2713522 [3] NCCL INFO NET/Socket : Using [0]ib0:10.13.23.190<0>
jwb0236:2712930:2713522 [3] NCCL INFO Using non-device net plugin version 0
jwb0236:2712930:2713522 [3] NCCL INFO Using network Socket
jwb0236:2712928:2713523 [1] NCCL INFO Failed to open libibverbs.so[.1]
jwb0236:2712928:2713523 [1] NCCL INFO NET/Socket : Using [0]ib0:10.13.23.190<0>
jwb0236:2712928:2713523 [1] NCCL INFO Using non-device net plugin version 0
jwb0236:2712928:2713523 [1] NCCL INFO Using network Socket
jwb0236:2712927:2713520 [0] NCCL INFO Failed to open libibverbs.so[.1]
jwb0236:2712927:2713520 [0] NCCL INFO NET/Socket : Using [0]ib0:10.13.23.190<0>
jwb0236:2712927:2713520 [0] NCCL INFO Using non-device net plugin version 0
jwb0236:2712927:2713520 [0] NCCL INFO Using network Socket
jwb0236:2712929:2713521 [2] NCCL INFO Failed to open libibverbs.so[.1]
jwb0236:2712929:2713521 [2] NCCL INFO NET/Socket : Using [0]ib0:10.13.23.190<0>
jwb0236:2712929:2713521 [2] NCCL INFO Using non-device net plugin version 0
jwb0236:2712929:2713521 [2] NCCL INFO Using network Socket
jwb0236:2712930:2713522 [3] NCCL INFO ncclCommInitRank comm 0x55ec0c906230 rank 3 nranks 8 cudaDev 3 nvmlDev 3 busId c4000 commId 0x3ed2c75aac312a84 - Init START
jwb0236:2712929:2713521 [2] NCCL INFO ncclCommInitRank comm 0x55e10c160630 rank 2 nranks 8 cudaDev 2 nvmlDev 2 busId 84000 commId 0x3ed2c75aac312a84 - Init START
jwb0236:2712927:2713520 [0] NCCL INFO ncclCommInitRank comm 0x5595d71ba050 rank 0 nranks 8 cudaDev 0 nvmlDev 0 busId 3000 commId 0x3ed2c75aac312a84 - Init START
jwb0236:2712928:2713523 [1] NCCL INFO ncclCommInitRank comm 0x559e96e728c0 rank 1 nranks 8 cudaDev 1 nvmlDev 1 busId 44000 commId 0x3ed2c75aac312a84 - Init START
jwb0256:2197062:2197644 [2] NCCL INFO ncclCommInitRank comm 0x563aaa3dda70 rank 6 nranks 8 cudaDev 2 nvmlDev 2 busId 84000 commId 0x3ed2c75aac312a84 - Init START
jwb0256:2197063:2197645 [3] NCCL INFO ncclCommInitRank comm 0x563c5d3ec060 rank 7 nranks 8 cudaDev 3 nvmlDev 3 busId c4000 commId 0x3ed2c75aac312a84 - Init START
jwb0256:2197061:2197646 [1] NCCL INFO ncclCommInitRank comm 0x55600b7ea970 rank 5 nranks 8 cudaDev 1 nvmlDev 1 busId 44000 commId 0x3ed2c75aac312a84 - Init START
jwb0256:2197060:2197647 [0] NCCL INFO ncclCommInitRank comm 0x559a21469780 rank 4 nranks 8 cudaDev 0 nvmlDev 0 busId 3000 commId 0x3ed2c75aac312a84 - Init START
jwb0256:2197061:2197646 [1] NCCL INFO Setting affinity for GPU 1 to 0fc0
jwb0256:2197061:2197646 [1] NCCL INFO NVLS multicast support is not available on dev 1
jwb0256:2197060:2197647 [0] NCCL INFO Setting affinity for GPU 0 to fc0000
jwb0256:2197060:2197647 [0] NCCL INFO NVLS multicast support is not available on dev 0
jwb0256:2197062:2197644 [2] NCCL INFO Setting affinity for GPU 2 to fc00,00000000
jwb0256:2197062:2197644 [2] NCCL INFO NVLS multicast support is not available on dev 2
jwb0256:2197063:2197645 [3] NCCL INFO Setting affinity for GPU 3 to 0f,c0000000
jwb0256:2197063:2197645 [3] NCCL INFO NVLS multicast support is not available on dev 3
jwb0236:2712929:2713521 [2] NCCL INFO Setting affinity for GPU 2 to fc00,00000000
jwb0236:2712929:2713521 [2] NCCL INFO NVLS multicast support is not available on dev 2
jwb0236:2712927:2713520 [0] NCCL INFO Setting affinity for GPU 0 to fc0000
jwb0236:2712927:2713520 [0] NCCL INFO NVLS multicast support is not available on dev 0
jwb0236:2712928:2713523 [1] NCCL INFO Setting affinity for GPU 1 to 0fc0
jwb0236:2712928:2713523 [1] NCCL INFO NVLS multicast support is not available on dev 1
jwb0236:2712930:2713522 [3] NCCL INFO Setting affinity for GPU 3 to 0f,c0000000
jwb0236:2712930:2713522 [3] NCCL INFO NVLS multicast support is not available on dev 3
jwb0236:2712930:2713522 [3] NCCL INFO comm 0x55ec0c906230 rank 3 nRanks 8 nNodes 2 localRanks 4 localRank 3 MNNVL 0
jwb0236:2712928:2713523 [1] NCCL INFO comm 0x559e96e728c0 rank 1 nRanks 8 nNodes 2 localRanks 4 localRank 1 MNNVL 0
jwb0236:2712929:2713521 [2] NCCL INFO comm 0x55e10c160630 rank 2 nRanks 8 nNodes 2 localRanks 4 localRank 2 MNNVL 0
jwb0236:2712929:2713521 [2] NCCL INFO Trees [0] 3/-1/-1->2->1 [1] 3/-1/-1->2->1
jwb0236:2712927:2713520 [0] NCCL INFO comm 0x5595d71ba050 rank 0 nRanks 8 nNodes 2 localRanks 4 localRank 0 MNNVL 0
jwb0236:2712929:2713521 [2] NCCL INFO P2P Chunksize set to 131072
jwb0236:2712930:2713522 [3] NCCL INFO Trees [0] -1/-1/-1->3->2 [1] -1/-1/-1->3->2
jwb0236:2712930:2713522 [3] NCCL INFO P2P Chunksize set to 131072
jwb0236:2712928:2713523 [1] NCCL INFO Trees [0] 2/-1/-1->1->0 [1] 2/-1/-1->1->0
jwb0256:2197063:2197645 [3] NCCL INFO comm 0x563c5d3ec060 rank 7 nRanks 8 nNodes 2 localRanks 4 localRank 3 MNNVL 0
jwb0256:2197062:2197644 [2] NCCL INFO comm 0x563aaa3dda70 rank 6 nRanks 8 nNodes 2 localRanks 4 localRank 2 MNNVL 0
jwb0256:2197061:2197646 [1] NCCL INFO comm 0x55600b7ea970 rank 5 nRanks 8 nNodes 2 localRanks 4 localRank 1 MNNVL 0
jwb0256:2197060:2197647 [0] NCCL INFO comm 0x559a21469780 rank 4 nRanks 8 nNodes 2 localRanks 4 localRank 0 MNNVL 0
jwb0256:2197062:2197644 [2] NCCL INFO Trees [0] 7/-1/-1->6->5 [1] 7/-1/-1->6->5
jwb0256:2197062:2197644 [2] NCCL INFO P2P Chunksize set to 131072
jwb0256:2197063:2197645 [3] NCCL INFO Trees [0] -1/-1/-1->7->6 [1] -1/-1/-1->7->6
jwb0256:2197063:2197645 [3] NCCL INFO P2P Chunksize set to 131072
jwb0256:2197061:2197646 [1] NCCL INFO Trees [0] 6/-1/-1->5->4 [1] 6/-1/-1->5->4
jwb0236:2712928:2713523 [1] NCCL INFO P2P Chunksize set to 131072
jwb0236:2712927:2713520 [0] NCCL INFO Channel 00/02 :    0   1   2   3   4   5   6   7
jwb0236:2712927:2713520 [0] NCCL INFO Channel 01/02 :    0   1   2   3   4   5   6   7
jwb0236:2712927:2713520 [0] NCCL INFO Trees [0] 1/4/-1->0->-1 [1] 1/-1/-1->0->4
jwb0236:2712927:2713520 [0] NCCL INFO P2P Chunksize set to 131072
jwb0256:2197061:2197646 [1] NCCL INFO P2P Chunksize set to 131072
jwb0256:2197060:2197647 [0] NCCL INFO Trees [0] 5/-1/-1->4->0 [1] 5/0/-1->4->-1
jwb0256:2197060:2197647 [0] NCCL INFO P2P Chunksize set to 131072
jwb0256:2197062:2197644 [2] NCCL INFO Channel 00/0 : 6[2] -> 7[3] via P2P/CUMEM/read
jwb0236:2712928:2713523 [1] NCCL INFO Channel 00/0 : 1[1] -> 2[2] via P2P/CUMEM/read
jwb0256:2197062:2197644 [2] NCCL INFO Channel 01/0 : 6[2] -> 7[3] via P2P/CUMEM/read
jwb0236:2712929:2713521 [2] NCCL INFO Channel 00/0 : 2[2] -> 3[3] via P2P/CUMEM/read
jwb0236:2712928:2713523 [1] NCCL INFO Channel 01/0 : 1[1] -> 2[2] via P2P/CUMEM/read
jwb0256:2197061:2197646 [1] NCCL INFO Channel 00/0 : 5[1] -> 6[2] via P2P/CUMEM/read
jwb0236:2712929:2713521 [2] NCCL INFO Channel 01/0 : 2[2] -> 3[3] via P2P/CUMEM/read
jwb0256:2197061:2197646 [1] NCCL INFO Channel 01/0 : 5[1] -> 6[2] via P2P/CUMEM/read
jwb0236:2712927:2713520 [0] NCCL INFO Channel 00/0 : 7[3] -> 0[0] [receive] via NET/Socket/0
jwb0236:2712927:2713520 [0] NCCL INFO Channel 01/0 : 7[3] -> 0[0] [receive] via NET/Socket/0
jwb0236:2712927:2713520 [0] NCCL INFO Channel 00/0 : 0[0] -> 1[1] via P2P/CUMEM/read
jwb0256:2197060:2197647 [0] NCCL INFO Channel 00/0 : 3[3] -> 4[0] [receive] via NET/Socket/0
jwb0236:2712927:2713520 [0] NCCL INFO Channel 01/0 : 0[0] -> 1[1] via P2P/CUMEM/read
jwb0256:2197060:2197647 [0] NCCL INFO Channel 01/0 : 3[3] -> 4[0] [receive] via NET/Socket/0
jwb0256:2197060:2197647 [0] NCCL INFO Channel 00/0 : 4[0] -> 5[1] via P2P/CUMEM/read
jwb0256:2197063:2197645 [3] NCCL INFO Channel 00/0 : 7[3] -> 0[0] [send] via NET/Socket/0
jwb0256:2197060:2197647 [0] NCCL INFO Channel 01/0 : 4[0] -> 5[1] via P2P/CUMEM/read
jwb0256:2197063:2197645 [3] NCCL INFO Channel 01/0 : 7[3] -> 0[0] [send] via NET/Socket/0
jwb0236:2712930:2713522 [3] NCCL INFO Channel 00/0 : 3[3] -> 4[0] [send] via NET/Socket/0
jwb0236:2712930:2713522 [3] NCCL INFO Channel 01/0 : 3[3] -> 4[0] [send] via NET/Socket/0
jwb0236:2712929:2713521 [2] NCCL INFO Connected all rings
jwb0236:2712928:2713523 [1] NCCL INFO Connected all rings
jwb0256:2197063:2197645 [3] NCCL INFO Connected all rings
jwb0256:2197063:2197645 [3] NCCL INFO Channel 00/0 : 7[3] -> 6[2] via P2P/CUMEM/read
jwb0236:2712929:2713521 [2] NCCL INFO Channel 00/0 : 2[2] -> 1[1] via P2P/CUMEM/read
jwb0236:2712928:2713523 [1] NCCL INFO Channel 00/0 : 1[1] -> 0[0] via P2P/CUMEM/read
jwb0236:2712929:2713521 [2] NCCL INFO Channel 01/0 : 2[2] -> 1[1] via P2P/CUMEM/read
jwb0236:2712928:2713523 [1] NCCL INFO Channel 01/0 : 1[1] -> 0[0] via P2P/CUMEM/read
jwb0256:2197063:2197645 [3] NCCL INFO Channel 01/0 : 7[3] -> 6[2] via P2P/CUMEM/read
jwb0236:2712927:2713520 [0] NCCL INFO Connected all rings
jwb0236:2712927:2713520 [0] NCCL INFO Channel 00/0 : 4[0] -> 0[0] [receive] via NET/Socket/0
jwb0256:2197062:2197644 [2] NCCL INFO Connected all rings
jwb0236:2712927:2713520 [0] NCCL INFO Channel 01/0 : 4[0] -> 0[0] [receive] via NET/Socket/0
jwb0236:2712927:2713520 [0] NCCL INFO Channel 00/0 : 0[0] -> 4[0] [send] via NET/Socket/0
jwb0256:2197062:2197644 [2] NCCL INFO Channel 00/0 : 6[2] -> 5[1] via P2P/CUMEM/read
jwb0236:2712927:2713520 [0] NCCL INFO Channel 01/0 : 0[0] -> 4[0] [send] via NET/Socket/0
jwb0256:2197062:2197644 [2] NCCL INFO Channel 01/0 : 6[2] -> 5[1] via P2P/CUMEM/read
jwb0256:2197061:2197646 [1] NCCL INFO Connected all rings
jwb0236:2712930:2713522 [3] NCCL INFO Connected all rings
jwb0236:2712930:2713522 [3] NCCL INFO Channel 00/0 : 3[3] -> 2[2] via P2P/CUMEM/read
jwb0256:2197060:2197647 [0] NCCL INFO Connected all rings
jwb0236:2712930:2713522 [3] NCCL INFO Channel 01/0 : 3[3] -> 2[2] via P2P/CUMEM/read
jwb0256:2197060:2197647 [0] NCCL INFO Channel 00/0 : 0[0] -> 4[0] [receive] via NET/Socket/0
jwb0256:2197060:2197647 [0] NCCL INFO Channel 01/0 : 0[0] -> 4[0] [receive] via NET/Socket/0
jwb0256:2197060:2197647 [0] NCCL INFO Channel 00/0 : 4[0] -> 0[0] [send] via NET/Socket/0
jwb0256:2197060:2197647 [0] NCCL INFO Channel 01/0 : 4[0] -> 0[0] [send] via NET/Socket/0
jwb0256:2197061:2197646 [1] NCCL INFO Channel 00/0 : 5[1] -> 4[0] via P2P/CUMEM/read
jwb0256:2197061:2197646 [1] NCCL INFO Channel 01/0 : 5[1] -> 4[0] via P2P/CUMEM/read
jwb0236:2712930:2713522 [3] NCCL INFO Connected all trees
jwb0236:2712930:2713522 [3] NCCL INFO threadThresholds 8/8/64 | 64/8/64 | 512 | 512
jwb0236:2712930:2713522 [3] NCCL INFO 2 coll channels, 2 collnet channels, 0 nvls channels, 2 p2p channels, 1 p2p channels per peer
jwb0236:2712929:2713521 [2] NCCL INFO Connected all trees
jwb0236:2712929:2713521 [2] NCCL INFO threadThresholds 8/8/64 | 64/8/64 | 512 | 512
jwb0236:2712929:2713521 [2] NCCL INFO 2 coll channels, 2 collnet channels, 0 nvls channels, 2 p2p channels, 1 p2p channels per peer
jwb0256:2197063:2197645 [3] NCCL INFO Connected all trees
jwb0256:2197063:2197645 [3] NCCL INFO threadThresholds 8/8/64 | 64/8/64 | 512 | 512
jwb0256:2197063:2197645 [3] NCCL INFO 2 coll channels, 2 collnet channels, 0 nvls channels, 2 p2p channels, 1 p2p channels per peer
jwb0256:2197062:2197644 [2] NCCL INFO Connected all trees
jwb0256:2197062:2197644 [2] NCCL INFO threadThresholds 8/8/64 | 64/8/64 | 512 | 512
jwb0256:2197062:2197644 [2] NCCL INFO 2 coll channels, 2 collnet channels, 0 nvls channels, 2 p2p channels, 1 p2p channels per peer
jwb0256:2197061:2197646 [1] NCCL INFO Connected all trees
jwb0256:2197060:2197647 [0] NCCL INFO Connected all trees
jwb0256:2197060:2197647 [0] NCCL INFO threadThresholds 8/8/64 | 64/8/64 | 512 | 512
jwb0256:2197060:2197647 [0] NCCL INFO 2 coll channels, 2 collnet channels, 0 nvls channels, 2 p2p channels, 1 p2p channels per peer
jwb0256:2197061:2197646 [1] NCCL INFO threadThresholds 8/8/64 | 64/8/64 | 512 | 512
jwb0256:2197061:2197646 [1] NCCL INFO 2 coll channels, 2 collnet channels, 0 nvls channels, 2 p2p channels, 1 p2p channels per peer
jwb0236:2712928:2713523 [1] NCCL INFO Connected all trees
jwb0236:2712927:2713520 [0] NCCL INFO Connected all trees
jwb0236:2712928:2713523 [1] NCCL INFO threadThresholds 8/8/64 | 64/8/64 | 512 | 512
jwb0236:2712928:2713523 [1] NCCL INFO 2 coll channels, 2 collnet channels, 0 nvls channels, 2 p2p channels, 1 p2p channels per peer
jwb0236:2712927:2713520 [0] NCCL INFO threadThresholds 8/8/64 | 64/8/64 | 512 | 512
jwb0236:2712927:2713520 [0] NCCL INFO 2 coll channels, 2 collnet channels, 0 nvls channels, 2 p2p channels, 1 p2p channels per peer
jwb0236:2712928:2713523 [1] NCCL INFO TUNER/Plugin: Plugin load returned 2 : libnccl-net.so: cannot open shared object file: No such file or directory : when loading libnccl-tuner.so
jwb0236:2712928:2713523 [1] NCCL INFO TUNER/Plugin: Using internal tuner plugin.
jwb0236:2712928:2713523 [1] NCCL INFO ncclCommInitRank comm 0x559e96e728c0 rank 1 nranks 8 cudaDev 1 nvmlDev 1 busId 44000 commId 0x3ed2c75aac312a84 - Init COMPLETE
jwb0236:2712929:2713521 [2] NCCL INFO TUNER/Plugin: Plugin load returned 2 : libnccl-net.so: cannot open shared object file: No such file or directory : when loading libnccl-tuner.so
jwb0236:2712929:2713521 [2] NCCL INFO TUNER/Plugin: Using internal tuner plugin.
jwb0236:2712929:2713521 [2] NCCL INFO ncclCommInitRank comm 0x55e10c160630 rank 2 nranks 8 cudaDev 2 nvmlDev 2 busId 84000 commId 0x3ed2c75aac312a84 - Init COMPLETE
jwb0236:2712930:2713522 [3] NCCL INFO TUNER/Plugin: Plugin load returned 2 : libnccl-net.so: cannot open shared object file: No such file or directory : when loading libnccl-tuner.so
jwb0236:2712930:2713522 [3] NCCL INFO TUNER/Plugin: Using internal tuner plugin.
jwb0236:2712927:2713520 [0] NCCL INFO TUNER/Plugin: Plugin load returned 2 : libnccl-net.so: cannot open shared object file: No such file or directory : when loading libnccl-tuner.so
jwb0236:2712930:2713522 [3] NCCL INFO ncclCommInitRank comm 0x55ec0c906230 rank 3 nranks 8 cudaDev 3 nvmlDev 3 busId c4000 commId 0x3ed2c75aac312a84 - Init COMPLETE
jwb0236:2712927:2713520 [0] NCCL INFO TUNER/Plugin: Using internal tuner plugin.
jwb0236:2712927:2713520 [0] NCCL INFO ncclCommInitRank comm 0x5595d71ba050 rank 0 nranks 8 cudaDev 0 nvmlDev 0 busId 3000 commId 0x3ed2c75aac312a84 - Init COMPLETE
jwb0256:2197060:2197647 [0] NCCL INFO TUNER/Plugin: Plugin load returned 2 : libnccl-net.so: cannot open shared object file: No such file or directory : when loading libnccl-tuner.so
jwb0256:2197060:2197647 [0] NCCL INFO TUNER/Plugin: Using internal tuner plugin.
jwb0256:2197063:2197645 [3] NCCL INFO TUNER/Plugin: Plugin load returned 2 : libnccl-net.so: cannot open shared object file: No such file or directory : when loading libnccl-tuner.so
jwb0256:2197062:2197644 [2] NCCL INFO TUNER/Plugin: Plugin load returned 2 : libnccl-net.so: cannot open shared object file: No such file or directory : when loading libnccl-tuner.so
jwb0256:2197060:2197647 [0] NCCL INFO ncclCommInitRank comm 0x559a21469780 rank 4 nranks 8 cudaDev 0 nvmlDev 0 busId 3000 commId 0x3ed2c75aac312a84 - Init COMPLETE
jwb0256:2197063:2197645 [3] NCCL INFO TUNER/Plugin: Using internal tuner plugin.
jwb0256:2197062:2197644 [2] NCCL INFO TUNER/Plugin: Using internal tuner plugin.
jwb0256:2197063:2197645 [3] NCCL INFO ncclCommInitRank comm 0x563c5d3ec060 rank 7 nranks 8 cudaDev 3 nvmlDev 3 busId c4000 commId 0x3ed2c75aac312a84 - Init COMPLETE
jwb0256:2197062:2197644 [2] NCCL INFO ncclCommInitRank comm 0x563aaa3dda70 rank 6 nranks 8 cudaDev 2 nvmlDev 2 busId 84000 commId 0x3ed2c75aac312a84 - Init COMPLETE
jwb0256:2197061:2197646 [1] NCCL INFO TUNER/Plugin: Plugin load returned 2 : libnccl-net.so: cannot open shared object file: No such file or directory : when loading libnccl-tuner.so
jwb0256:2197061:2197646 [1] NCCL INFO TUNER/Plugin: Using internal tuner plugin.
jwb0256:2197061:2197646 [1] NCCL INFO ncclCommInitRank comm 0x55600b7ea970 rank 5 nranks 8 cudaDev 1 nvmlDev 1 busId 44000 commId 0x3ed2c75aac312a84 - Init COMPLETE
`trust_remote_code` is not supported anymore.
Please check that the Hugging Face dataset 'Harsh1729/long_sft' isn't based on a loading script and remove `trust_remote_code`.
If the dataset is based on a loading script, please ask the dataset author to remove it and convert it to a standard format like Parquet.
`trust_remote_code` is not supported anymore.
Please check that the Hugging Face dataset 'Harsh1729/long_sft' isn't based on a loading script and remove `trust_remote_code`.
If the dataset is based on a loading script, please ask the dataset author to remove it and convert it to a standard format like Parquet.
`trust_remote_code` is not supported anymore.
Please check that the Hugging Face dataset 'Harsh1729/long_sft' isn't based on a loading script and remove `trust_remote_code`.
If the dataset is based on a loading script, please ask the dataset author to remove it and convert it to a standard format like Parquet.
`trust_remote_code` is not supported anymore.
Please check that the Hugging Face dataset 'Harsh1729/long_sft' isn't based on a loading script and remove `trust_remote_code`.
If the dataset is based on a loading script, please ask the dataset author to remove it and convert it to a standard format like Parquet.
`trust_remote_code` is not supported anymore.
Please check that the Hugging Face dataset 'Harsh1729/long_sft' isn't based on a loading script and remove `trust_remote_code`.
If the dataset is based on a loading script, please ask the dataset author to remove it and convert it to a standard format like Parquet.
`trust_remote_code` is not supported anymore.
Please check that the Hugging Face dataset 'Harsh1729/long_sft' isn't based on a loading script and remove `trust_remote_code`.
If the dataset is based on a loading script, please ask the dataset author to remove it and convert it to a standard format like Parquet.
Using the latest cached version of the dataset since Harsh1729/long_sft couldn't be found on the Hugging Face Hub (offline mode is enabled).
Using the latest cached version of the dataset since Harsh1729/long_sft couldn't be found on the Hugging Face Hub (offline mode is enabled).
Found the latest cached dataset configuration 'default' at /p/scratch/laionize/raj3/.cache/Harsh1729___long_sft/default/0.0.0/bef20b8a103939b5d894835c7e8786beda3e7968 (last modified on Thu Nov 27 02:02:57 2025).
Using the latest cached version of the dataset since Harsh1729/long_sft couldn't be found on the Hugging Face Hub (offline mode is enabled).
Found the latest cached dataset configuration 'default' at /p/scratch/laionize/raj3/.cache/Harsh1729___long_sft/default/0.0.0/bef20b8a103939b5d894835c7e8786beda3e7968 (last modified on Thu Nov 27 02:02:57 2025).
Using the latest cached version of the dataset since Harsh1729/long_sft couldn't be found on the Hugging Face Hub (offline mode is enabled).
Using the latest cached version of the dataset since Harsh1729/long_sft couldn't be found on the Hugging Face Hub (offline mode is enabled).
Found the latest cached dataset configuration 'default' at /p/scratch/laionize/raj3/.cache/Harsh1729___long_sft/default/0.0.0/bef20b8a103939b5d894835c7e8786beda3e7968 (last modified on Thu Nov 27 02:02:57 2025).
Using the latest cached version of the dataset since Harsh1729/long_sft couldn't be found on the Hugging Face Hub (offline mode is enabled).
Found the latest cached dataset configuration 'default' at /p/scratch/laionize/raj3/.cache/Harsh1729___long_sft/default/0.0.0/bef20b8a103939b5d894835c7e8786beda3e7968 (last modified on Thu Nov 27 02:02:57 2025).
Found the latest cached dataset configuration 'default' at /p/scratch/laionize/raj3/.cache/Harsh1729___long_sft/default/0.0.0/bef20b8a103939b5d894835c7e8786beda3e7968 (last modified on Thu Nov 27 02:02:57 2025).
Found the latest cached dataset configuration 'default' at /p/scratch/laionize/raj3/.cache/Harsh1729___long_sft/default/0.0.0/bef20b8a103939b5d894835c7e8786beda3e7968 (last modified on Thu Nov 27 02:02:57 2025).
Running tokenizer on dataset (num_proc=16): 100%|██████████| 51936/51936 [00:00<?, ? examples/s]Running tokenizer on dataset (num_proc=16): 100%|██████████| 51936/51936 [00:00<?, ? examples/s][WARNING|2025-11-27 02:03:05] llamafactory.data.processor.supervised:148 >> Dropped invalid example: []
[WARNING|2025-11-27 02:03:06] llamafactory.data.processor.supervised:148 >> Dropped invalid example: []
Running tokenizer on dataset (num_proc=16): 52936 examples [00:10, 93.67 examples/s]            Running tokenizer on dataset (num_proc=16): 52936 examples [00:10, 94.04 examples/s]            Running tokenizer on dataset (num_proc=16): 53936 examples [00:11, 216.44 examples/s]Running tokenizer on dataset (num_proc=16): 53936 examples [00:11, 214.58 examples/s]Running tokenizer on dataset (num_proc=16): 54936 examples [00:11, 369.23 examples/s][WARNING|2025-11-27 02:03:10] llamafactory.data.processor.supervised:148 >> Dropped invalid example: []
Running tokenizer on dataset (num_proc=16): 54936 examples [00:11, 348.90 examples/s]Running tokenizer on dataset (num_proc=16): 55936 examples [00:12, 527.30 examples/s][WARNING|2025-11-27 02:03:11] llamafactory.data.processor.supervised:148 >> Dropped invalid example: []
Running tokenizer on dataset (num_proc=16): 56936 examples [00:12, 698.88 examples/s]Running tokenizer on dataset (num_proc=16): 58936 examples [00:12, 1302.10 examples/s]Running tokenizer on dataset (num_proc=16): 55936 examples [00:12, 467.70 examples/s]Running tokenizer on dataset (num_proc=16): 56936 examples [00:13, 690.96 examples/s]Running tokenizer on dataset (num_proc=16): 57936 examples [00:13, 955.93 examples/s]Running tokenizer on dataset (num_proc=16): 59936 examples [00:13, 1374.25 examples/s]Running tokenizer on dataset (num_proc=16): 60936 examples [00:13, 1639.78 examples/s]Running tokenizer on dataset (num_proc=16): 61936 examples [00:14, 2067.58 examples/s]Running tokenizer on dataset (num_proc=16): 58936 examples [00:14, 1033.56 examples/s][WARNING|2025-11-27 02:03:13] llamafactory.data.processor.supervised:148 >> Dropped invalid example: []
Running tokenizer on dataset (num_proc=16): 60936 examples [00:14, 1719.54 examples/s]Running tokenizer on dataset (num_proc=16): 62936 examples [00:14, 1915.97 examples/s][WARNING|2025-11-27 02:03:13] llamafactory.data.processor.supervised:148 >> Dropped invalid example: []
Running tokenizer on dataset (num_proc=16): 61936 examples [00:14, 2026.22 examples/s]Running tokenizer on dataset (num_proc=16): 63936 examples [00:15, 1961.76 examples/s]Running tokenizer on dataset (num_proc=16): 62936 examples [00:15, 2194.01 examples/s]Running tokenizer on dataset (num_proc=16): 63936 examples [00:15, 2745.15 examples/s]Running tokenizer on dataset (num_proc=16): 64936 examples [00:15, 2282.57 examples/s]Running tokenizer on dataset (num_proc=16): 64936 examples [00:15, 2185.65 examples/s]Running tokenizer on dataset (num_proc=16): 65936 examples [00:16, 1979.25 examples/s]Running tokenizer on dataset (num_proc=16): 66936 examples [00:16, 2497.65 examples/s]Running tokenizer on dataset (num_proc=16): 65936 examples [00:16, 2614.68 examples/s]Running tokenizer on dataset (num_proc=16): 66936 examples [00:16, 2009.81 examples/s][WARNING|2025-11-27 02:03:16] llamafactory.data.processor.supervised:148 >> Dropped invalid example: []
[WARNING|2025-11-27 02:03:16] llamafactory.data.processor.supervised:148 >> Dropped invalid example: []
[WARNING|2025-11-27 02:03:16] llamafactory.data.processor.supervised:148 >> Dropped invalid example: []
[WARNING|2025-11-27 02:03:16] llamafactory.data.processor.supervised:148 >> Dropped invalid example: []
Running tokenizer on dataset (num_proc=16): 67936 examples [00:17, 1524.73 examples/s]Running tokenizer on dataset (num_proc=16): 67936 examples [00:19, 805.94 examples/s] Running tokenizer on dataset (num_proc=16): 68936 examples [00:19, 981.62 examples/s]Running tokenizer on dataset (num_proc=16): 68936 examples [00:19, 971.12 examples/s] Running tokenizer on dataset (num_proc=16): 69936 examples [00:20, 1124.06 examples/s]Running tokenizer on dataset (num_proc=16): 70936 examples [00:20, 1291.76 examples/s][WARNING|2025-11-27 02:03:19] llamafactory.data.processor.supervised:148 >> Dropped invalid example: []
[WARNING|2025-11-27 02:03:20] llamafactory.data.processor.supervised:148 >> Dropped invalid example: []
Running tokenizer on dataset (num_proc=16): 71936 examples [00:21, 1199.69 examples/s]Running tokenizer on dataset (num_proc=16): 70936 examples [00:22, 839.06 examples/s] Running tokenizer on dataset (num_proc=16): 73936 examples [00:22, 1583.54 examples/s]Running tokenizer on dataset (num_proc=16): 71936 examples [00:22, 1062.71 examples/s]Running tokenizer on dataset (num_proc=16): 74936 examples [00:23, 1683.96 examples/s]Running tokenizer on dataset (num_proc=16): 72936 examples [00:23, 1209.15 examples/s]Running tokenizer on dataset (num_proc=16): 76936 examples [00:24, 1842.53 examples/s]Running tokenizer on dataset (num_proc=16): 74936 examples [00:23, 1637.84 examples/s]Running tokenizer on dataset (num_proc=16): 77936 examples [00:24, 2147.49 examples/s]Running tokenizer on dataset (num_proc=16): 75936 examples [00:24, 1953.30 examples/s]Running tokenizer on dataset (num_proc=16): 77936 examples [00:24, 2265.83 examples/s]Running tokenizer on dataset (num_proc=16): 78936 examples [00:24, 1889.55 examples/s]Running tokenizer on dataset (num_proc=16): 78936 examples [00:25, 2191.80 examples/s]Running tokenizer on dataset (num_proc=16): 80936 examples [00:25, 2367.44 examples/s]Running tokenizer on dataset (num_proc=16): 80936 examples [00:25, 2863.90 examples/s]Running tokenizer on dataset (num_proc=16): 81936 examples [00:26, 2079.44 examples/s]Running tokenizer on dataset (num_proc=16): 82936 examples [00:26, 1905.05 examples/s]Running tokenizer on dataset (num_proc=16): 83936 examples [00:26, 2624.48 examples/s]Running tokenizer on dataset (num_proc=16): 83936 examples [00:28, 1113.63 examples/s]Running tokenizer on dataset (num_proc=16): 84936 examples [00:28, 1539.55 examples/s]Running tokenizer on dataset (num_proc=16): 84936 examples [00:29, 1382.01 examples/s][WARNING|2025-11-27 02:03:27] llamafactory.data.processor.supervised:148 >> Dropped invalid example: []
Running tokenizer on dataset (num_proc=16): 85936 examples [00:29, 1632.22 examples/s][WARNING|2025-11-27 02:03:28] llamafactory.data.processor.supervised:148 >> Dropped invalid example: []
Running tokenizer on dataset (num_proc=16): 85936 examples [00:30, 1318.39 examples/s]Running tokenizer on dataset (num_proc=16): 86936 examples [00:30, 1183.19 examples/s]Running tokenizer on dataset (num_proc=16): 86182 examples [00:30, 1027.87 examples/s]Running tokenizer on dataset (num_proc=16): 87182 examples [00:31, 1086.52 examples/s]Running tokenizer on dataset (num_proc=16): 87182 examples [00:31, 1212.48 examples/s]Running tokenizer on dataset (num_proc=16): 88182 examples [00:31, 1305.05 examples/s]Running tokenizer on dataset (num_proc=16): 89428 examples [00:31, 1871.87 examples/s]Running tokenizer on dataset (num_proc=16): 90428 examples [00:32, 2452.60 examples/s]Running tokenizer on dataset (num_proc=16): 92428 examples [00:32, 3859.33 examples/s]Running tokenizer on dataset (num_proc=16): 87428 examples [00:32, 867.89 examples/s] Running tokenizer on dataset (num_proc=16): 88428 examples [00:32, 1150.62 examples/s]Running tokenizer on dataset (num_proc=16): 89428 examples [00:33, 1493.70 examples/s]Running tokenizer on dataset (num_proc=16): 90428 examples [00:33, 1974.87 examples/s][WARNING|2025-11-27 02:03:32] llamafactory.data.processor.supervised:148 >> Dropped invalid example: []
Running tokenizer on dataset (num_proc=16): 92428 examples [00:33, 3170.98 examples/s]Running tokenizer on dataset (num_proc=16): 93674 examples [00:34, 1514.94 examples/s]Running tokenizer on dataset (num_proc=16): 93674 examples [00:34, 2494.74 examples/s]Running tokenizer on dataset (num_proc=16): 94166 examples [00:34, 1601.18 examples/s]Running tokenizer on dataset (num_proc=16): 94674 examples [00:34, 3013.17 examples/s]Running tokenizer on dataset (num_proc=16): 95412 examples [00:34, 2117.41 examples/s]Running tokenizer on dataset (num_proc=16): 96658 examples [00:34, 2628.61 examples/s]Running tokenizer on dataset (num_proc=16): 95674 examples [00:34, 2858.41 examples/s]Running tokenizer on dataset (num_proc=16): 96674 examples [00:34, 3488.24 examples/s][WARNING|2025-11-27 02:03:33] llamafactory.data.processor.supervised:148 >> Dropped invalid example: []
Running tokenizer on dataset (num_proc=16): 98904 examples [00:35, 3638.13 examples/s]Running tokenizer on dataset (num_proc=16): 98674 examples [00:35, 4396.53 examples/s]Running tokenizer on dataset (num_proc=16): 100166 examples [00:35, 3856.81 examples/s]Running tokenizer on dataset (num_proc=16): 99904 examples [00:36, 2442.45 examples/s]Running tokenizer on dataset (num_proc=16): 100904 examples [00:36, 2682.28 examples/s]Running tokenizer on dataset (num_proc=16): 101150 examples [00:36, 2535.21 examples/s]Running tokenizer on dataset (num_proc=16): 101642 examples [00:36, 2412.23 examples/s]Running tokenizer on dataset (num_proc=16): 101396 examples [00:36, 2389.48 examples/s]Running tokenizer on dataset (num_proc=16): 102642 examples [00:36, 2865.68 examples/s]Running tokenizer on dataset (num_proc=16): 103134 examples [00:37, 1974.54 examples/s]Running tokenizer on dataset (num_proc=16): 102134 examples [00:37, 1480.94 examples/s][WARNING|2025-11-27 02:03:36] llamafactory.data.processor.supervised:148 >> Dropped invalid example: []
Running tokenizer on dataset (num_proc=16): 103626 examples [00:37, 1799.36 examples/s]Running tokenizer on dataset (num_proc=16): 102380 examples [00:38, 1186.56 examples/s]Running tokenizer on dataset (num_proc=16): 102626 examples [00:38, 940.69 examples/s] Running tokenizer on dataset (num_proc=16): 103872 examples [00:38, 1056.07 examples/s]Running tokenizer on dataset (num_proc=16): 103626 examples [00:39, 1492.10 examples/s]Running tokenizer on dataset (num_proc=16): 103872 examples [00:39, 1325.23 examples/s]
training example:
input_ids:
[2, 105, 2364, 107, 11069, 3853, 563, 531, 12287, 532, 4006, 2430, 236789, 236751, 5267, 3004, 531, 37386, 910, 5712, 532, 1386, 910, 10396, 919, 86820, 236761, 2900, 3117, 8214, 795, 611, 577, 1699, 531, 3225, 506, 40095, 532, 24519, 9381, 529, 822, 13630, 236881, 236743, 108, 12721, 236764, 564, 735, 236743, 236800, 23974, 600, 564, 1202, 611, 531, 3540, 618, 614, 4068, 1594, 529, 822, 15858, 236761, 9354, 611, 5508, 531, 3540, 1724, 23974, 532, 2729, 1027, 15955, 573, 29972, 236764, 40095, 236764, 532, 13315, 3904, 236761, 5715, 659, 506, 23974, 236787, 108, 236770, 236761, 669, 861, 9470, 236764, 3008, 607, 506, 1884, 529, 506, 2434, 236764, 964, 657, 506, 5395, 236761, 107, 236778, 236761, 562, 5395, 691, 4247, 531, 3249, 506, 11860, 2881, 532, 531, 5811, 855, 1144, 692, 1374, 776, 531, 2056, 532, 974, 1091, 1063, 236761, 107, 236800, 236761, 669, 2434, 563, 1401, 9775, 573, 506, 861, 2203, 236764, 901, 740, 25681, 3014, 910, 28242, 236761, 106, 107, 105, 4368, 107, 236777, 795, 577, 1699, 506, 10561, 29912, 529, 21072, 568, 236770, 236832, 594, 12301, 236768, 618, 506, 5905, 5577, 573, 40095, 532, 24519, 236761, 3153, 236764, 564, 740, 7535, 531, 1032, 3117, 26309, 568, 236744, 236761, 236759, 1126, 9943, 236764, 86874, 236764, 653, 106945, 236768, 768, 611, 735, 496, 3530, 24104, 236761, 108, 6445, 236764, 1531, 236789, 236751, 3540, 506, 3847, 23974, 532, 2729, 15955, 573, 29972, 236764, 40095, 236764, 532, 13315, 3904, 236787, 108, 236770, 236761, 669, 3303, 13315, 563, 623, 818, 861, 9470, 236764, 3008, 607, 506, 1884, 529, 506, 2434, 236764, 964, 657, 506, 5395, 1781, 1174, 13315, 6097, 496, 3660, 236772, 21130, 7686, 3165, 236761, 5612, 506, 3660, 563, 623, 1437, 861, 9470, 2098, 506, 14177, 1374, 577, 528, 506, 20147, 1183, 236761, 562, 26885, 3567, 1451, 577, 236787, 623, 818, 861, 9470, 236764, 3008, 607, 506, 1884, 529, 506, 2434, 236764, 691, 657, 506, 5395, 1781, 41433, 236764, 611, 1451, 544, 23376, 506, 13315, 531, 37837, 506, 2434, 6084, 236787, 623, 818, 861, 9470, 15193, 506, 5395, 607, 506, 1884, 529, 506, 2434, 1781, 108, 236778, 236761, 669, 3303, 13315, 563, 623, 236776, 5395, 691, 4247, 531, 3249, 506, 11860, 2881, 532, 531, 5811, 855, 1144, 692, 1374, 776, 531, 2056, 532, 974, 1091, 1063, 1781, 1174, 13315, 563, 496, 3103, 3658, 236762, 532, 6097, 614, 33835, 20412, 6791, 6572, 532, 974, 1091, 1063, 4248, 562, 26885, 3567, 1451, 577, 236787, 623, 236776, 5395, 691, 4247, 531, 3249, 506, 11860, 2881, 532, 6054, 506, 1791, 3003, 529, 2970, 531, 3345, 1091, 1063, 1781, 1174, 3567, 563, 919, 63510, 532, 6178, 919, 10781, 5192, 236761, 108, 236800, 236761, 669, 3303, 13315, 563, 623, 818, 2434, 563, 1401, 9775, 573, 506, 861, 2203, 236764, 901, 740, 25681, 3014, 910, 28242, 1781, 1174, 13315, 563, 496, 55348, 63652, 236764, 618, 625, 6097, 1156, 6829, 52011, 10438, 684, 496, 55348, 2180, 2005, 27890, 236761, 562, 26885, 3567, 1451, 577, 236787, 623, 818, 2434, 563, 1401, 9775, 1003, 506, 861, 2203, 532, 740, 25681, 3014, 910, 34194, 1781, 564, 236789, 560, 992, 6692, 623, 1708, 236775, 531, 623, 9869, 236775, 531, 2480, 17308, 506, 2434, 236789, 236751, 28242, 236764, 532, 12043, 623, 35081, 18485, 236775, 607, 623, 14121, 32211, 236775, 531, 5571, 51881, 236761, 106, 107, 105, 2364, 107, 236777, 1460, 611, 26276, 506, 23974, 573, 77536, 79101, 840, 564, 776, 711, 1460, 1027, 5686, 531, 4006, 13315, 3904, 573, 2480, 29972, 532, 4100, 236761, 3574, 611, 735, 1027, 3342, 19205, 580, 1217, 531, 1386, 1239, 23974, 919, 5225, 532, 6121, 573, 506, 11863, 236881, 106, 107, 105, 4368, 107, 6481, 786, 2847, 4767, 19205, 531, 14051, 13315, 3904, 236764, 29972, 236764, 532, 4100, 236787, 108, 236770, 236761, 18909, 13315, 236787, 623, 818, 861, 9470, 236764, 3008, 607, 506, 1884, 529, 506, 2434, 236764, 691, 657, 506, 5395, 1781, 108, 2021, 1386, 672, 13315, 919, 21964, 236764, 1966, 8009, 919, 4403, 653, 72320, 1003, 506, 5395, 653, 506, 9470, 236789, 236751, 3853, 236761, 1701, 2591, 236787, 623, 7711, 861, 2434, 4374, 1603, 496, 3188, 18358, 657, 506, 42688, 7545, 5395, 236764, 1298, 506, 2434, 8397, 2307, 7675, 532, 16618, 1781, 1174, 26885, 13315, 4728, 919, 4403, 532, 20756, 506, 9470, 236789, 236751, 4414, 12416, 236761, 108, 236778, 236761, 18909, 13315, 236787, 623, 236776, 5395, 691, 4247, 531, 3249, 506, 11860, 2881, 532, 6054, 506, 1791, 3003, 529, 2970, 531, 3345, 1091, 1063, 1781, 108, 2021, 1386, 672, 13315, 919, 86820, 236764, 1966, 1699, 496, 919, 5158, 532, 41575, 14177, 236764, 532, 8009, 919, 72320, 1003, 506, 54672, 653, 7675, 236761, 1701, 2591, 236787, 623, 902, 496, 13832, 5395, 236764, 1023, 2434, 78543, 524, 14549, 11298, 531, 72052, 506, 11860, 2881, 236764, 496, 2307, 4430, 5367, 13889, 528, 7384, 10471, 1781, 1174, 26885, 13315, 106673, 496, 5113, 529, 60055, 532, 8020, 236764, 532, 4728, 919, 4403, 1003, 506, 2881, 236789, 236751, 17141, 236761, 108, 236800, 236761, 18909, 13315, 236787, 623, 818, 2434, 563, 1401, 9775, 1003, 506, 861, 2203, 532, 740, 25681, 3014, 910, 34194, 1781, 108, 2021, 1386, 672, 13315, 919, 21964, 236764, 1966, 6807, 236764, 4319, 1082, 14315, 236764, 506, 2434, 236789, 236751, 28242, 236761, 1701, 2591, 236787, 623, 2205, 506, 2434, 27681, 1131, 506, 861, 2203, 236764, 910, 2778, 691, 120952, 1271, 699, 45489, 114521, 14845, 531, 45756, 18701, 1003, 506, 2203, 236789, 236751, 3435, 4100, 1781, 1174, 26885, 13315, 42145, 496, 35094, 6083, 529, 506, 2434, 236789, 236751, 28242, 532, 15154, 236764, 3043, 506, 11863, 919, 4547, 531, 4024, 910, 34194, 236761, 108, 9208, 26885, 23974, 6342, 531, 14051, 29972, 236764, 3904, 236764, 532, 4100, 684, 8009, 919, 4403, 236764, 72320, 236764, 532, 41575, 5192, 236761, 2195, 992, 36438, 531, 2619, 496, 919, 21964, 22323, 600, 30327, 506, 11863, 528, 532, 106673, 506, 17141, 529, 506, 4749, 653, 19979, 4970, 236761, 106, 107, 105, 2364, 107, 3689, 776, 611, 1751, 506, 236743, 236778, 523, 26885, 13315, 563, 1492, 9724, 5483, 531, 506, 3303, 236761, 236743, 107, 1509, 5072, 611, 9806, 506, 13315, 573, 886, 912, 236764, 840, 1492, 625, 1677, 711, 17308, 618, 1623, 1938, 531, 506, 11863, 618, 506, 3303, 13315, 1602, 1056, 26885, 573, 40095, 532, 24519, 1186, 236764, 623, 236776, 5395, 691, 4247, 531, 3249, 506, 11860, 2881, 532, 6054, 506, 1791, 3003, 529, 2970, 531, 3345, 1091, 1063, 1781, 106, 107, 105, 4368, 107, 3048, 236789, 500, 1447, 236764, 506, 26885, 13315, 564, 3847, 236764, 623, 902, 496, 13832, 5395, 236764, 1023, 2434, 78543, 524, 14549, 11298, 531, 72052, 506, 11860, 2881, 236764, 496, 2307, 4430, 5367, 13889, 528, 7384, 10471, 2098, 1677, 17308, 496, 5113, 529, 60055, 532, 8020, 236764, 840, 625, 39559, 1070, 529, 506, 3530, 4889, 699, 506, 3303, 13315, 236761, 108, 818, 3303, 26885, 13315, 236764, 623, 236776, 5395, 691, 4247, 531, 3249, 506, 11860, 2881, 532, 6054, 506, 1791, 3003, 529, 2970, 531, 3345, 1091, 1063, 2098, 25010, 5022, 506, 5708, 529, 506, 5395, 236787, 531, 3249, 506, 11860, 2881, 532, 2229, 872, 607, 496, 2731, 531, 3345, 1091, 1063, 236761, 669, 26885, 13315, 564, 3847, 13074, 600, 506, 5395, 563, 1003, 506, 11860, 2881, 236764, 840, 625, 4038, 236789, 236745, 25010, 1883, 506, 5671, 529, 11806, 1091, 1063, 236761, 108, 2021, 15161, 496, 7002, 1534, 93954, 8020, 532, 6655, 3530, 4889, 236764, 496, 26885, 13315, 1451, 577, 236787, 623, 902, 496, 13832, 5395, 236764, 1023, 2434, 21508, 531, 3249, 506, 11860, 2881, 532, 1668, 496, 7545, 531, 3345, 1063, 672, 2307, 4430, 236764, 5367, 13889, 528, 7384, 10471, 1781, 1174, 13315, 106673, 506, 8020, 529, 506, 5395, 236764, 25010, 5022, 506, 5708, 529, 506, 8699, 236764, 532, 4728, 4403, 1003, 506, 4430, 236789, 236751, 17141, 236761, 106, 107]
inputs:
<bos><start_of_turn>user
Your role is to edit and improve user's written content to clarify their writing and make their messages more impactful. What style guide will you be using to base the grammar and mechanics portion of your responses? 

Also, I have 3 sentences that I need you to review as an initial test of your capabilities. Are you ready to review those sentences and offer any improvements for clarity, grammar, and sentence structure. Here are the sentences:

1. The new employee, along with the rest of the team, were at the meeting.
2. A meeting was held to discuss the Johnson account and to figure out what we should do to try and get them back.
3. The team is very excited for the new project, they can barely contain their excitement.<end_of_turn>
<start_of_turn>model
I will be using the Chicago Manual of Style (17th edition) as the primary reference for grammar and mechanics. However, I can adapt to other style guides (e.g., AP, MLA, or APA) if you have a specific preference.

Now, let's review the provided sentences and offer improvements for clarity, grammar, and sentence structure:

1. The original sentence is "The new employee, along with the rest of the team, were at the meeting." This sentence contains a subject-verb agreement error. Since the subject is "the new employee," the verb should be in the singular form. A revised version could be: "The new employee, along with the rest of the team, was at the meeting." Alternatively, you could rephrase the sentence to emphasize the team aspect: "The new employee attended the meeting with the rest of the team."

2. The original sentence is "A meeting was held to discuss the Johnson account and to figure out what we should do to try and get them back." This sentence is a bit wordy and contains an informal phrase ("try and get them back"). A revised version could be: "A meeting was held to discuss the Johnson account and determine the best course of action to win them back." This version is more concise and uses more formal language.

3. The original sentence is "The team is very excited for the new project, they can barely contain their excitement." This sentence is a comma splice, as it contains two independent clauses joined by a comma without proper conjunction. A revised version could be: "The team is very excited about the new project and can barely contain their enthusiasm." I've also changed "for" to "about" to better convey the team's excitement, and replaced "excitement" with "enthusiasm" to avoid repetition.<end_of_turn>
<start_of_turn>user
I see you edited the sentences for grammatical correctness but I do not see any attempt to improve sentence structure for better clarity and impact. Do you have any further suggestions on how to make these sentences more effective and interesting for the reader?<end_of_turn>
<start_of_turn>model
Let me provide additional suggestions to enhance sentence structure, clarity, and impact:

1. Original sentence: "The new employee, along with the rest of the team, was at the meeting."

To make this sentence more engaging, consider adding more context or specifics about the meeting or the employee's role. For example: "Our new team member made a strong impression at the quarterly strategy meeting, where the team discussed key goals and objectives." This revised sentence provides more context and highlights the employee's positive contribution.

2. Original sentence: "A meeting was held to discuss the Johnson account and determine the best course of action to win them back."

To make this sentence more impactful, consider using a more active and descriptive verb, and adding more specifics about the stakes or goals. For example: "In a crucial meeting, our team brainstormed innovative strategies to revive the Johnson account, a key client worth millions in annual revenue." This revised sentence conveys a sense of urgency and importance, and provides more context about the account's significance.

3. Original sentence: "The team is very excited about the new project and can barely contain their enthusiasm."

To make this sentence more engaging, consider showing, rather than telling, the team's excitement. For example: "As the team dove into the new project, their energy was palpable – from lively brainstorming sessions to enthusiastic discussions about the project's potential impact." This revised sentence paints a vivid picture of the team's excitement and engagement, making the reader more likely to share their enthusiasm.

These revised sentences aim to enhance clarity, structure, and impact by adding more context, specifics, and descriptive language. They also strive to create a more engaging narrative that draws the reader in and conveys the significance of the events or emotions described.<end_of_turn>
<start_of_turn>user
What do you think the 2nd revised sentence is now missing compared to the original. 
It seems you improved the sentence for one part, but now it does not convey as much information to the reader as the original sentence did when revised for grammar and mechanics only, "A meeting was held to discuss the Johnson account and determine the best course of action to win them back."<end_of_turn>
<start_of_turn>model
You're right, the revised sentence I provided, "In a crucial meeting, our team brainstormed innovative strategies to revive the Johnson account, a key client worth millions in annual revenue," does convey a sense of urgency and importance, but it loses some of the specific details from the original sentence.

The original revised sentence, "A meeting was held to discuss the Johnson account and determine the best course of action to win them back," explicitly states the purpose of the meeting: to discuss the Johnson account and come up with a plan to win them back. The revised sentence I provided implies that the meeting is about the Johnson account, but it doesn't explicitly state the goal of winning them back.

To strike a balance between conveying importance and providing specific details, a revised sentence could be: "In a crucial meeting, our team gathered to discuss the Johnson account and develop a strategy to win back this key client, worth millions in annual revenue." This sentence conveys the importance of the meeting, explicitly states the purpose of the discussion, and provides context about the client's significance.<end_of_turn>

label_ids:
[-100, -100, -100, -100, -100, -100, -100, -100, -100, -100, -100, -100, -100, -100, -100, -100, -100, -100, -100, -100, -100, -100, -100, -100, -100, -100, -100, -100, -100, -100, -100, -100, -100, -100, -100, -100, -100, -100, -100, -100, -100, -100, -100, -100, -100, -100, -100, -100, -100, -100, -100, -100, -100, -100, -100, -100, -100, -100, -100, -100, -100, -100, -100, -100, -100, -100, -100, -100, -100, -100, -100, -100, -100, -100, -100, -100, -100, -100, -100, -100, -100, -100, -100, -100, -100, -100, -100, -100, -100, -100, -100, -100, -100, -100, -100, -100, -100, -100, -100, -100, -100, -100, -100, -100, -100, -100, -100, -100, -100, -100, -100, -100, -100, -100, -100, -100, -100, -100, -100, -100, -100, -100, -100, -100, -100, -100, -100, -100, -100, -100, -100, -100, -100, -100, -100, -100, -100, -100, -100, -100, -100, -100, -100, -100, -100, -100, -100, -100, -100, -100, -100, -100, -100, -100, -100, -100, -100, -100, -100, -100, -100, -100, -100, -100, -100, -100, -100, -100, -100, -100, -100, -100, -100, -100, -100, -100, -100, -100, -100, -100, -100, -100, -100, -100, -100, -100, -100, -100, -100, -100, -100, -100, -100, -100, -100, -100, -100, -100, -100, -100, -100, -100, -100, -100, -100, -100, -100, -100, -100, -100, -100, -100, -100, -100, -100, -100, -100, -100, -100, -100, -100, -100, -100, -100, -100, -100, -100, -100, -100, -100, -100, -100, -100, -100, -100, -100, -100, -100, -100, -100, -100, -100, -100, -100, -100, -100, -100, -100, -100, -100, -100, -100, -100, -100, -100, -100, -100, -100, -100, -100, -100, -100, -100, -100, -100, -100, -100, -100, -100, -100, -100, -100, -100, -100, -100, -100, -100, -100, -100, -100, -100, -100, -100, -100, -100, -100, -100, -100, -100, -100, -100, -100, -100, -100, -100, -100, -100, -100, -100, -100, -100, -100, -100, -100, -100, -100, -100, -100, -100, -100, -100, -100, -100, -100, -100, -100, -100, -100, -100, -100, -100, -100, -100, -100, -100, -100, -100, -100, -100, -100, -100, -100, -100, -100, -100, -100, -100, -100, -100, -100, -100, -100, -100, -100, -100, -100, -100, -100, -100, -100, -100, -100, -100, -100, -100, -100, -100, -100, -100, -100, -100, -100, -100, -100, -100, -100, -100, -100, -100, -100, -100, -100, -100, -100, -100, -100, -100, -100, -100, -100, -100, -100, -100, -100, -100, -100, -100, -100, -100, -100, -100, -100, -100, -100, -100, -100, -100, -100, -100, -100, -100, -100, -100, -100, -100, -100, -100, -100, -100, -100, -100, -100, -100, -100, -100, -100, -100, -100, -100, -100, -100, -100, -100, -100, -100, -100, -100, -100, -100, -100, -100, -100, -100, -100, -100, -100, -100, -100, -100, -100, -100, -100, -100, -100, -100, -100, -100, -100, -100, -100, -100, -100, -100, -100, -100, -100, -100, -100, -100, -100, -100, -100, -100, -100, -100, -100, -100, -100, -100, -100, -100, -100, -100, -100, -100, -100, -100, -100, -100, -100, -100, -100, -100, -100, -100, -100, -100, -100, -100, -100, -100, -100, -100, -100, -100, -100, -100, -100, -100, -100, -100, -100, -100, -100, -100, -100, -100, -100, -100, -100, -100, -100, -100, -100, -100, -100, -100, -100, -100, -100, -100, -100, -100, -100, -100, -100, -100, -100, -100, -100, -100, -100, -100, -100, -100, -100, -100, -100, -100, -100, -100, -100, -100, -100, -100, -100, -100, -100, -100, -100, -100, -100, -100, -100, -100, -100, -100, -100, -100, -100, -100, -100, -100, -100, -100, -100, -100, -100, -100, -100, -100, -100, -100, -100, -100, -100, -100, -100, -100, -100, -100, -100, -100, -100, -100, -100, -100, -100, -100, -100, -100, -100, -100, -100, -100, -100, -100, -100, -100, -100, -100, -100, -100, -100, -100, -100, -100, -100, -100, -100, -100, -100, -100, -100, -100, -100, -100, -100, -100, -100, -100, -100, -100, -100, -100, -100, -100, -100, -100, -100, -100, -100, -100, -100, -100, -100, -100, -100, -100, -100, -100, -100, -100, -100, -100, -100, -100, -100, -100, -100, -100, -100, -100, -100, -100, -100, -100, -100, -100, -100, -100, -100, -100, -100, -100, -100, -100, -100, -100, -100, -100, -100, -100, -100, -100, -100, -100, -100, -100, -100, -100, -100, -100, -100, -100, -100, -100, -100, -100, -100, -100, -100, -100, -100, -100, -100, -100, -100, -100, -100, -100, -100, -100, -100, -100, -100, -100, -100, -100, -100, -100, -100, -100, -100, -100, -100, -100, -100, -100, -100, -100, -100, -100, -100, -100, -100, -100, -100, -100, -100, -100, -100, -100, -100, -100, -100, -100, -100, -100, -100, -100, -100, -100, -100, -100, -100, -100, -100, -100, -100, -100, -100, -100, -100, -100, -100, -100, -100, -100, -100, -100, -100, -100, -100, -100, -100, -100, -100, -100, -100, -100, -100, -100, -100, -100, -100, -100, -100, -100, -100, -100, -100, -100, -100, -100, -100, -100, -100, -100, -100, -100, -100, -100, -100, -100, -100, -100, -100, -100, -100, -100, -100, -100, -100, -100, -100, -100, -100, -100, -100, -100, -100, -100, -100, -100, -100, -100, -100, -100, -100, -100, -100, -100, -100, -100, -100, -100, -100, -100, -100, -100, -100, -100, -100, -100, -100, -100, -100, -100, -100, -100, -100, -100, -100, -100, -100, -100, -100, -100, -100, -100, -100, -100, -100, -100, -100, -100, -100, -100, -100, -100, -100, -100, -100, -100, -100, -100, -100, -100, -100, -100, -100, -100, -100, -100, -100, -100, -100, -100, -100, -100, -100, -100, -100, -100, -100, -100, -100, -100, -100, -100, -100, -100, -100, -100, -100, -100, -100, -100, -100, -100, -100, -100, -100, -100, -100, -100, -100, -100, -100, -100, -100, -100, -100, -100, -100, -100, -100, -100, -100, -100, -100, -100, -100, -100, -100, -100, -100, -100, -100, -100, -100, -100, -100, -100, -100, -100, -100, -100, -100, -100, -100, -100, -100, -100, -100, -100, -100, -100, -100, -100, -100, -100, -100, -100, -100, -100, -100, -100, -100, -100, -100, -100, -100, -100, -100, -100, -100, -100, -100, -100, -100, -100, -100, -100, -100, -100, -100, -100, -100, -100, -100, -100, -100, -100, -100, -100, -100, -100, -100, -100, -100, -100, -100, -100, -100, -100, -100, -100, -100, -100, -100, -100, -100, -100, -100, -100, -100, -100, -100, -100, -100, -100, -100, -100, -100, -100, -100, -100, -100, -100, -100, -100, -100, -100, -100, -100, -100, -100, -100, -100, -100, -100, -100, -100, -100, -100, -100, -100, -100, -100, -100, -100, -100, -100, -100, 3048, 236789, 500, 1447, 236764, 506, 26885, 13315, 564, 3847, 236764, 623, 902, 496, 13832, 5395, 236764, 1023, 2434, 78543, 524, 14549, 11298, 531, 72052, 506, 11860, 2881, 236764, 496, 2307, 4430, 5367, 13889, 528, 7384, 10471, 2098, 1677, 17308, 496, 5113, 529, 60055, 532, 8020, 236764, 840, 625, 39559, 1070, 529, 506, 3530, 4889, 699, 506, 3303, 13315, 236761, 108, 818, 3303, 26885, 13315, 236764, 623, 236776, 5395, 691, 4247, 531, 3249, 506, 11860, 2881, 532, 6054, 506, 1791, 3003, 529, 2970, 531, 3345, 1091, 1063, 2098, 25010, 5022, 506, 5708, 529, 506, 5395, 236787, 531, 3249, 506, 11860, 2881, 532, 2229, 872, 607, 496, 2731, 531, 3345, 1091, 1063, 236761, 669, 26885, 13315, 564, 3847, 13074, 600, 506, 5395, 563, 1003, 506, 11860, 2881, 236764, 840, 625, 4038, 236789, 236745, 25010, 1883, 506, 5671, 529, 11806, 1091, 1063, 236761, 108, 2021, 15161, 496, 7002, 1534, 93954, 8020, 532, 6655, 3530, 4889, 236764, 496, 26885, 13315, 1451, 577, 236787, 623, 902, 496, 13832, 5395, 236764, 1023, 2434, 21508, 531, 3249, 506, 11860, 2881, 532, 1668, 496, 7545, 531, 3345, 1063, 672, 2307, 4430, 236764, 5367, 13889, 528, 7384, 10471, 1781, 1174, 13315, 106673, 506, 8020, 529, 506, 5395, 236764, 25010, 5022, 506, 5708, 529, 506, 8699, 236764, 532, 4728, 4403, 1003, 506, 4430, 236789, 236751, 17141, 236761, 106, 107]
labels:
You're right, the revised sentence I provided, "In a crucial meeting, our team brainstormed innovative strategies to revive the Johnson account, a key client worth millions in annual revenue," does convey a sense of urgency and importance, but it loses some of the specific details from the original sentence.

The original revised sentence, "A meeting was held to discuss the Johnson account and determine the best course of action to win them back," explicitly states the purpose of the meeting: to discuss the Johnson account and come up with a plan to win them back. The revised sentence I provided implies that the meeting is about the Johnson account, but it doesn't explicitly state the goal of winning them back.

To strike a balance between conveying importance and providing specific details, a revised sentence could be: "In a crucial meeting, our team gathered to discuss the Johnson account and develop a strategy to win back this key client, worth millions in annual revenue." This sentence conveys the importance of the meeting, explicitly states the purpose of the discussion, and provides context about the client's significance.<end_of_turn>

[WARNING|2025-11-27 02:03:38] llamafactory.data.processor.supervised:148 >> Dropped invalid example: []
Running tokenizer on dataset (num_proc=16): 103872 examples [00:41, 1248.07 examples/s]
training example:
input_ids:
[2, 105, 2364, 107, 11069, 3853, 563, 531, 12287, 532, 4006, 2430, 236789, 236751, 5267, 3004, 531, 37386, 910, 5712, 532, 1386, 910, 10396, 919, 86820, 236761, 2900, 3117, 8214, 795, 611, 577, 1699, 531, 3225, 506, 40095, 532, 24519, 9381, 529, 822, 13630, 236881, 236743, 108, 12721, 236764, 564, 735, 236743, 236800, 23974, 600, 564, 1202, 611, 531, 3540, 618, 614, 4068, 1594, 529, 822, 15858, 236761, 9354, 611, 5508, 531, 3540, 1724, 23974, 532, 2729, 1027, 15955, 573, 29972, 236764, 40095, 236764, 532, 13315, 3904, 236761, 5715, 659, 506, 23974, 236787, 108, 236770, 236761, 669, 861, 9470, 236764, 3008, 607, 506, 1884, 529, 506, 2434, 236764, 964, 657, 506, 5395, 236761, 107, 236778, 236761, 562, 5395, 691, 4247, 531, 3249, 506, 11860, 2881, 532, 531, 5811, 855, 1144, 692, 1374, 776, 531, 2056, 532, 974, 1091, 1063, 236761, 107, 236800, 236761, 669, 2434, 563, 1401, 9775, 573, 506, 861, 2203, 236764, 901, 740, 25681, 3014, 910, 28242, 236761, 106, 107, 105, 4368, 107, 236777, 795, 577, 1699, 506, 10561, 29912, 529, 21072, 568, 236770, 236832, 594, 12301, 236768, 618, 506, 5905, 5577, 573, 40095, 532, 24519, 236761, 3153, 236764, 564, 740, 7535, 531, 1032, 3117, 26309, 568, 236744, 236761, 236759, 1126, 9943, 236764, 86874, 236764, 653, 106945, 236768, 768, 611, 735, 496, 3530, 24104, 236761, 108, 6445, 236764, 1531, 236789, 236751, 3540, 506, 3847, 23974, 532, 2729, 15955, 573, 29972, 236764, 40095, 236764, 532, 13315, 3904, 236787, 108, 236770, 236761, 669, 3303, 13315, 563, 623, 818, 861, 9470, 236764, 3008, 607, 506, 1884, 529, 506, 2434, 236764, 964, 657, 506, 5395, 1781, 1174, 13315, 6097, 496, 3660, 236772, 21130, 7686, 3165, 236761, 5612, 506, 3660, 563, 623, 1437, 861, 9470, 2098, 506, 14177, 1374, 577, 528, 506, 20147, 1183, 236761, 562, 26885, 3567, 1451, 577, 236787, 623, 818, 861, 9470, 236764, 3008, 607, 506, 1884, 529, 506, 2434, 236764, 691, 657, 506, 5395, 1781, 41433, 236764, 611, 1451, 544, 23376, 506, 13315, 531, 37837, 506, 2434, 6084, 236787, 623, 818, 861, 9470, 15193, 506, 5395, 607, 506, 1884, 529, 506, 2434, 1781, 108, 236778, 236761, 669, 3303, 13315, 563, 623, 236776, 5395, 691, 4247, 531, 3249, 506, 11860, 2881, 532, 531, 5811, 855, 1144, 692, 1374, 776, 531, 2056, 532, 974, 1091, 1063, 1781, 1174, 13315, 563, 496, 3103, 3658, 236762, 532, 6097, 614, 33835, 20412, 6791, 6572, 532, 974, 1091, 1063, 4248, 562, 26885, 3567, 1451, 577, 236787, 623, 236776, 5395, 691, 4247, 531, 3249, 506, 11860, 2881, 532, 6054, 506, 1791, 3003, 529, 2970, 531, 3345, 1091, 1063, 1781, 1174, 3567, 563, 919, 63510, 532, 6178, 919, 10781, 5192, 236761, 108, 236800, 236761, 669, 3303, 13315, 563, 623, 818, 2434, 563, 1401, 9775, 573, 506, 861, 2203, 236764, 901, 740, 25681, 3014, 910, 28242, 1781, 1174, 13315, 563, 496, 55348, 63652, 236764, 618, 625, 6097, 1156, 6829, 52011, 10438, 684, 496, 55348, 2180, 2005, 27890, 236761, 562, 26885, 3567, 1451, 577, 236787, 623, 818, 2434, 563, 1401, 9775, 1003, 506, 861, 2203, 532, 740, 25681, 3014, 910, 34194, 1781, 564, 236789, 560, 992, 6692, 623, 1708, 236775, 531, 623, 9869, 236775, 531, 2480, 17308, 506, 2434, 236789, 236751, 28242, 236764, 532, 12043, 623, 35081, 18485, 236775, 607, 623, 14121, 32211, 236775, 531, 5571, 51881, 236761, 106, 107, 105, 2364, 107, 236777, 1460, 611, 26276, 506, 23974, 573, 77536, 79101, 840, 564, 776, 711, 1460, 1027, 5686, 531, 4006, 13315, 3904, 573, 2480, 29972, 532, 4100, 236761, 3574, 611, 735, 1027, 3342, 19205, 580, 1217, 531, 1386, 1239, 23974, 919, 5225, 532, 6121, 573, 506, 11863, 236881, 106, 107, 105, 4368, 107, 6481, 786, 2847, 4767, 19205, 531, 14051, 13315, 3904, 236764, 29972, 236764, 532, 4100, 236787, 108, 236770, 236761, 18909, 13315, 236787, 623, 818, 861, 9470, 236764, 3008, 607, 506, 1884, 529, 506, 2434, 236764, 691, 657, 506, 5395, 1781, 108, 2021, 1386, 672, 13315, 919, 21964, 236764, 1966, 8009, 919, 4403, 653, 72320, 1003, 506, 5395, 653, 506, 9470, 236789, 236751, 3853, 236761, 1701, 2591, 236787, 623, 7711, 861, 2434, 4374, 1603, 496, 3188, 18358, 657, 506, 42688, 7545, 5395, 236764, 1298, 506, 2434, 8397, 2307, 7675, 532, 16618, 1781, 1174, 26885, 13315, 4728, 919, 4403, 532, 20756, 506, 9470, 236789, 236751, 4414, 12416, 236761, 108, 236778, 236761, 18909, 13315, 236787, 623, 236776, 5395, 691, 4247, 531, 3249, 506, 11860, 2881, 532, 6054, 506, 1791, 3003, 529, 2970, 531, 3345, 1091, 1063, 1781, 108, 2021, 1386, 672, 13315, 919, 86820, 236764, 1966, 1699, 496, 919, 5158, 532, 41575, 14177, 236764, 532, 8009, 919, 72320, 1003, 506, 54672, 653, 7675, 236761, 1701, 2591, 236787, 623, 902, 496, 13832, 5395, 236764, 1023, 2434, 78543, 524, 14549, 11298, 531, 72052, 506, 11860, 2881, 236764, 496, 2307, 4430, 5367, 13889, 528, 7384, 10471, 1781, 1174, 26885, 13315, 106673, 496, 5113, 529, 60055, 532, 8020, 236764, 532, 4728, 919, 4403, 1003, 506, 2881, 236789, 236751, 17141, 236761, 108, 236800, 236761, 18909, 13315, 236787, 623, 818, 2434, 563, 1401, 9775, 1003, 506, 861, 2203, 532, 740, 25681, 3014, 910, 34194, 1781, 108, 2021, 1386, 672, 13315, 919, 21964, 236764, 1966, 6807, 236764, 4319, 1082, 14315, 236764, 506, 2434, 236789, 236751, 28242, 236761, 1701, 2591, 236787, 623, 2205, 506, 2434, 27681, 1131, 506, 861, 2203, 236764, 910, 2778, 691, 120952, 1271, 699, 45489, 114521, 14845, 531, 45756, 18701, 1003, 506, 2203, 236789, 236751, 3435, 4100, 1781, 1174, 26885, 13315, 42145, 496, 35094, 6083, 529, 506, 2434, 236789, 236751, 28242, 532, 15154, 236764, 3043, 506, 11863, 919, 4547, 531, 4024, 910, 34194, 236761, 108, 9208, 26885, 23974, 6342, 531, 14051, 29972, 236764, 3904, 236764, 532, 4100, 684, 8009, 919, 4403, 236764, 72320, 236764, 532, 41575, 5192, 236761, 2195, 992, 36438, 531, 2619, 496, 919, 21964, 22323, 600, 30327, 506, 11863, 528, 532, 106673, 506, 17141, 529, 506, 4749, 653, 19979, 4970, 236761, 106, 107, 105, 2364, 107, 3689, 776, 611, 1751, 506, 236743, 236778, 523, 26885, 13315, 563, 1492, 9724, 5483, 531, 506, 3303, 236761, 236743, 107, 1509, 5072, 611, 9806, 506, 13315, 573, 886, 912, 236764, 840, 1492, 625, 1677, 711, 17308, 618, 1623, 1938, 531, 506, 11863, 618, 506, 3303, 13315, 1602, 1056, 26885, 573, 40095, 532, 24519, 1186, 236764, 623, 236776, 5395, 691, 4247, 531, 3249, 506, 11860, 2881, 532, 6054, 506, 1791, 3003, 529, 2970, 531, 3345, 1091, 1063, 1781, 106, 107, 105, 4368, 107, 3048, 236789, 500, 1447, 236764, 506, 26885, 13315, 564, 3847, 236764, 623, 902, 496, 13832, 5395, 236764, 1023, 2434, 78543, 524, 14549, 11298, 531, 72052, 506, 11860, 2881, 236764, 496, 2307, 4430, 5367, 13889, 528, 7384, 10471, 2098, 1677, 17308, 496, 5113, 529, 60055, 532, 8020, 236764, 840, 625, 39559, 1070, 529, 506, 3530, 4889, 699, 506, 3303, 13315, 236761, 108, 818, 3303, 26885, 13315, 236764, 623, 236776, 5395, 691, 4247, 531, 3249, 506, 11860, 2881, 532, 6054, 506, 1791, 3003, 529, 2970, 531, 3345, 1091, 1063, 2098, 25010, 5022, 506, 5708, 529, 506, 5395, 236787, 531, 3249, 506, 11860, 2881, 532, 2229, 872, 607, 496, 2731, 531, 3345, 1091, 1063, 236761, 669, 26885, 13315, 564, 3847, 13074, 600, 506, 5395, 563, 1003, 506, 11860, 2881, 236764, 840, 625, 4038, 236789, 236745, 25010, 1883, 506, 5671, 529, 11806, 1091, 1063, 236761, 108, 2021, 15161, 496, 7002, 1534, 93954, 8020, 532, 6655, 3530, 4889, 236764, 496, 26885, 13315, 1451, 577, 236787, 623, 902, 496, 13832, 5395, 236764, 1023, 2434, 21508, 531, 3249, 506, 11860, 2881, 532, 1668, 496, 7545, 531, 3345, 1063, 672, 2307, 4430, 236764, 5367, 13889, 528, 7384, 10471, 1781, 1174, 13315, 106673, 506, 8020, 529, 506, 5395, 236764, 25010, 5022, 506, 5708, 529, 506, 8699, 236764, 532, 4728, 4403, 1003, 506, 4430, 236789, 236751, 17141, 236761, 106, 107]
inputs:
<bos><start_of_turn>user
Your role is to edit and improve user's written content to clarify their writing and make their messages more impactful. What style guide will you be using to base the grammar and mechanics portion of your responses? 

Also, I have 3 sentences that I need you to review as an initial test of your capabilities. Are you ready to review those sentences and offer any improvements for clarity, grammar, and sentence structure. Here are the sentences:

1. The new employee, along with the rest of the team, were at the meeting.
2. A meeting was held to discuss the Johnson account and to figure out what we should do to try and get them back.
3. The team is very excited for the new project, they can barely contain their excitement.<end_of_turn>
<start_of_turn>model
I will be using the Chicago Manual of Style (17th edition) as the primary reference for grammar and mechanics. However, I can adapt to other style guides (e.g., AP, MLA, or APA) if you have a specific preference.

Now, let's review the provided sentences and offer improvements for clarity, grammar, and sentence structure:

1. The original sentence is "The new employee, along with the rest of the team, were at the meeting." This sentence contains a subject-verb agreement error. Since the subject is "the new employee," the verb should be in the singular form. A revised version could be: "The new employee, along with the rest of the team, was at the meeting." Alternatively, you could rephrase the sentence to emphasize the team aspect: "The new employee attended the meeting with the rest of the team."

2. The original sentence is "A meeting was held to discuss the Johnson account and to figure out what we should do to try and get them back." This sentence is a bit wordy and contains an informal phrase ("try and get them back"). A revised version could be: "A meeting was held to discuss the Johnson account and determine the best course of action to win them back." This version is more concise and uses more formal language.

3. The original sentence is "The team is very excited for the new project, they can barely contain their excitement." This sentence is a comma splice, as it contains two independent clauses joined by a comma without proper conjunction. A revised version could be: "The team is very excited about the new project and can barely contain their enthusiasm." I've also changed "for" to "about" to better convey the team's excitement, and replaced "excitement" with "enthusiasm" to avoid repetition.<end_of_turn>
<start_of_turn>user
I see you edited the sentences for grammatical correctness but I do not see any attempt to improve sentence structure for better clarity and impact. Do you have any further suggestions on how to make these sentences more effective and interesting for the reader?<end_of_turn>
<start_of_turn>model
Let me provide additional suggestions to enhance sentence structure, clarity, and impact:

1. Original sentence: "The new employee, along with the rest of the team, was at the meeting."

To make this sentence more engaging, consider adding more context or specifics about the meeting or the employee's role. For example: "Our new team member made a strong impression at the quarterly strategy meeting, where the team discussed key goals and objectives." This revised sentence provides more context and highlights the employee's positive contribution.

2. Original sentence: "A meeting was held to discuss the Johnson account and determine the best course of action to win them back."

To make this sentence more impactful, consider using a more active and descriptive verb, and adding more specifics about the stakes or goals. For example: "In a crucial meeting, our team brainstormed innovative strategies to revive the Johnson account, a key client worth millions in annual revenue." This revised sentence conveys a sense of urgency and importance, and provides more context about the account's significance.

3. Original sentence: "The team is very excited about the new project and can barely contain their enthusiasm."

To make this sentence more engaging, consider showing, rather than telling, the team's excitement. For example: "As the team dove into the new project, their energy was palpable – from lively brainstorming sessions to enthusiastic discussions about the project's potential impact." This revised sentence paints a vivid picture of the team's excitement and engagement, making the reader more likely to share their enthusiasm.

These revised sentences aim to enhance clarity, structure, and impact by adding more context, specifics, and descriptive language. They also strive to create a more engaging narrative that draws the reader in and conveys the significance of the events or emotions described.<end_of_turn>
<start_of_turn>user
What do you think the 2nd revised sentence is now missing compared to the original. 
It seems you improved the sentence for one part, but now it does not convey as much information to the reader as the original sentence did when revised for grammar and mechanics only, "A meeting was held to discuss the Johnson account and determine the best course of action to win them back."<end_of_turn>
<start_of_turn>model
You're right, the revised sentence I provided, "In a crucial meeting, our team brainstormed innovative strategies to revive the Johnson account, a key client worth millions in annual revenue," does convey a sense of urgency and importance, but it loses some of the specific details from the original sentence.

The original revised sentence, "A meeting was held to discuss the Johnson account and determine the best course of action to win them back," explicitly states the purpose of the meeting: to discuss the Johnson account and come up with a plan to win them back. The revised sentence I provided implies that the meeting is about the Johnson account, but it doesn't explicitly state the goal of winning them back.

To strike a balance between conveying importance and providing specific details, a revised sentence could be: "In a crucial meeting, our team gathered to discuss the Johnson account and develop a strategy to win back this key client, worth millions in annual revenue." This sentence conveys the importance of the meeting, explicitly states the purpose of the discussion, and provides context about the client's significance.<end_of_turn>

label_ids:
[-100, -100, -100, -100, -100, -100, -100, -100, -100, -100, -100, -100, -100, -100, -100, -100, -100, -100, -100, -100, -100, -100, -100, -100, -100, -100, -100, -100, -100, -100, -100, -100, -100, -100, -100, -100, -100, -100, -100, -100, -100, -100, -100, -100, -100, -100, -100, -100, -100, -100, -100, -100, -100, -100, -100, -100, -100, -100, -100, -100, -100, -100, -100, -100, -100, -100, -100, -100, -100, -100, -100, -100, -100, -100, -100, -100, -100, -100, -100, -100, -100, -100, -100, -100, -100, -100, -100, -100, -100, -100, -100, -100, -100, -100, -100, -100, -100, -100, -100, -100, -100, -100, -100, -100, -100, -100, -100, -100, -100, -100, -100, -100, -100, -100, -100, -100, -100, -100, -100, -100, -100, -100, -100, -100, -100, -100, -100, -100, -100, -100, -100, -100, -100, -100, -100, -100, -100, -100, -100, -100, -100, -100, -100, -100, -100, -100, -100, -100, -100, -100, -100, -100, -100, -100, -100, -100, -100, -100, -100, -100, -100, -100, -100, -100, -100, -100, -100, -100, -100, -100, -100, -100, -100, -100, -100, -100, -100, -100, -100, -100, -100, -100, -100, -100, -100, -100, -100, -100, -100, -100, -100, -100, -100, -100, -100, -100, -100, -100, -100, -100, -100, -100, -100, -100, -100, -100, -100, -100, -100, -100, -100, -100, -100, -100, -100, -100, -100, -100, -100, -100, -100, -100, -100, -100, -100, -100, -100, -100, -100, -100, -100, -100, -100, -100, -100, -100, -100, -100, -100, -100, -100, -100, -100, -100, -100, -100, -100, -100, -100, -100, -100, -100, -100, -100, -100, -100, -100, -100, -100, -100, -100, -100, -100, -100, -100, -100, -100, -100, -100, -100, -100, -100, -100, -100, -100, -100, -100, -100, -100, -100, -100, -100, -100, -100, -100, -100, -100, -100, -100, -100, -100, -100, -100, -100, -100, -100, -100, -100, -100, -100, -100, -100, -100, -100, -100, -100, -100, -100, -100, -100, -100, -100, -100, -100, -100, -100, -100, -100, -100, -100, -100, -100, -100, -100, -100, -100, -100, -100, -100, -100, -100, -100, -100, -100, -100, -100, -100, -100, -100, -100, -100, -100, -100, -100, -100, -100, -100, -100, -100, -100, -100, -100, -100, -100, -100, -100, -100, -100, -100, -100, -100, -100, -100, -100, -100, -100, -100, -100, -100, -100, -100, -100, -100, -100, -100, -100, -100, -100, -100, -100, -100, -100, -100, -100, -100, -100, -100, -100, -100, -100, -100, -100, -100, -100, -100, -100, -100, -100, -100, -100, -100, -100, -100, -100, -100, -100, -100, -100, -100, -100, -100, -100, -100, -100, -100, -100, -100, -100, -100, -100, -100, -100, -100, -100, -100, -100, -100, -100, -100, -100, -100, -100, -100, -100, -100, -100, -100, -100, -100, -100, -100, -100, -100, -100, -100, -100, -100, -100, -100, -100, -100, -100, -100, -100, -100, -100, -100, -100, -100, -100, -100, -100, -100, -100, -100, -100, -100, -100, -100, -100, -100, -100, -100, -100, -100, -100, -100, -100, -100, -100, -100, -100, -100, -100, -100, -100, -100, -100, -100, -100, -100, -100, -100, -100, -100, -100, -100, -100, -100, -100, -100, -100, -100, -100, -100, -100, -100, -100, -100, -100, -100, -100, -100, -100, -100, -100, -100, -100, -100, -100, -100, -100, -100, -100, -100, -100, -100, -100, -100, -100, -100, -100, -100, -100, -100, -100, -100, -100, -100, -100, -100, -100, -100, -100, -100, -100, -100, -100, -100, -100, -100, -100, -100, -100, -100, -100, -100, -100, -100, -100, -100, -100, -100, -100, -100, -100, -100, -100, -100, -100, -100, -100, -100, -100, -100, -100, -100, -100, -100, -100, -100, -100, -100, -100, -100, -100, -100, -100, -100, -100, -100, -100, -100, -100, -100, -100, -100, -100, -100, -100, -100, -100, -100, -100, -100, -100, -100, -100, -100, -100, -100, -100, -100, -100, -100, -100, -100, -100, -100, -100, -100, -100, -100, -100, -100, -100, -100, -100, -100, -100, -100, -100, -100, -100, -100, -100, -100, -100, -100, -100, -100, -100, -100, -100, -100, -100, -100, -100, -100, -100, -100, -100, -100, -100, -100, -100, -100, -100, -100, -100, -100, -100, -100, -100, -100, -100, -100, -100, -100, -100, -100, -100, -100, -100, -100, -100, -100, -100, -100, -100, -100, -100, -100, -100, -100, -100, -100, -100, -100, -100, -100, -100, -100, -100, -100, -100, -100, -100, -100, -100, -100, -100, -100, -100, -100, -100, -100, -100, -100, -100, -100, -100, -100, -100, -100, -100, -100, -100, -100, -100, -100, -100, -100, -100, -100, -100, -100, -100, -100, -100, -100, -100, -100, -100, -100, -100, -100, -100, -100, -100, -100, -100, -100, -100, -100, -100, -100, -100, -100, -100, -100, -100, -100, -100, -100, -100, -100, -100, -100, -100, -100, -100, -100, -100, -100, -100, -100, -100, -100, -100, -100, -100, -100, -100, -100, -100, -100, -100, -100, -100, -100, -100, -100, -100, -100, -100, -100, -100, -100, -100, -100, -100, -100, -100, -100, -100, -100, -100, -100, -100, -100, -100, -100, -100, -100, -100, -100, -100, -100, -100, -100, -100, -100, -100, -100, -100, -100, -100, -100, -100, -100, -100, -100, -100, -100, -100, -100, -100, -100, -100, -100, -100, -100, -100, -100, -100, -100, -100, -100, -100, -100, -100, -100, -100, -100, -100, -100, -100, -100, -100, -100, -100, -100, -100, -100, -100, -100, -100, -100, -100, -100, -100, -100, -100, -100, -100, -100, -100, -100, -100, -100, -100, -100, -100, -100, -100, -100, -100, -100, -100, -100, -100, -100, -100, -100, -100, -100, -100, -100, -100, -100, -100, -100, -100, -100, -100, -100, -100, -100, -100, -100, -100, -100, -100, -100, -100, -100, -100, -100, -100, -100, -100, -100, -100, -100, -100, -100, -100, -100, -100, -100, -100, -100, -100, -100, -100, -100, -100, -100, -100, -100, -100, -100, -100, -100, -100, -100, -100, -100, -100, -100, -100, -100, -100, -100, -100, -100, -100, -100, -100, -100, -100, -100, -100, -100, -100, -100, -100, -100, -100, -100, -100, -100, -100, -100, -100, -100, -100, -100, -100, -100, -100, -100, -100, -100, -100, -100, -100, -100, -100, -100, -100, -100, -100, -100, -100, -100, -100, -100, -100, -100, -100, -100, -100, -100, -100, -100, -100, -100, -100, -100, -100, -100, -100, -100, -100, -100, -100, -100, -100, -100, -100, -100, -100, -100, -100, -100, -100, -100, -100, -100, -100, -100, -100, -100, -100, -100, -100, -100, -100, -100, -100, -100, -100, -100, -100, -100, -100, -100, -100, -100, -100, -100, -100, -100, -100, 3048, 236789, 500, 1447, 236764, 506, 26885, 13315, 564, 3847, 236764, 623, 902, 496, 13832, 5395, 236764, 1023, 2434, 78543, 524, 14549, 11298, 531, 72052, 506, 11860, 2881, 236764, 496, 2307, 4430, 5367, 13889, 528, 7384, 10471, 2098, 1677, 17308, 496, 5113, 529, 60055, 532, 8020, 236764, 840, 625, 39559, 1070, 529, 506, 3530, 4889, 699, 506, 3303, 13315, 236761, 108, 818, 3303, 26885, 13315, 236764, 623, 236776, 5395, 691, 4247, 531, 3249, 506, 11860, 2881, 532, 6054, 506, 1791, 3003, 529, 2970, 531, 3345, 1091, 1063, 2098, 25010, 5022, 506, 5708, 529, 506, 5395, 236787, 531, 3249, 506, 11860, 2881, 532, 2229, 872, 607, 496, 2731, 531, 3345, 1091, 1063, 236761, 669, 26885, 13315, 564, 3847, 13074, 600, 506, 5395, 563, 1003, 506, 11860, 2881, 236764, 840, 625, 4038, 236789, 236745, 25010, 1883, 506, 5671, 529, 11806, 1091, 1063, 236761, 108, 2021, 15161, 496, 7002, 1534, 93954, 8020, 532, 6655, 3530, 4889, 236764, 496, 26885, 13315, 1451, 577, 236787, 623, 902, 496, 13832, 5395, 236764, 1023, 2434, 21508, 531, 3249, 506, 11860, 2881, 532, 1668, 496, 7545, 531, 3345, 1063, 672, 2307, 4430, 236764, 5367, 13889, 528, 7384, 10471, 1781, 1174, 13315, 106673, 506, 8020, 529, 506, 5395, 236764, 25010, 5022, 506, 5708, 529, 506, 8699, 236764, 532, 4728, 4403, 1003, 506, 4430, 236789, 236751, 17141, 236761, 106, 107]
labels:
You're right, the revised sentence I provided, "In a crucial meeting, our team brainstormed innovative strategies to revive the Johnson account, a key client worth millions in annual revenue," does convey a sense of urgency and importance, but it loses some of the specific details from the original sentence.

The original revised sentence, "A meeting was held to discuss the Johnson account and determine the best course of action to win them back," explicitly states the purpose of the meeting: to discuss the Johnson account and come up with a plan to win them back. The revised sentence I provided implies that the meeting is about the Johnson account, but it doesn't explicitly state the goal of winning them back.

To strike a balance between conveying importance and providing specific details, a revised sentence could be: "In a crucial meeting, our team gathered to discuss the Johnson account and develop a strategy to win back this key client, worth millions in annual revenue." This sentence conveys the importance of the meeting, explicitly states the purpose of the discussion, and provides context about the client's significance.<end_of_turn>

[INFO|hub.py:421] 2025-11-27 02:03:40,411 >> Offline mode: forcing local_files_only=True
[INFO|configuration_utils.py:765] 2025-11-27 02:03:40,412 >> loading configuration file config.json from cache at /p/scratch/laionize/raj3/.cache/models--laineyyy--openeurollm-datamix-2b-en-80pct-DPO-HelpSteer3/snapshots/555ecf0c308e522e0432fea75ea47f840e04e81f/config.json
[INFO|hub.py:421] 2025-11-27 02:03:40,411 >> Offline mode: forcing local_files_only=True
[INFO|configuration_utils.py:765] 2025-11-27 02:03:40,414 >> loading configuration file config.json from cache at /p/scratch/laionize/raj3/.cache/models--laineyyy--openeurollm-datamix-2b-en-80pct-DPO-HelpSteer3/snapshots/555ecf0c308e522e0432fea75ea47f840e04e81f/config.json
[INFO|configuration_utils.py:839] 2025-11-27 02:03:40,418 >> Model config LlamaConfig {
  "architectures": [
    "LlamaForCausalLM"
  ],
  "attention_bias": false,
  "attention_dropout": 0.0,
  "bos_token_id": 2,
  "dtype": "bfloat16",
  "eos_token_id": 1,
  "head_dim": 64,
  "hidden_act": "silu",
  "hidden_size": 2048,
  "initializer_range": 0.02,
  "intermediate_size": 8192,
  "max_position_embeddings": 2048,
  "mlp_bias": false,
  "model_type": "llama",
  "num_attention_heads": 32,
  "num_hidden_layers": 24,
  "num_key_value_heads": 32,
  "pad_token_id": 0,
  "pretraining_tp": 1,
  "rms_norm_eps": 1e-05,
  "rope_scaling": null,
  "rope_theta": 10000,
  "tie_word_embeddings": true,
  "transformers_version": "4.57.0",
  "use_cache": false,
  "vocab_size": 262272
}

[INFO|2025-11-27 02:03:40] llamafactory.model.model_utils.rope:143 >> Enlarge max model length from 2048 to 16384.0.
[INFO|2025-11-27 02:03:40] llamafactory.model.model_utils.rope:143 >> Using yarn scaling strategy and setting scaling factor to 8.0.
[INFO|2025-11-27 02:03:40] llamafactory.model.model_utils.kv_cache:143 >> KV cache is disabled during training.
[INFO|configuration_utils.py:839] 2025-11-27 02:03:40,422 >> Model config LlamaConfig {
  "architectures": [
    "LlamaForCausalLM"
  ],
  "attention_bias": false,
  "attention_dropout": 0.0,
  "bos_token_id": 2,
  "dtype": "bfloat16",
  "eos_token_id": 1,
  "head_dim": 64,
  "hidden_act": "silu",
  "hidden_size": 2048,
  "initializer_range": 0.02,
  "intermediate_size": 8192,
  "max_position_embeddings": 2048,
  "mlp_bias": false,
  "model_type": "llama",
  "num_attention_heads": 32,
  "num_hidden_layers": 24,
  "num_key_value_heads": 32,
  "pad_token_id": 0,
  "pretraining_tp": 1,
  "rms_norm_eps": 1e-05,
  "rope_scaling": null,
  "rope_theta": 10000,
  "tie_word_embeddings": true,
  "transformers_version": "4.57.0",
  "use_cache": false,
  "vocab_size": 262272
}

[INFO|2025-11-27 02:03:40] llamafactory.model.model_utils.rope:143 >> Enlarge max model length from 2048 to 16384.0.
[INFO|2025-11-27 02:03:40] llamafactory.model.model_utils.rope:143 >> Using yarn scaling strategy and setting scaling factor to 8.0.
[INFO|2025-11-27 02:03:40] llamafactory.model.model_utils.kv_cache:143 >> KV cache is disabled during training.
[INFO|2025-11-27 02:03:40] llamafactory.model.model_utils.liger_kernel:143 >> Liger kernel has been applied to the model.
[INFO|2025-11-27 02:03:40] llamafactory.model.model_utils.liger_kernel:143 >> Liger kernel has been applied to the model.
[INFO|hub.py:421] 2025-11-27 02:03:40,840 >> Offline mode: forcing local_files_only=True
[INFO|hub.py:421] 2025-11-27 02:03:40,841 >> Offline mode: forcing local_files_only=True
[INFO|modeling_utils.py:4840] 2025-11-27 02:03:40,841 >> Offline mode: forcing local_files_only=True
[INFO|hub.py:421] 2025-11-27 02:03:40,855 >> Offline mode: forcing local_files_only=True
[INFO|hub.py:421] 2025-11-27 02:03:40,856 >> Offline mode: forcing local_files_only=True
[INFO|modeling_utils.py:4840] 2025-11-27 02:03:40,856 >> Offline mode: forcing local_files_only=True
[INFO|modeling_utils.py:1176] 2025-11-27 02:03:40,867 >> loading weights file model.safetensors from cache at /p/scratch/laionize/raj3/.cache/models--laineyyy--openeurollm-datamix-2b-en-80pct-DPO-HelpSteer3/snapshots/555ecf0c308e522e0432fea75ea47f840e04e81f/model.safetensors
[INFO|modeling_utils.py:1176] 2025-11-27 02:03:40,868 >> loading weights file model.safetensors from cache at /p/scratch/laionize/raj3/.cache/models--laineyyy--openeurollm-datamix-2b-en-80pct-DPO-HelpSteer3/snapshots/555ecf0c308e522e0432fea75ea47f840e04e81f/model.safetensors
[INFO|modeling_utils.py:4377] 2025-11-27 02:03:40,918 >> Detected DeepSpeed ZeRO-3: activating zero.init() for this model
[2025-11-27 02:03:40,918] [INFO] [config.py:735:__init__] Config mesh_device None world_size = 8
[INFO|modeling_utils.py:4377] 2025-11-27 02:03:40,924 >> Detected DeepSpeed ZeRO-3: activating zero.init() for this model
[2025-11-27 02:03:40,924] [INFO] [config.py:735:__init__] Config mesh_device None world_size = 8
[INFO|configuration_utils.py:986] 2025-11-27 02:03:40,933 >> Generate config GenerationConfig {
  "bos_token_id": 2,
  "eos_token_id": 1,
  "pad_token_id": 0,
  "use_cache": false
}

[INFO|configuration_utils.py:986] 2025-11-27 02:03:40,935 >> Generate config GenerationConfig {
  "bos_token_id": 2,
  "eos_token_id": 1,
  "pad_token_id": 0,
  "use_cache": false
}

[2025-11-27 02:03:41,196] [INFO] [config.py:735:__init__] Config mesh_device None world_size = 8
[2025-11-27 02:03:41,231] [INFO] [config.py:735:__init__] Config mesh_device None world_size = 8
[2025-11-27 02:03:41,236] [INFO] [config.py:735:__init__] Config mesh_device None world_size = 8
[2025-11-27 02:03:41,263] [INFO] [config.py:735:__init__] Config mesh_device None world_size = 8
[2025-11-27 02:03:41,264] [INFO] [config.py:735:__init__] Config mesh_device None world_size = 8
[2025-11-27 02:03:41,264] [INFO] [config.py:735:__init__] Config mesh_device None world_size = 8
[2025-11-27 02:03:43,231] [INFO] [partition_parameters.py:348:__exit__] finished initializing model - num_params = 219, num_elems = 2.68B
[INFO|configuration_utils.py:941] 2025-11-27 02:03:54,377 >> loading configuration file generation_config.json from cache at /p/scratch/laionize/raj3/.cache/models--laineyyy--openeurollm-datamix-2b-en-80pct-DPO-HelpSteer3/snapshots/555ecf0c308e522e0432fea75ea47f840e04e81f/generation_config.json
[INFO|configuration_utils.py:986] 2025-11-27 02:03:54,378 >> Generate config GenerationConfig {
  "bos_token_id": 2,
  "eos_token_id": [
    1
  ],
  "pad_token_id": 0,
  "use_cache": false
}

[INFO|dynamic_module_utils.py:423] 2025-11-27 02:03:54,379 >> Could not locate the custom_generate/generate.py inside laineyyy/openeurollm-datamix-2b-en-80pct-DPO-HelpSteer3.
[INFO|2025-11-27 02:03:54] llamafactory.model.model_utils.checkpointing:143 >> Gradient checkpointing enabled.
[INFO|2025-11-27 02:03:54] llamafactory.model.model_utils.attention:143 >> Using torch SDPA for faster training and inference.
[INFO|2025-11-27 02:03:54] llamafactory.model.adapter:143 >> DeepSpeed ZeRO3 detected, remaining trainable params in float32.
[INFO|2025-11-27 02:03:54] llamafactory.model.adapter:143 >> Fine-tuning method: Full
[INFO|2025-11-27 02:03:54] llamafactory.model.loader:143 >> trainable params: 2,147,846,144 || all params: 2,147,846,144 || trainable%: 100.0000
The tokenizer has new PAD/BOS/EOS tokens that differ from the model config and generation config. The model config and generation config were aligned accordingly, being updated with the tokenizer's values. Updated tokens: {'eos_token_id': 106}.
The tokenizer has new PAD/BOS/EOS tokens that differ from the model config and generation config. The model config and generation config were aligned accordingly, being updated with the tokenizer's values. Updated tokens: {'eos_token_id': 106}.
The tokenizer has new PAD/BOS/EOS tokens that differ from the model config and generation config. The model config and generation config were aligned accordingly, being updated with the tokenizer's values. Updated tokens: {'eos_token_id': 106}.
The tokenizer has new PAD/BOS/EOS tokens that differ from the model config and generation config. The model config and generation config were aligned accordingly, being updated with the tokenizer's values. Updated tokens: {'eos_token_id': 106}.
The tokenizer has new PAD/BOS/EOS tokens that differ from the model config and generation config. The model config and generation config were aligned accordingly, being updated with the tokenizer's values. Updated tokens: {'eos_token_id': 106}.
The tokenizer has new PAD/BOS/EOS tokens that differ from the model config and generation config. The model config and generation config were aligned accordingly, being updated with the tokenizer's values. Updated tokens: {'eos_token_id': 106}.
[INFO|trainer.py:749] 2025-11-27 02:03:54,419 >> Using auto half precision backend
[WARNING|trainer.py:982] 2025-11-27 02:03:54,421 >> The tokenizer has new PAD/BOS/EOS tokens that differ from the model config and generation config. The model config and generation config were aligned accordingly, being updated with the tokenizer's values. Updated tokens: {'eos_token_id': 106}.
[INFO|configuration_utils.py:941] 2025-11-27 02:03:57,628 >> loading configuration file generation_config.json from cache at /p/scratch/laionize/raj3/.cache/models--laineyyy--openeurollm-datamix-2b-en-80pct-DPO-HelpSteer3/snapshots/555ecf0c308e522e0432fea75ea47f840e04e81f/generation_config.json
[INFO|configuration_utils.py:986] 2025-11-27 02:03:57,629 >> Generate config GenerationConfig {
  "bos_token_id": 2,
  "eos_token_id": [
    1
  ],
  "pad_token_id": 0,
  "use_cache": false
}

[INFO|dynamic_module_utils.py:423] 2025-11-27 02:03:57,629 >> Could not locate the custom_generate/generate.py inside laineyyy/openeurollm-datamix-2b-en-80pct-DPO-HelpSteer3.
[INFO|2025-11-27 02:03:57] llamafactory.model.model_utils.checkpointing:143 >> Gradient checkpointing enabled.
[INFO|2025-11-27 02:03:57] llamafactory.model.model_utils.attention:143 >> Using torch SDPA for faster training and inference.
[INFO|2025-11-27 02:03:57] llamafactory.model.adapter:143 >> DeepSpeed ZeRO3 detected, remaining trainable params in float32.
[INFO|2025-11-27 02:03:57] llamafactory.model.adapter:143 >> Fine-tuning method: Full
[INFO|2025-11-27 02:03:57] llamafactory.model.loader:143 >> trainable params: 2,147,846,144 || all params: 2,147,846,144 || trainable%: 100.0000
[INFO|trainer.py:749] 2025-11-27 02:03:57,659 >> Using auto half precision backend
[WARNING|2025-11-27 02:03:57] llamafactory.train.callbacks:154 >> Previous trainer log in this folder will be deleted.
[WARNING|trainer.py:982] 2025-11-27 02:03:57,689 >> The tokenizer has new PAD/BOS/EOS tokens that differ from the model config and generation config. The model config and generation config were aligned accordingly, being updated with the tokenizer's values. Updated tokens: {'eos_token_id': 106}.
Using /p/home/jusers/raj3/juwels/.cache/torch_extensions/py311_cu124 as PyTorch extensions root...
Detected CUDA files, patching ldflags
Emitting ninja build file /p/home/jusers/raj3/juwels/.cache/torch_extensions/py311_cu124/cpu_adam/build.ninja...
/opt/conda/lib/python3.11/site-packages/torch/utils/cpp_extension.py:2059: UserWarning: TORCH_CUDA_ARCH_LIST is not set, all archs for visible cards are included for compilation. 
If this is not desired, please set os.environ['TORCH_CUDA_ARCH_LIST'].
  warnings.warn(
Building extension module cpu_adam...
Using envvar MAX_JOBS (16) as the number of workers...
ninja: no work to do.
Loading extension module cpu_adam...
Time to load cpu_adam op: 2.5923848152160645 seconds
Using /p/home/jusers/raj3/juwels/.cache/torch_extensions/py311_cu124 as PyTorch extensions root...
Using /p/home/jusers/raj3/juwels/.cache/torch_extensions/py311_cu124 as PyTorch extensions root...
Using /p/home/jusers/raj3/juwels/.cache/torch_extensions/py311_cu124 as PyTorch extensions root...
Detected CUDA files, patching ldflags
Emitting ninja build file /p/home/jusers/raj3/juwels/.cache/torch_extensions/py311_cu124/cpu_adam/build.ninja...
/opt/conda/lib/python3.11/site-packages/torch/utils/cpp_extension.py:2059: UserWarning: TORCH_CUDA_ARCH_LIST is not set, all archs for visible cards are included for compilation. 
If this is not desired, please set os.environ['TORCH_CUDA_ARCH_LIST'].
  warnings.warn(
Building extension module cpu_adam...
Using envvar MAX_JOBS (16) as the number of workers...
ninja: no work to do.
Loading extension module cpu_adam...
Time to load cpu_adam op: 2.629840612411499 seconds
Loading extension module cpu_adam...
Loading extension module cpu_adam...
Time to load cpu_adam op: 2.6278648376464844 seconds
Time to load cpu_adam op: 2.637943983078003 seconds
[INFO|deepspeed.py:383] 2025-11-27 02:07:48,172 >> Detected ZeRO Offload and non-DeepSpeed optimizers: This combination should work as long as the custom optimizer has both CPU and GPU implementation (except LAMB)
Using /p/home/jusers/raj3/juwels/.cache/torch_extensions/py311_cu124 as PyTorch extensions root...
Detected CUDA files, patching ldflags
Emitting ninja build file /p/home/jusers/raj3/juwels/.cache/torch_extensions/py311_cu124/cpu_adam/build.ninja...
/opt/conda/lib/python3.11/site-packages/torch/utils/cpp_extension.py:2059: UserWarning: TORCH_CUDA_ARCH_LIST is not set, all archs for visible cards are included for compilation. 
If this is not desired, please set os.environ['TORCH_CUDA_ARCH_LIST'].
  warnings.warn(
Building extension module cpu_adam...
Using envvar MAX_JOBS (16) as the number of workers...
ninja: no work to do.
Loading extension module cpu_adam...
Time to load cpu_adam op: 2.398726463317871 seconds
Using /p/home/jusers/raj3/juwels/.cache/torch_extensions/py311_cu124 as PyTorch extensions root...
Detected CUDA files, patching ldflags
Emitting ninja build file /p/home/jusers/raj3/juwels/.cache/torch_extensions/py311_cu124/cpu_adam/build.ninja...
/opt/conda/lib/python3.11/site-packages/torch/utils/cpp_extension.py:2059: UserWarning: TORCH_CUDA_ARCH_LIST is not set, all archs for visible cards are included for compilation. 
If this is not desired, please set os.environ['TORCH_CUDA_ARCH_LIST'].
  warnings.warn(
Building extension module cpu_adam...
Using envvar MAX_JOBS (16) as the number of workers...
ninja: no work to do.
Loading extension module cpu_adam...
Time to load cpu_adam op: 2.3901915550231934 seconds
Gradient accumulation steps mismatch: GradientAccumulationPlugin has 1, DeepSpeed config has 2. Using DeepSpeed's value.
[INFO|deepspeed.py:383] 2025-11-27 02:07:50,688 >> Detected ZeRO Offload and non-DeepSpeed optimizers: This combination should work as long as the custom optimizer has both CPU and GPU implementation (except LAMB)
Using /p/home/jusers/raj3/juwels/.cache/torch_extensions/py311_cu124 as PyTorch extensions root...
Detected CUDA files, patching ldflags
Emitting ninja build file /p/home/jusers/raj3/juwels/.cache/torch_extensions/py311_cu124/cpu_adam/build.ninja...
/opt/conda/lib/python3.11/site-packages/torch/utils/cpp_extension.py:2059: UserWarning: TORCH_CUDA_ARCH_LIST is not set, all archs for visible cards are included for compilation. 
If this is not desired, please set os.environ['TORCH_CUDA_ARCH_LIST'].
  warnings.warn(
Building extension module cpu_adam...
Using envvar MAX_JOBS (16) as the number of workers...
ninja: no work to do.
Loading extension module cpu_adam...
Time to load cpu_adam op: 2.396108388900757 seconds
Adam Optimizer #0 is created with AVX2 arithmetic capability.
Config: alpha=0.000200, betas=(0.900000, 0.999000), weight_decay=0.010000, adam_w=1
[2025-11-27 02:07:51,769] [INFO] [config.py:735:__init__] Config mesh_device None world_size = 8
Using /p/home/jusers/raj3/juwels/.cache/torch_extensions/py311_cu124 as PyTorch extensions root...
Detected CUDA files, patching ldflags
Emitting ninja build file /p/home/jusers/raj3/juwels/.cache/torch_extensions/py311_cu124/cpu_adam/build.ninja...
/opt/conda/lib/python3.11/site-packages/torch/utils/cpp_extension.py:2059: UserWarning: TORCH_CUDA_ARCH_LIST is not set, all archs for visible cards are included for compilation. 
If this is not desired, please set os.environ['TORCH_CUDA_ARCH_LIST'].
  warnings.warn(
Building extension module cpu_adam...
Using envvar MAX_JOBS (16) as the number of workers...
ninja: no work to do.
Loading extension module cpu_adam...
Time to load cpu_adam op: 2.4038586616516113 seconds
Adam Optimizer #0 is created with AVX2 arithmetic capability.
Config: alpha=0.000200, betas=(0.900000, 0.999000), weight_decay=0.010000, adam_w=1
[2025-11-27 02:07:54,293] [INFO] [logging.py:107:log_dist] [Rank 0] DeepSpeed info: version=0.16.9, git-hash=unknown, git-branch=unknown
[2025-11-27 02:07:54,293] [INFO] [config.py:735:__init__] Config mesh_device None world_size = 8
[2025-11-27 02:07:54,303] [INFO] [logging.py:107:log_dist] [Rank 0] DeepSpeed Flops Profiler Enabled: False
[2025-11-27 02:07:54,304] [INFO] [logging.py:107:log_dist] [Rank 0] Using client Optimizer as basic optimizer
[2025-11-27 02:07:54,304] [INFO] [logging.py:107:log_dist] [Rank 0] Removing param_group that has no 'params' in the basic Optimizer
[2025-11-27 02:07:54,308] [INFO] [logging.py:107:log_dist] [Rank 0] DeepSpeed Basic Optimizer = DeepSpeedCPUAdam
[2025-11-27 02:07:54,308] [INFO] [utils.py:59:is_zero_supported_optimizer] Checking ZeRO support for optimizer=DeepSpeedCPUAdam type=<class 'deepspeed.ops.adam.cpu_adam.DeepSpeedCPUAdam'>
[2025-11-27 02:07:54,308] [INFO] [logging.py:107:log_dist] [Rank 0] Creating fp16 ZeRO stage 3 optimizer, MiCS is enabled False, Hierarchical params gather False
[2025-11-27 02:07:54,308] [INFO] [logging.py:107:log_dist] [Rank 0] Creating torch.bfloat16 ZeRO stage 3 optimizer
[2025-11-27 02:07:54,705] [INFO] [utils.py:781:see_memory_usage] Stage 3 initialize beginning
[2025-11-27 02:07:54,706] [INFO] [utils.py:782:see_memory_usage] MA 0.5 GB         Max_MA 3.5 GB         CA 0.51 GB         Max_CA 4 GB 
[2025-11-27 02:07:54,706] [INFO] [utils.py:789:see_memory_usage] CPU Virtual Memory:  used = 44.64 GB, percent = 8.9%
[2025-11-27 02:07:54,707] [INFO] [stage3.py:170:__init__] Reduce bucket size 4194304
[2025-11-27 02:07:54,707] [INFO] [stage3.py:171:__init__] Prefetch bucket size 3774873
[2025-11-27 02:07:54,917] [INFO] [utils.py:781:see_memory_usage] DeepSpeedZeRoOffload initialize [begin]
[2025-11-27 02:07:54,918] [INFO] [utils.py:782:see_memory_usage] MA 0.5 GB         Max_MA 0.5 GB         CA 0.51 GB         Max_CA 1 GB 
[2025-11-27 02:07:54,918] [INFO] [utils.py:789:see_memory_usage] CPU Virtual Memory:  used = 44.64 GB, percent = 8.9%
Parameter Offload: Total persistent parameters: 100352 in 49 params
[2025-11-27 02:07:55,166] [INFO] [utils.py:781:see_memory_usage] DeepSpeedZeRoOffload initialize [end]
[2025-11-27 02:07:55,166] [INFO] [utils.py:782:see_memory_usage] MA 0.5 GB         Max_MA 0.5 GB         CA 0.51 GB         Max_CA 1 GB 
[2025-11-27 02:07:55,167] [INFO] [utils.py:789:see_memory_usage] CPU Virtual Memory:  used = 44.64 GB, percent = 8.9%
[2025-11-27 02:07:55,384] [INFO] [utils.py:781:see_memory_usage] Before creating fp16 partitions
[2025-11-27 02:07:55,384] [INFO] [utils.py:782:see_memory_usage] MA 0.5 GB         Max_MA 0.5 GB         CA 0.51 GB         Max_CA 1 GB 
[2025-11-27 02:07:55,384] [INFO] [utils.py:789:see_memory_usage] CPU Virtual Memory:  used = 44.64 GB, percent = 8.9%
[2025-11-27 02:07:56,109] [INFO] [utils.py:781:see_memory_usage] After creating fp16 partitions: 2
[2025-11-27 02:07:56,110] [INFO] [utils.py:782:see_memory_usage] MA 0.5 GB         Max_MA 0.5 GB         CA 0.51 GB         Max_CA 1 GB 
[2025-11-27 02:07:56,110] [INFO] [utils.py:789:see_memory_usage] CPU Virtual Memory:  used = 49.59 GB, percent = 9.9%
[2025-11-27 02:07:56,345] [INFO] [utils.py:781:see_memory_usage] Before creating fp32 partitions
[2025-11-27 02:07:56,345] [INFO] [utils.py:782:see_memory_usage] MA 0.5 GB         Max_MA 0.5 GB         CA 0.51 GB         Max_CA 1 GB 
[2025-11-27 02:07:56,346] [INFO] [utils.py:789:see_memory_usage] CPU Virtual Memory:  used = 50.16 GB, percent = 10.0%
[2025-11-27 02:07:56,812] [INFO] [utils.py:781:see_memory_usage] After creating fp32 partitions
[2025-11-27 02:07:56,812] [INFO] [utils.py:782:see_memory_usage] MA 0.5 GB         Max_MA 0.5 GB         CA 0.51 GB         Max_CA 1 GB 
[2025-11-27 02:07:56,813] [INFO] [utils.py:789:see_memory_usage] CPU Virtual Memory:  used = 51.58 GB, percent = 10.2%
[2025-11-27 02:07:57,080] [INFO] [utils.py:781:see_memory_usage] Before initializing optimizer states
[2025-11-27 02:07:57,081] [INFO] [utils.py:782:see_memory_usage] MA 0.5 GB         Max_MA 0.5 GB         CA 0.51 GB         Max_CA 1 GB 
[2025-11-27 02:07:57,081] [INFO] [utils.py:789:see_memory_usage] CPU Virtual Memory:  used = 55.91 GB, percent = 11.1%
[2025-11-27 02:07:57,518] [INFO] [utils.py:781:see_memory_usage] After initializing optimizer states
[2025-11-27 02:07:57,519] [INFO] [utils.py:782:see_memory_usage] MA 0.5 GB         Max_MA 0.5 GB         CA 0.51 GB         Max_CA 1 GB 
[2025-11-27 02:07:57,519] [INFO] [utils.py:789:see_memory_usage] CPU Virtual Memory:  used = 56.03 GB, percent = 11.1%
[2025-11-27 02:07:57,519] [INFO] [stage3.py:534:_setup_for_real_optimizer] optimizer state initialized
[INFO|trainer.py:2519] 2025-11-27 02:07:58,676 >> ***** Running training *****
[INFO|trainer.py:2520] 2025-11-27 02:07:58,676 >>   Num examples = 51,927
[INFO|trainer.py:2521] 2025-11-27 02:07:58,676 >>   Num Epochs = 1
[INFO|trainer.py:2522] 2025-11-27 02:07:58,676 >>   Instantaneous batch size per device = 2
[INFO|trainer.py:2525] 2025-11-27 02:07:58,676 >>   Total train batch size (w. parallel, distributed & accumulation) = 32
[INFO|trainer.py:2526] 2025-11-27 02:07:58,676 >>   Gradient Accumulation steps = 2
[INFO|trainer.py:2527] 2025-11-27 02:07:58,676 >>   Total optimization steps = 1,623
[INFO|trainer.py:2528] 2025-11-27 02:07:58,677 >>   Number of trainable parameters = 2,147,846,144
[2025-11-27 02:07:58,906] [INFO] [utils.py:781:see_memory_usage] After initializing ZeRO optimizer
[2025-11-27 02:07:58,907] [INFO] [utils.py:782:see_memory_usage] MA 0.51 GB         Max_MA 2.51 GB         CA 2.52 GB         Max_CA 3 GB 
[2025-11-27 02:07:58,907] [INFO] [utils.py:789:see_memory_usage] CPU Virtual Memory:  used = 56.21 GB, percent = 11.2%
[2025-11-27 02:07:58,907] [INFO] [logging.py:107:log_dist] [Rank 0] DeepSpeed Final Optimizer = DeepSpeedZeroOptimizer_Stage3
[2025-11-27 02:07:58,907] [INFO] [logging.py:107:log_dist] [Rank 0] DeepSpeed using configured LR scheduler = None
[2025-11-27 02:07:58,907] [INFO] [logging.py:107:log_dist] [Rank 0] DeepSpeed LR Scheduler = None
[2025-11-27 02:07:58,907] [INFO] [logging.py:107:log_dist] [Rank 0] step=0, skipped=0, lr=[0.0, 0.0], mom=[(0.9, 0.999), (0.9, 0.999)]
[2025-11-27 02:07:58,908] [INFO] [config.py:1003:print] DeepSpeedEngine configuration:
[2025-11-27 02:07:58,909] [INFO] [config.py:1007:print]   activation_checkpointing_config  {
    "partition_activations": false, 
    "contiguous_memory_optimization": false, 
    "cpu_checkpointing": false, 
    "number_checkpoints": null, 
    "synchronize_checkpoint_boundary": false, 
    "profile": false
}
[2025-11-27 02:07:58,909] [INFO] [config.py:1007:print]   aio_config ................... {'block_size': 1048576, 'queue_depth': 8, 'intra_op_parallelism': 1, 'single_submit': False, 'overlap_events': True, 'use_gds': False}
[2025-11-27 02:07:58,909] [INFO] [config.py:1007:print]   amp_enabled .................. False
[2025-11-27 02:07:58,909] [INFO] [config.py:1007:print]   amp_params ................... False
[2025-11-27 02:07:58,909] [INFO] [config.py:1007:print]   autotuning_config ............ {
    "enabled": false, 
    "start_step": null, 
    "end_step": null, 
    "metric_path": null, 
    "arg_mappings": null, 
    "metric": "throughput", 
    "model_info": null, 
    "results_dir": "autotuning_results", 
    "exps_dir": "autotuning_exps", 
    "overwrite": true, 
    "fast": true, 
    "start_profile_step": 3, 
    "end_profile_step": 5, 
    "tuner_type": "gridsearch", 
    "tuner_early_stopping": 5, 
    "tuner_num_trials": 50, 
    "model_info_path": null, 
    "mp_size": 1, 
    "max_train_batch_size": null, 
    "min_train_batch_size": 1, 
    "max_train_micro_batch_size_per_gpu": 1.024000e+03, 
    "min_train_micro_batch_size_per_gpu": 1, 
    "num_tuning_micro_batch_sizes": 3
}
[2025-11-27 02:07:58,909] [INFO] [config.py:1007:print]   bfloat16_enabled ............. True
[2025-11-27 02:07:58,909] [INFO] [config.py:1007:print]   bfloat16_immediate_grad_update  True
[2025-11-27 02:07:58,909] [INFO] [config.py:1007:print]   checkpoint_parallel_write_pipeline  False
[2025-11-27 02:07:58,909] [INFO] [config.py:1007:print]   checkpoint_tag_validation_enabled  True
[2025-11-27 02:07:58,909] [INFO] [config.py:1007:print]   checkpoint_tag_validation_fail  False
[2025-11-27 02:07:58,909] [INFO] [config.py:1007:print]   comms_config ................. <deepspeed.comm.config.DeepSpeedCommsConfig object at 0x14ad73494690>
[2025-11-27 02:07:58,909] [INFO] [config.py:1007:print]   communication_data_type ...... None
[2025-11-27 02:07:58,909] [INFO] [config.py:1007:print]   compile_config ............... deepcompile=False free_activation=False offload_activation=False offload_opt_states=False double_buffer=True symmetric_memory=False debug_log=False offload_parameters=False sync_before_reduce=False sync_after_reduce=False sync_before_allgather=False sync_after_allgather=False
[2025-11-27 02:07:58,909] [INFO] [config.py:1007:print]   compression_config ........... {'weight_quantization': {'shared_parameters': {'enabled': False, 'quantizer_kernel': False, 'schedule_offset': 0, 'quantize_groups': 1, 'quantize_verbose': False, 'quantization_type': 'symmetric', 'quantize_weight_in_forward': False, 'rounding': 'nearest', 'fp16_mixed_quantize': False, 'quantize_change_ratio': 0.001}, 'different_groups': {}}, 'activation_quantization': {'shared_parameters': {'enabled': False, 'quantization_type': 'symmetric', 'range_calibration': 'dynamic', 'schedule_offset': 1000}, 'different_groups': {}}, 'sparse_pruning': {'shared_parameters': {'enabled': False, 'method': 'l1', 'schedule_offset': 1000}, 'different_groups': {}}, 'row_pruning': {'shared_parameters': {'enabled': False, 'method': 'l1', 'schedule_offset': 1000}, 'different_groups': {}}, 'head_pruning': {'shared_parameters': {'enabled': False, 'method': 'topk', 'schedule_offset': 1000}, 'different_groups': {}}, 'channel_pruning': {'shared_parameters': {'enabled': False, 'method': 'l1', 'schedule_offset': 1000}, 'different_groups': {}}, 'layer_reduction': {'enabled': False}}
[2025-11-27 02:07:58,909] [INFO] [config.py:1007:print]   curriculum_enabled_legacy .... False
[2025-11-27 02:07:58,909] [INFO] [config.py:1007:print]   curriculum_params_legacy ..... False
[2025-11-27 02:07:58,909] [INFO] [config.py:1007:print]   data_efficiency_config ....... {'enabled': False, 'seed': 1234, 'data_sampling': {'enabled': False, 'num_epochs': 1000, 'num_workers': 0, 'pin_memory': False, 'curriculum_learning': {'enabled': False}, 'dynamic_batching': {'enabled': False, 'lr_scaling_method': 'linear', 'min_batch_size': 1, 'max_batch_size': None, 'sequence_picking_order': 'dataloader', 'verbose': False}}, 'data_routing': {'enabled': False, 'random_ltd': {'enabled': False, 'layer_token_lr_schedule': {'enabled': False}}}}
[2025-11-27 02:07:58,909] [INFO] [config.py:1007:print]   data_efficiency_enabled ...... False
[2025-11-27 02:07:58,909] [INFO] [config.py:1007:print]   dataloader_drop_last ......... False
[2025-11-27 02:07:58,909] [INFO] [config.py:1007:print]   disable_allgather ............ False
[2025-11-27 02:07:58,909] [INFO] [config.py:1007:print]   dump_state ................... False
[2025-11-27 02:07:58,909] [INFO] [config.py:1007:print]   dynamic_loss_scale_args ...... None
[2025-11-27 02:07:58,909] [INFO] [config.py:1007:print]   eigenvalue_enabled ........... False
[2025-11-27 02:07:58,909] [INFO] [config.py:1007:print]   eigenvalue_gas_boundary_resolution  1
[2025-11-27 02:07:58,909] [INFO] [config.py:1007:print]   eigenvalue_layer_name ........ bert.encoder.layer
[2025-11-27 02:07:58,909] [INFO] [config.py:1007:print]   eigenvalue_layer_num ......... 0
[2025-11-27 02:07:58,909] [INFO] [config.py:1007:print]   eigenvalue_max_iter .......... 100
[2025-11-27 02:07:58,909] [INFO] [config.py:1007:print]   eigenvalue_stability ......... 1e-06
[2025-11-27 02:07:58,909] [INFO] [config.py:1007:print]   eigenvalue_tol ............... 0.01
[2025-11-27 02:07:58,909] [INFO] [config.py:1007:print]   eigenvalue_verbose ........... False
[2025-11-27 02:07:58,909] [INFO] [config.py:1007:print]   elasticity_enabled ........... False
[2025-11-27 02:07:58,909] [INFO] [config.py:1007:print]   flops_profiler_config ........ {
    "enabled": false, 
    "recompute_fwd_factor": 0.0, 
    "profile_step": 1, 
    "module_depth": -1, 
    "top_modules": 1, 
    "detailed": true, 
    "output_file": null
}
[2025-11-27 02:07:58,909] [INFO] [config.py:1007:print]   fp16_auto_cast ............... None
[2025-11-27 02:07:58,909] [INFO] [config.py:1007:print]   fp16_enabled ................. False
[2025-11-27 02:07:58,909] [INFO] [config.py:1007:print]   fp16_master_weights_and_gradients  False
[2025-11-27 02:07:58,909] [INFO] [config.py:1007:print]   global_rank .................. 0
[2025-11-27 02:07:58,909] [INFO] [config.py:1007:print]   grad_accum_dtype ............. None
[2025-11-27 02:07:58,909] [INFO] [config.py:1007:print]   gradient_accumulation_steps .. 2
[2025-11-27 02:07:58,909] [INFO] [config.py:1007:print]   gradient_clipping ............ 0.001
[2025-11-27 02:07:58,909] [INFO] [config.py:1007:print]   gradient_predivide_factor .... 1.0
[2025-11-27 02:07:58,909] [INFO] [config.py:1007:print]   graph_harvesting ............. False
[2025-11-27 02:07:58,909] [INFO] [config.py:1007:print]   hybrid_engine ................ enabled=False max_out_tokens=512 inference_tp_size=1 release_inference_cache=False pin_parameters=True tp_gather_partition_size=8
[2025-11-27 02:07:58,909] [INFO] [config.py:1007:print]   initial_dynamic_scale ........ 1
[2025-11-27 02:07:58,909] [INFO] [config.py:1007:print]   load_universal_checkpoint .... False
[2025-11-27 02:07:58,909] [INFO] [config.py:1007:print]   loss_scale ................... 1.0
[2025-11-27 02:07:58,910] [INFO] [config.py:1007:print]   memory_breakdown ............. False
[2025-11-27 02:07:58,910] [INFO] [config.py:1007:print]   mics_hierarchial_params_gather  False
[2025-11-27 02:07:58,910] [INFO] [config.py:1007:print]   mics_shard_size .............. -1
[2025-11-27 02:07:58,910] [INFO] [config.py:1007:print]   monitor_config ............... tensorboard=TensorBoardConfig(enabled=False, output_path='', job_name='DeepSpeedJobName') comet=CometConfig(enabled=False, samples_log_interval=100, project=None, workspace=None, api_key=None, experiment_name=None, experiment_key=None, online=None, mode=None) wandb=WandbConfig(enabled=False, group=None, team=None, project='deepspeed') csv_monitor=CSVConfig(enabled=False, output_path='', job_name='DeepSpeedJobName')
[2025-11-27 02:07:58,910] [INFO] [config.py:1007:print]   nebula_config ................ {
    "enabled": false, 
    "persistent_storage_path": null, 
    "persistent_time_interval": 100, 
    "num_of_version_in_retention": 2, 
    "enable_nebula_load": true, 
    "load_path": null
}
[2025-11-27 02:07:58,910] [INFO] [config.py:1007:print]   optimizer_legacy_fusion ...... False
[2025-11-27 02:07:58,910] [INFO] [config.py:1007:print]   optimizer_name ............... None
[2025-11-27 02:07:58,910] [INFO] [config.py:1007:print]   optimizer_params ............. None
[2025-11-27 02:07:58,910] [INFO] [config.py:1007:print]   pipeline ..................... {'stages': 'auto', 'partition': 'best', 'seed_layers': False, 'activation_checkpoint_interval': 0, 'pipe_partitioned': True, 'grad_partitioned': True}
[2025-11-27 02:07:58,910] [INFO] [config.py:1007:print]   pld_enabled .................. False
[2025-11-27 02:07:58,910] [INFO] [config.py:1007:print]   pld_params ................... False
[2025-11-27 02:07:58,910] [INFO] [config.py:1007:print]   prescale_gradients ........... False
[2025-11-27 02:07:58,910] [INFO] [config.py:1007:print]   scheduler_name ............... None
[2025-11-27 02:07:58,910] [INFO] [config.py:1007:print]   scheduler_params ............. None
[2025-11-27 02:07:58,910] [INFO] [config.py:1007:print]   seq_parallel_communication_data_type  torch.float32
[2025-11-27 02:07:58,910] [INFO] [config.py:1007:print]   sparse_attention ............. None
[2025-11-27 02:07:58,910] [INFO] [config.py:1007:print]   sparse_gradients_enabled ..... False
[2025-11-27 02:07:58,910] [INFO] [config.py:1007:print]   steps_per_print .............. inf
[2025-11-27 02:07:58,910] [INFO] [config.py:1007:print]   tensor_parallel_config ....... dtype=torch.float16 autotp_size=0 tp_overlap_comm=False tensor_parallel=TPConfig(tp_size=1, tp_grain_size=1, mpu=None, tp_group=None) injection_policy_tuple=None keep_module_on_host=False replace_with_kernel_inject=False
[2025-11-27 02:07:58,910] [INFO] [config.py:1007:print]   timers_config ................ enabled=True synchronized=True
[2025-11-27 02:07:58,910] [INFO] [config.py:1007:print]   train_batch_size ............. 32
[2025-11-27 02:07:58,910] [INFO] [config.py:1007:print]   train_micro_batch_size_per_gpu  2
[2025-11-27 02:07:58,910] [INFO] [config.py:1007:print]   use_data_before_expert_parallel_  False
[2025-11-27 02:07:58,910] [INFO] [config.py:1007:print]   use_node_local_storage ....... False
[2025-11-27 02:07:58,910] [INFO] [config.py:1007:print]   wall_clock_breakdown ......... False
[2025-11-27 02:07:58,910] [INFO] [config.py:1007:print]   weight_quantization_config ... None
[2025-11-27 02:07:58,910] [INFO] [config.py:1007:print]   world_size ................... 8
[2025-11-27 02:07:58,910] [INFO] [config.py:1007:print]   zero_allow_untested_optimizer  True
[2025-11-27 02:07:58,910] [INFO] [config.py:1007:print]   zero_config .................. stage=3 contiguous_gradients=True reduce_scatter=True reduce_bucket_size=4194304 use_multi_rank_bucket_allreduce=True allgather_partitions=True allgather_bucket_size=500000000 overlap_comm=False load_from_fp32_weights=True elastic_checkpoint=False offload_param=None offload_optimizer=DeepSpeedZeroOffloadOptimizerConfig(device='cpu', nvme_path=None, buffer_count=4, pin_memory=False, pipeline_read=False, pipeline_write=False, fast_init=False, ratio=1.0) sub_group_size=1000000000 cpu_offload_param=None cpu_offload_use_pin_memory=None cpu_offload=None prefetch_bucket_size=3774873 param_persistence_threshold=20480 model_persistence_threshold=9223372036854775807 max_live_parameters=1000000000 max_reuse_distance=1000000000 gather_16bit_weights_on_model_save=True module_granularity_threshold=0 use_all_reduce_for_fetch_params=False stage3_gather_fp16_weights_on_model_save=False ignore_unused_parameters=True legacy_stage1=False round_robin_gradients=False zero_hpz_partition_size=1 zero_quantized_weights=False zero_quantized_nontrainable_weights=False zero_quantized_gradients=False zeropp_loco_param=None mics_shard_size=-1 mics_hierarchical_params_gather=False memory_efficient_linear=True pipeline_loading_checkpoint=False override_module_apply=True log_trace_cache_warnings=False
[2025-11-27 02:07:58,910] [INFO] [config.py:1007:print]   zero_enabled ................. True
[2025-11-27 02:07:58,910] [INFO] [config.py:1007:print]   zero_force_ds_cpu_optimizer .. True
[2025-11-27 02:07:58,910] [INFO] [config.py:1007:print]   zero_optimization_stage ...... 3
[2025-11-27 02:07:58,910] [INFO] [config.py:993:print_user_config]   json = {
    "train_batch_size": 32, 
    "train_micro_batch_size_per_gpu": 2, 
    "gradient_accumulation_steps": 2, 
    "gradient_clipping": 0.001, 
    "zero_allow_untested_optimizer": true, 
    "zero_force_ds_cpu_optimizer": true, 
    "fp16": {
        "enabled": false, 
        "loss_scale": 0, 
        "loss_scale_window": 1000, 
        "initial_scale_power": 16, 
        "hysteresis": 2, 
        "min_loss_scale": 1
    }, 
    "bf16": {
        "enabled": true
    }, 
    "zero_optimization": {
        "stage": 3, 
        "offload_optimizer": {
            "device": "cpu", 
            "pin_memory": false
        }, 
        "overlap_comm": false, 
        "contiguous_gradients": true, 
        "sub_group_size": 1.000000e+09, 
        "reduce_bucket_size": 4.194304e+06, 
        "stage3_prefetch_bucket_size": 3.774873e+06, 
        "stage3_param_persistence_threshold": 2.048000e+04, 
        "stage3_max_live_parameters": 1.000000e+09, 
        "stage3_max_reuse_distance": 1.000000e+09, 
        "stage3_gather_16bit_weights_on_model_save": true
    }, 
    "steps_per_print": inf
}
[INFO|trainer.py:2519] 2025-11-27 02:07:58,912 >> ***** Running training *****
[INFO|trainer.py:2520] 2025-11-27 02:07:58,912 >>   Num examples = 51,927
[INFO|trainer.py:2521] 2025-11-27 02:07:58,912 >>   Num Epochs = 1
[INFO|trainer.py:2522] 2025-11-27 02:07:58,912 >>   Instantaneous batch size per device = 2
[INFO|trainer.py:2525] 2025-11-27 02:07:58,912 >>   Total train batch size (w. parallel, distributed & accumulation) = 32
[INFO|trainer.py:2526] 2025-11-27 02:07:58,912 >>   Gradient Accumulation steps = 2
[INFO|trainer.py:2527] 2025-11-27 02:07:58,912 >>   Total optimization steps = 1,623
[INFO|trainer.py:2528] 2025-11-27 02:07:58,913 >>   Number of trainable parameters = 2,147,846,144
  0%|          | 0/1623 [00:00<?, ?it/s]jwb0236:2712927:2714619 [0] NCCL INFO Comm config Blocking set to 1
jwb0236:2712930:2714618 [3] NCCL INFO Comm config Blocking set to 1
jwb0256:2197061:2198734 [1] NCCL INFO Comm config Blocking set to 1
jwb0256:2197060:2198739 [0] NCCL INFO Comm config Blocking set to 1
jwb0236:2712928:2714609 [1] NCCL INFO Comm config Blocking set to 1
jwb0256:2197063:2198719 [3] NCCL INFO Comm config Blocking set to 1
jwb0236:2712929:2714611 [2] NCCL INFO Comm config Blocking set to 1
jwb0236:2712927:2714633 [0] NCCL INFO Using non-device net plugin version 0
jwb0236:2712927:2714633 [0] NCCL INFO Using network Socket
jwb0236:2712930:2714634 [3] NCCL INFO Using non-device net plugin version 0
jwb0236:2712930:2714634 [3] NCCL INFO Using network Socket
jwb0256:2197061:2198744 [1] NCCL INFO Using non-device net plugin version 0
jwb0256:2197061:2198744 [1] NCCL INFO Using network Socket
jwb0236:2712928:2714635 [1] NCCL INFO Using non-device net plugin version 0
jwb0236:2712928:2714635 [1] NCCL INFO Using network Socket
jwb0256:2197060:2198743 [0] NCCL INFO Using non-device net plugin version 0
jwb0256:2197060:2198743 [0] NCCL INFO Using network Socket
jwb0256:2197063:2198745 [3] NCCL INFO Using non-device net plugin version 0
jwb0256:2197063:2198745 [3] NCCL INFO Using network Socket
jwb0256:2197062:2198731 [2] NCCL INFO Comm config Blocking set to 1
jwb0236:2712929:2714636 [2] NCCL INFO Using non-device net plugin version 0
jwb0236:2712929:2714636 [2] NCCL INFO Using network Socket
jwb0256:2197062:2198746 [2] NCCL INFO Using non-device net plugin version 0
jwb0256:2197062:2198746 [2] NCCL INFO Using network Socket
jwb0236:2712929:2714636 [2] NCCL INFO ncclCommInitRank comm 0x1463d40b2310 rank 2 nranks 8 cudaDev 2 nvmlDev 2 busId 84000 commId 0x9020116a8b0195e1 - Init START
jwb0236:2712930:2714634 [3] NCCL INFO ncclCommInitRank comm 0x151a780b1f10 rank 3 nranks 8 cudaDev 3 nvmlDev 3 busId c4000 commId 0x9020116a8b0195e1 - Init START
jwb0236:2712928:2714635 [1] NCCL INFO ncclCommInitRank comm 0x152a140b23d0 rank 1 nranks 8 cudaDev 1 nvmlDev 1 busId 44000 commId 0x9020116a8b0195e1 - Init START
jwb0236:2712927:2714633 [0] NCCL INFO ncclCommInitRank comm 0x14acec0b0fb0 rank 0 nranks 8 cudaDev 0 nvmlDev 0 busId 3000 commId 0x9020116a8b0195e1 - Init START
jwb0256:2197063:2198745 [3] NCCL INFO ncclCommInitRank comm 0x152aa80b3350 rank 7 nranks 8 cudaDev 3 nvmlDev 3 busId c4000 commId 0x9020116a8b0195e1 - Init START
jwb0256:2197062:2198746 [2] NCCL INFO ncclCommInitRank comm 0x1546c40b3290 rank 6 nranks 8 cudaDev 2 nvmlDev 2 busId 84000 commId 0x9020116a8b0195e1 - Init START
jwb0256:2197061:2198744 [1] NCCL INFO ncclCommInitRank comm 0x1529c00b3100 rank 5 nranks 8 cudaDev 1 nvmlDev 1 busId 44000 commId 0x9020116a8b0195e1 - Init START
jwb0256:2197060:2198743 [0] NCCL INFO ncclCommInitRank comm 0x14ae780b1480 rank 4 nranks 8 cudaDev 0 nvmlDev 0 busId 3000 commId 0x9020116a8b0195e1 - Init START
jwb0256:2197063:2198745 [3] NCCL INFO Setting affinity for GPU 3 to 0f,c0000000
jwb0256:2197063:2198745 [3] NCCL INFO NVLS multicast support is not available on dev 3
jwb0256:2197062:2198746 [2] NCCL INFO Setting affinity for GPU 2 to fc00,00000000
jwb0256:2197062:2198746 [2] NCCL INFO NVLS multicast support is not available on dev 2
jwb0256:2197061:2198744 [1] NCCL INFO Setting affinity for GPU 1 to 0fc0
jwb0256:2197061:2198744 [1] NCCL INFO NVLS multicast support is not available on dev 1
jwb0256:2197060:2198743 [0] NCCL INFO Setting affinity for GPU 0 to fc0000
jwb0256:2197060:2198743 [0] NCCL INFO NVLS multicast support is not available on dev 0
jwb0236:2712927:2714633 [0] NCCL INFO Setting affinity for GPU 0 to fc0000
jwb0236:2712927:2714633 [0] NCCL INFO NVLS multicast support is not available on dev 0
jwb0236:2712929:2714636 [2] NCCL INFO Setting affinity for GPU 2 to fc00,00000000
jwb0236:2712929:2714636 [2] NCCL INFO NVLS multicast support is not available on dev 2
jwb0236:2712928:2714635 [1] NCCL INFO Setting affinity for GPU 1 to 0fc0
jwb0236:2712928:2714635 [1] NCCL INFO NVLS multicast support is not available on dev 1
jwb0236:2712930:2714634 [3] NCCL INFO Setting affinity for GPU 3 to 0f,c0000000
jwb0236:2712930:2714634 [3] NCCL INFO NVLS multicast support is not available on dev 3
jwb0256:2197063:2198745 [3] NCCL INFO comm 0x152aa80b3350 rank 7 nRanks 8 nNodes 2 localRanks 4 localRank 3 MNNVL 0
jwb0256:2197063:2198745 [3] NCCL INFO Trees [0] -1/-1/-1->7->6 [1] -1/-1/-1->7->6
jwb0256:2197061:2198744 [1] NCCL INFO comm 0x1529c00b3100 rank 5 nRanks 8 nNodes 2 localRanks 4 localRank 1 MNNVL 0
jwb0256:2197062:2198746 [2] NCCL INFO comm 0x1546c40b3290 rank 6 nRanks 8 nNodes 2 localRanks 4 localRank 2 MNNVL 0
jwb0256:2197063:2198745 [3] NCCL INFO P2P Chunksize set to 131072
jwb0256:2197060:2198743 [0] NCCL INFO comm 0x14ae780b1480 rank 4 nRanks 8 nNodes 2 localRanks 4 localRank 0 MNNVL 0
jwb0256:2197060:2198743 [0] NCCL INFO Trees [0] 5/-1/-1->4->0 [1] 5/0/-1->4->-1
jwb0256:2197062:2198746 [2] NCCL INFO Trees [0] 7/-1/-1->6->5 [1] 7/-1/-1->6->5
jwb0256:2197061:2198744 [1] NCCL INFO Trees [0] 6/-1/-1->5->4 [1] 6/-1/-1->5->4
jwb0256:2197060:2198743 [0] NCCL INFO P2P Chunksize set to 131072
jwb0256:2197062:2198746 [2] NCCL INFO P2P Chunksize set to 131072
jwb0236:2712930:2714634 [3] NCCL INFO comm 0x151a780b1f10 rank 3 nRanks 8 nNodes 2 localRanks 4 localRank 3 MNNVL 0
jwb0256:2197061:2198744 [1] NCCL INFO P2P Chunksize set to 131072
jwb0236:2712930:2714634 [3] NCCL INFO Trees [0] -1/-1/-1->3->2 [1] -1/-1/-1->3->2
jwb0236:2712930:2714634 [3] NCCL INFO P2P Chunksize set to 131072
jwb0236:2712927:2714633 [0] NCCL INFO comm 0x14acec0b0fb0 rank 0 nRanks 8 nNodes 2 localRanks 4 localRank 0 MNNVL 0
jwb0236:2712929:2714636 [2] NCCL INFO comm 0x1463d40b2310 rank 2 nRanks 8 nNodes 2 localRanks 4 localRank 2 MNNVL 0
jwb0236:2712928:2714635 [1] NCCL INFO comm 0x152a140b23d0 rank 1 nRanks 8 nNodes 2 localRanks 4 localRank 1 MNNVL 0
jwb0236:2712929:2714636 [2] NCCL INFO Trees [0] 3/-1/-1->2->1 [1] 3/-1/-1->2->1
jwb0236:2712929:2714636 [2] NCCL INFO P2P Chunksize set to 131072
jwb0236:2712927:2714633 [0] NCCL INFO Channel 00/02 :    0   1   2   3   4   5   6   7
jwb0236:2712928:2714635 [1] NCCL INFO Trees [0] 2/-1/-1->1->0 [1] 2/-1/-1->1->0
jwb0236:2712928:2714635 [1] NCCL INFO P2P Chunksize set to 131072
jwb0236:2712927:2714633 [0] NCCL INFO Channel 01/02 :    0   1   2   3   4   5   6   7
jwb0236:2712927:2714633 [0] NCCL INFO Trees [0] 1/4/-1->0->-1 [1] 1/-1/-1->0->4
jwb0236:2712927:2714633 [0] NCCL INFO P2P Chunksize set to 131072
jwb0236:2712929:2714636 [2] NCCL INFO Channel 00/0 : 2[2] -> 3[3] via P2P/CUMEM/read
jwb0236:2712929:2714636 [2] NCCL INFO Channel 01/0 : 2[2] -> 3[3] via P2P/CUMEM/read
jwb0236:2712928:2714635 [1] NCCL INFO Channel 00/0 : 1[1] -> 2[2] via P2P/CUMEM/read
jwb0236:2712928:2714635 [1] NCCL INFO Channel 01/0 : 1[1] -> 2[2] via P2P/CUMEM/read
jwb0256:2197062:2198746 [2] NCCL INFO Channel 00/0 : 6[2] -> 7[3] via P2P/CUMEM/read
jwb0256:2197062:2198746 [2] NCCL INFO Channel 01/0 : 6[2] -> 7[3] via P2P/CUMEM/read
jwb0256:2197061:2198744 [1] NCCL INFO Channel 00/0 : 5[1] -> 6[2] via P2P/CUMEM/read
jwb0256:2197061:2198744 [1] NCCL INFO Channel 01/0 : 5[1] -> 6[2] via P2P/CUMEM/read
jwb0256:2197060:2198743 [0] NCCL INFO Channel 00/0 : 3[3] -> 4[0] [receive] via NET/Socket/0
jwb0256:2197060:2198743 [0] NCCL INFO Channel 01/0 : 3[3] -> 4[0] [receive] via NET/Socket/0
jwb0236:2712927:2714633 [0] NCCL INFO Channel 00/0 : 7[3] -> 0[0] [receive] via NET/Socket/0
jwb0256:2197060:2198743 [0] NCCL INFO Channel 00/0 : 4[0] -> 5[1] via P2P/CUMEM/read
jwb0236:2712927:2714633 [0] NCCL INFO Channel 01/0 : 7[3] -> 0[0] [receive] via NET/Socket/0
jwb0236:2712927:2714633 [0] NCCL INFO Channel 00/0 : 0[0] -> 1[1] via P2P/CUMEM/read
jwb0256:2197060:2198743 [0] NCCL INFO Channel 01/0 : 4[0] -> 5[1] via P2P/CUMEM/read
jwb0256:2197063:2198745 [3] NCCL INFO Channel 00/0 : 7[3] -> 0[0] [send] via NET/Socket/0
jwb0256:2197063:2198745 [3] NCCL INFO Channel 01/0 : 7[3] -> 0[0] [send] via NET/Socket/0
jwb0236:2712927:2714633 [0] NCCL INFO Channel 01/0 : 0[0] -> 1[1] via P2P/CUMEM/read
jwb0236:2712930:2714634 [3] NCCL INFO Channel 00/0 : 3[3] -> 4[0] [send] via NET/Socket/0
jwb0236:2712930:2714634 [3] NCCL INFO Channel 01/0 : 3[3] -> 4[0] [send] via NET/Socket/0
jwb0236:2712929:2714636 [2] NCCL INFO Connected all rings
jwb0236:2712929:2714636 [2] NCCL INFO Channel 00/0 : 2[2] -> 1[1] via P2P/CUMEM/read
jwb0236:2712929:2714636 [2] NCCL INFO Channel 01/0 : 2[2] -> 1[1] via P2P/CUMEM/read
jwb0256:2197062:2198746 [2] NCCL INFO Connected all rings
jwb0236:2712928:2714635 [1] NCCL INFO Connected all rings
jwb0236:2712927:2714633 [0] NCCL INFO Connected all rings
jwb0256:2197063:2198745 [3] NCCL INFO Connected all rings
jwb0256:2197062:2198746 [2] NCCL INFO Channel 00/0 : 6[2] -> 5[1] via P2P/CUMEM/read
jwb0256:2197063:2198745 [3] NCCL INFO Channel 00/0 : 7[3] -> 6[2] via P2P/CUMEM/read
jwb0236:2712928:2714635 [1] NCCL INFO Channel 00/0 : 1[1] -> 0[0] via P2P/CUMEM/read
jwb0236:2712927:2714633 [0] NCCL INFO Channel 00/0 : 4[0] -> 0[0] [receive] via NET/Socket/0
jwb0236:2712928:2714635 [1] NCCL INFO Channel 01/0 : 1[1] -> 0[0] via P2P/CUMEM/read
jwb0236:2712927:2714633 [0] NCCL INFO Channel 01/0 : 4[0] -> 0[0] [receive] via NET/Socket/0
jwb0256:2197062:2198746 [2] NCCL INFO Channel 01/0 : 6[2] -> 5[1] via P2P/CUMEM/read
jwb0256:2197063:2198745 [3] NCCL INFO Channel 01/0 : 7[3] -> 6[2] via P2P/CUMEM/read
jwb0236:2712927:2714633 [0] NCCL INFO Channel 00/0 : 0[0] -> 4[0] [send] via NET/Socket/0
jwb0236:2712927:2714633 [0] NCCL INFO Channel 01/0 : 0[0] -> 4[0] [send] via NET/Socket/0
jwb0256:2197061:2198744 [1] NCCL INFO Connected all rings
jwb0236:2712930:2714634 [3] NCCL INFO Connected all rings
jwb0256:2197060:2198743 [0] NCCL INFO Connected all rings
jwb0236:2712930:2714634 [3] NCCL INFO Channel 00/0 : 3[3] -> 2[2] via P2P/CUMEM/read
jwb0256:2197060:2198743 [0] NCCL INFO Channel 00/0 : 0[0] -> 4[0] [receive] via NET/Socket/0
jwb0236:2712930:2714634 [3] NCCL INFO Channel 01/0 : 3[3] -> 2[2] via P2P/CUMEM/read
jwb0256:2197060:2198743 [0] NCCL INFO Channel 01/0 : 0[0] -> 4[0] [receive] via NET/Socket/0
jwb0256:2197060:2198743 [0] NCCL INFO Channel 00/0 : 4[0] -> 0[0] [send] via NET/Socket/0
jwb0256:2197060:2198743 [0] NCCL INFO Channel 01/0 : 4[0] -> 0[0] [send] via NET/Socket/0
jwb0256:2197061:2198744 [1] NCCL INFO Channel 00/0 : 5[1] -> 4[0] via P2P/CUMEM/read
jwb0256:2197061:2198744 [1] NCCL INFO Channel 01/0 : 5[1] -> 4[0] via P2P/CUMEM/read
jwb0236:2712930:2714634 [3] NCCL INFO Connected all trees
jwb0236:2712930:2714634 [3] NCCL INFO threadThresholds 8/8/64 | 64/8/64 | 512 | 512
jwb0236:2712930:2714634 [3] NCCL INFO 2 coll channels, 2 collnet channels, 0 nvls channels, 2 p2p channels, 1 p2p channels per peer
jwb0256:2197063:2198745 [3] NCCL INFO Connected all trees
jwb0256:2197063:2198745 [3] NCCL INFO threadThresholds 8/8/64 | 64/8/64 | 512 | 512
jwb0256:2197063:2198745 [3] NCCL INFO 2 coll channels, 2 collnet channels, 0 nvls channels, 2 p2p channels, 1 p2p channels per peer
jwb0236:2712929:2714636 [2] NCCL INFO Connected all trees
jwb0236:2712929:2714636 [2] NCCL INFO threadThresholds 8/8/64 | 64/8/64 | 512 | 512
jwb0236:2712929:2714636 [2] NCCL INFO 2 coll channels, 2 collnet channels, 0 nvls channels, 2 p2p channels, 1 p2p channels per peer
jwb0256:2197062:2198746 [2] NCCL INFO Connected all trees
jwb0256:2197062:2198746 [2] NCCL INFO threadThresholds 8/8/64 | 64/8/64 | 512 | 512
jwb0256:2197062:2198746 [2] NCCL INFO 2 coll channels, 2 collnet channels, 0 nvls channels, 2 p2p channels, 1 p2p channels per peer
jwb0256:2197061:2198744 [1] NCCL INFO Connected all trees
jwb0256:2197060:2198743 [0] NCCL INFO Connected all trees
jwb0256:2197061:2198744 [1] NCCL INFO threadThresholds 8/8/64 | 64/8/64 | 512 | 512
jwb0256:2197061:2198744 [1] NCCL INFO 2 coll channels, 2 collnet channels, 0 nvls channels, 2 p2p channels, 1 p2p channels per peer
jwb0256:2197060:2198743 [0] NCCL INFO threadThresholds 8/8/64 | 64/8/64 | 512 | 512
jwb0256:2197060:2198743 [0] NCCL INFO 2 coll channels, 2 collnet channels, 0 nvls channels, 2 p2p channels, 1 p2p channels per peer
jwb0236:2712928:2714635 [1] NCCL INFO Connected all trees
jwb0236:2712927:2714633 [0] NCCL INFO Connected all trees
jwb0236:2712928:2714635 [1] NCCL INFO threadThresholds 8/8/64 | 64/8/64 | 512 | 512
jwb0236:2712928:2714635 [1] NCCL INFO 2 coll channels, 2 collnet channels, 0 nvls channels, 2 p2p channels, 1 p2p channels per peer
jwb0236:2712927:2714633 [0] NCCL INFO threadThresholds 8/8/64 | 64/8/64 | 512 | 512
jwb0236:2712927:2714633 [0] NCCL INFO 2 coll channels, 2 collnet channels, 0 nvls channels, 2 p2p channels, 1 p2p channels per peer
jwb0256:2197060:2198743 [0] NCCL INFO ncclCommInitRank comm 0x14ae780b1480 rank 4 nranks 8 cudaDev 0 nvmlDev 0 busId 3000 commId 0x9020116a8b0195e1 - Init COMPLETE
jwb0256:2197062:2198746 [2] NCCL INFO ncclCommInitRank comm 0x1546c40b3290 rank 6 nranks 8 cudaDev 2 nvmlDev 2 busId 84000 commId 0x9020116a8b0195e1 - Init COMPLETE
jwb0256:2197061:2198744 [1] NCCL INFO ncclCommInitRank comm 0x1529c00b3100 rank 5 nranks 8 cudaDev 1 nvmlDev 1 busId 44000 commId 0x9020116a8b0195e1 - Init COMPLETE
jwb0256:2197063:2198745 [3] NCCL INFO ncclCommInitRank comm 0x152aa80b3350 rank 7 nranks 8 cudaDev 3 nvmlDev 3 busId c4000 commId 0x9020116a8b0195e1 - Init COMPLETE
jwb0236:2712927:2714633 [0] NCCL INFO ncclCommInitRank comm 0x14acec0b0fb0 rank 0 nranks 8 cudaDev 0 nvmlDev 0 busId 3000 commId 0x9020116a8b0195e1 - Init COMPLETE
jwb0236:2712929:2714636 [2] NCCL INFO ncclCommInitRank comm 0x1463d40b2310 rank 2 nranks 8 cudaDev 2 nvmlDev 2 busId 84000 commId 0x9020116a8b0195e1 - Init COMPLETE
jwb0236:2712930:2714634 [3] NCCL INFO ncclCommInitRank comm 0x151a780b1f10 rank 3 nranks 8 cudaDev 3 nvmlDev 3 busId c4000 commId 0x9020116a8b0195e1 - Init COMPLETE
jwb0236:2712928:2714635 [1] NCCL INFO ncclCommInitRank comm 0x152a140b23d0 rank 1 nranks 8 cudaDev 1 nvmlDev 1 busId 44000 commId 0x9020116a8b0195e1 - Init COMPLETE
  0%|          | 1/1623 [00:37<16:44:23, 37.15s/it]  0%|          | 2/1623 [00:51<10:38:39, 23.64s/it]  0%|          | 3/1623 [01:01<7:56:16, 17.64s/it]   0%|          | 4/1623 [01:12<6:40:28, 14.84s/it]  0%|          | 5/1623 [01:22<5:59:01, 13.31s/it]                                                    0%|          | 5/1623 [01:22<5:59:01, 13.31s/it]{'loss': 1.4561, 'grad_norm': 6.274269104003906, 'learning_rate': 9.756097560975611e-06, 'epoch': 0.0}
  0%|          | 6/1623 [01:33<5:35:17, 12.44s/it]  0%|          | 7/1623 [01:58<7:24:03, 16.49s/it][rank2]: Traceback (most recent call last):
[rank2]:   File "/app/src/llamafactory/launcher.py", line 180, in <module>
[rank2]:     run_exp()
[rank2]:   File "/app/src/llamafactory/train/tuner.py", line 110, in run_exp
[rank2]:     _training_function(config={"args": args, "callbacks": callbacks})
[rank2]:   File "/app/src/llamafactory/train/tuner.py", line 72, in _training_function
[rank2]:     run_sft(model_args, data_args, training_args, finetuning_args, generating_args, callbacks)
[rank2]:   File "/app/src/llamafactory/train/sft/workflow.py", line 96, in run_sft
[rank2]:     train_result = trainer.train(resume_from_checkpoint=training_args.resume_from_checkpoint)
[rank2]:                    ^^^^^^^^^^^^^^^^^^^^^^^^^^^^^^^^^^^^^^^^^^^^^^^^^^^^^^^^^^^^^^^^^^^^^^^^^^
[rank2]:   File "/opt/conda/lib/python3.11/site-packages/transformers/trainer.py", line 2325, in train
[rank2]:     return inner_training_loop(
[rank2]:            ^^^^^^^^^^^^^^^^^^^^
[rank2]:   File "/opt/conda/lib/python3.11/site-packages/transformers/trainer.py", line 2674, in _inner_training_loop
[rank2]:     tr_loss_step = self.training_step(model, inputs, num_items_in_batch)
[rank2]:                    ^^^^^^^^^^^^^^^^^^^^^^^^^^^^^^^^^^^^^^^^^^^^^^^^^^^^^
[rank2]:   File "/opt/conda/lib/python3.11/site-packages/transformers/trainer.py", line 4071, in training_step
[rank2]:     self.accelerator.backward(loss, **kwargs)
[rank2]:   File "/opt/conda/lib/python3.11/site-packages/accelerate/accelerator.py", line 2726, in backward
[rank2]:     self.deepspeed_engine_wrapped.backward(loss, sync_gradients=self.sync_gradients, **kwargs)
[rank2]:   File "/opt/conda/lib/python3.11/site-packages/accelerate/utils/deepspeed.py", line 270, in backward
[rank2]:     self.engine.backward(loss, **kwargs)
[rank2]:   File "/opt/conda/lib/python3.11/site-packages/deepspeed/utils/nvtx.py", line 20, in wrapped_fn
[rank2]:     ret_val = func(*args, **kwargs)
[rank2]:               ^^^^^^^^^^^^^^^^^^^^^
[rank2]:   File "/opt/conda/lib/python3.11/site-packages/deepspeed/runtime/engine.py", line 2216, in backward
[rank2]:     self._do_optimizer_backward(loss, retain_graph)
[rank2]:   File "/opt/conda/lib/python3.11/site-packages/deepspeed/runtime/engine.py", line 2162, in _do_optimizer_backward
[rank2]:     self.optimizer.backward(loss, retain_graph=retain_graph)
[rank2]:   File "/opt/conda/lib/python3.11/site-packages/deepspeed/utils/nvtx.py", line 20, in wrapped_fn
[rank2]:     ret_val = func(*args, **kwargs)
[rank2]:               ^^^^^^^^^^^^^^^^^^^^^
[rank2]:   File "/opt/conda/lib/python3.11/site-packages/deepspeed/runtime/zero/stage3.py", line 2293, in backward
[rank2]:     self.loss_scaler.backward(loss.float(), retain_graph=retain_graph)
[rank2]:   File "/opt/conda/lib/python3.11/site-packages/deepspeed/runtime/fp16/loss_scaler.py", line 63, in backward
[rank2]:     scaled_loss.backward(retain_graph=retain_graph)
[rank2]:   File "/opt/conda/lib/python3.11/site-packages/torch/_tensor.py", line 626, in backward
[rank2]:     torch.autograd.backward(
[rank2]:   File "/opt/conda/lib/python3.11/site-packages/torch/autograd/__init__.py", line 347, in backward
[rank2]:     _engine_run_backward(
[rank2]:   File "/opt/conda/lib/python3.11/site-packages/torch/autograd/graph.py", line 823, in _engine_run_backward
[rank2]:     return Variable._execution_engine.run_backward(  # Calls into the C++ engine to run the backward pass
[rank2]:            ^^^^^^^^^^^^^^^^^^^^^^^^^^^^^^^^^^^^^^^^^^^^^^^^^^^^^^^^^^^^^^^^^^^^^^^^^^^^^^^^^^^^^^^^^^^^^^
[rank2]:   File "/opt/conda/lib/python3.11/site-packages/torch/autograd/function.py", line 307, in apply
[rank2]:     return user_fn(self, *args)
[rank2]:            ^^^^^^^^^^^^^^^^^^^^
[rank2]:   File "/opt/conda/lib/python3.11/site-packages/liger_kernel/ops/utils.py", line 40, in wrapper
[rank2]:     return fn(ctx, *args, **kwargs)
[rank2]:            ^^^^^^^^^^^^^^^^^^^^^^^^
[rank2]:   File "/opt/conda/lib/python3.11/site-packages/liger_kernel/ops/rms_norm.py", line 573, in backward
[rank2]:     dX, dW = rms_norm_backward(
[rank2]:              ^^^^^^^^^^^^^^^^^^
[rank2]:   File "/opt/conda/lib/python3.11/site-packages/liger_kernel/ops/rms_norm.py", line 472, in rms_norm_backward
[rank2]:     _rms_norm_backward_kernel[grid](
[rank2]:   File "/opt/conda/lib/python3.11/site-packages/triton/runtime/jit.py", line 330, in <lambda>
[rank2]:     return lambda *args, **kwargs: self.run(grid=grid, warmup=False, *args, **kwargs)
[rank2]:                                    ^^^^^^^^^^^^^^^^^^^^^^^^^^^^^^^^^^^^^^^^^^^^^^^^^^
[rank2]:   File "/opt/conda/lib/python3.11/site-packages/triton/runtime/jit.py", line 623, in run
[rank2]:     kernel = self.compile(
[rank2]:              ^^^^^^^^^^^^^
[rank2]:   File "/opt/conda/lib/python3.11/site-packages/triton/compiler/compiler.py", line 284, in compile
[rank2]:     metadata_group[ir_filename] = fn_cache_manager.put(next_module, ir_filename)
[rank2]:                                   ^^^^^^^^^^^^^^^^^^^^^^^^^^^^^^^^^^^^^^^^^^^^^^
[rank2]:   File "/opt/conda/lib/python3.11/site-packages/triton/runtime/cache.py", line 130, in put
[rank2]:     with open(temp_path, mode) as f:
[rank2]:          ^^^^^^^^^^^^^^^^^^^^^
[rank2]: OSError: [Errno 122] Disk quota exceeded: '/p/home/jusers/raj3/juwels/.triton/cache/a8LB28tzsoEMlTrRbpbe4yj1fSiIxrjeb5IN3TyOkvs/tmp.pid_2712929_54bf90ec-95d6-43a4-b39b-e09f1d73f6a6/_rms_norm_backward_kernel.llir'
[rank1]: Traceback (most recent call last):
[rank1]:   File "/app/src/llamafactory/launcher.py", line 180, in <module>
[rank1]:     run_exp()
[rank1]:   File "/app/src/llamafactory/train/tuner.py", line 110, in run_exp
[rank1]:     _training_function(config={"args": args, "callbacks": callbacks})
[rank1]:   File "/app/src/llamafactory/train/tuner.py", line 72, in _training_function
[rank1]:     run_sft(model_args, data_args, training_args, finetuning_args, generating_args, callbacks)
[rank1]:   File "/app/src/llamafactory/train/sft/workflow.py", line 96, in run_sft
[rank1]:     train_result = trainer.train(resume_from_checkpoint=training_args.resume_from_checkpoint)
[rank1]:                    ^^^^^^^^^^^^^^^^^^^^^^^^^^^^^^^^^^^^^^^^^^^^^^^^^^^^^^^^^^^^^^^^^^^^^^^^^^
[rank1]:   File "/opt/conda/lib/python3.11/site-packages/transformers/trainer.py", line 2325, in train
[rank1]:     return inner_training_loop(
[rank1]:            ^^^^^^^^^^^^^^^^^^^^
[rank1]:   File "/opt/conda/lib/python3.11/site-packages/transformers/trainer.py", line 2674, in _inner_training_loop
[rank1]:     tr_loss_step = self.training_step(model, inputs, num_items_in_batch)
[rank1]:                    ^^^^^^^^^^^^^^^^^^^^^^^^^^^^^^^^^^^^^^^^^^^^^^^^^^^^^
[rank1]:   File "/opt/conda/lib/python3.11/site-packages/transformers/trainer.py", line 4071, in training_step
[rank1]:     self.accelerator.backward(loss, **kwargs)
[rank1]:   File "/opt/conda/lib/python3.11/site-packages/accelerate/accelerator.py", line 2726, in backward
[rank1]:     self.deepspeed_engine_wrapped.backward(loss, sync_gradients=self.sync_gradients, **kwargs)
[rank1]:   File "/opt/conda/lib/python3.11/site-packages/accelerate/utils/deepspeed.py", line 270, in backward
[rank1]:     self.engine.backward(loss, **kwargs)
[rank1]:   File "/opt/conda/lib/python3.11/site-packages/deepspeed/utils/nvtx.py", line 20, in wrapped_fn
[rank1]:     ret_val = func(*args, **kwargs)
[rank1]:               ^^^^^^^^^^^^^^^^^^^^^
[rank1]:   File "/opt/conda/lib/python3.11/site-packages/deepspeed/runtime/engine.py", line 2216, in backward
[rank1]:     self._do_optimizer_backward(loss, retain_graph)
[rank1]:   File "/opt/conda/lib/python3.11/site-packages/deepspeed/runtime/engine.py", line 2162, in _do_optimizer_backward
[rank1]:     self.optimizer.backward(loss, retain_graph=retain_graph)
[rank1]:   File "/opt/conda/lib/python3.11/site-packages/deepspeed/utils/nvtx.py", line 20, in wrapped_fn
[rank1]:     ret_val = func(*args, **kwargs)
[rank1]:               ^^^^^^^^^^^^^^^^^^^^^
[rank1]:   File "/opt/conda/lib/python3.11/site-packages/deepspeed/runtime/zero/stage3.py", line 2293, in backward
[rank1]:     self.loss_scaler.backward(loss.float(), retain_graph=retain_graph)
[rank1]:   File "/opt/conda/lib/python3.11/site-packages/deepspeed/runtime/fp16/loss_scaler.py", line 63, in backward
[rank1]:     scaled_loss.backward(retain_graph=retain_graph)
[rank1]:   File "/opt/conda/lib/python3.11/site-packages/torch/_tensor.py", line 626, in backward
[rank1]:     torch.autograd.backward(
[rank1]:   File "/opt/conda/lib/python3.11/site-packages/torch/autograd/__init__.py", line 347, in backward
[rank1]:     _engine_run_backward(
[rank1]:   File "/opt/conda/lib/python3.11/site-packages/torch/autograd/graph.py", line 823, in _engine_run_backward
[rank1]:     return Variable._execution_engine.run_backward(  # Calls into the C++ engine to run the backward pass
[rank1]:            ^^^^^^^^^^^^^^^^^^^^^^^^^^^^^^^^^^^^^^^^^^^^^^^^^^^^^^^^^^^^^^^^^^^^^^^^^^^^^^^^^^^^^^^^^^^^^^
[rank1]:   File "/opt/conda/lib/python3.11/site-packages/torch/autograd/function.py", line 307, in apply
[rank1]:     return user_fn(self, *args)
[rank1]:            ^^^^^^^^^^^^^^^^^^^^
[rank1]:   File "/opt/conda/lib/python3.11/site-packages/liger_kernel/ops/utils.py", line 40, in wrapper
[rank1]:     return fn(ctx, *args, **kwargs)
[rank1]:            ^^^^^^^^^^^^^^^^^^^^^^^^
[rank1]:   File "/opt/conda/lib/python3.11/site-packages/liger_kernel/ops/rms_norm.py", line 573, in backward
[rank1]:     dX, dW = rms_norm_backward(
[rank1]:              ^^^^^^^^^^^^^^^^^^
[rank1]:   File "/opt/conda/lib/python3.11/site-packages/liger_kernel/ops/rms_norm.py", line 472, in rms_norm_backward
[rank1]:     _rms_norm_backward_kernel[grid](
[rank1]:   File "/opt/conda/lib/python3.11/site-packages/triton/runtime/jit.py", line 330, in <lambda>
[rank1]:     return lambda *args, **kwargs: self.run(grid=grid, warmup=False, *args, **kwargs)
[rank1]:                                    ^^^^^^^^^^^^^^^^^^^^^^^^^^^^^^^^^^^^^^^^^^^^^^^^^^
[rank1]:   File "/opt/conda/lib/python3.11/site-packages/triton/runtime/jit.py", line 623, in run
[rank1]:     kernel = self.compile(
[rank1]:              ^^^^^^^^^^^^^
[rank1]:   File "/opt/conda/lib/python3.11/site-packages/triton/compiler/compiler.py", line 284, in compile
[rank1]:     metadata_group[ir_filename] = fn_cache_manager.put(next_module, ir_filename)
[rank1]:                                   ^^^^^^^^^^^^^^^^^^^^^^^^^^^^^^^^^^^^^^^^^^^^^^
[rank1]:   File "/opt/conda/lib/python3.11/site-packages/triton/runtime/cache.py", line 126, in put
[rank1]:     os.makedirs(temp_dir, exist_ok=True)
[rank1]:   File "<frozen os>", line 225, in makedirs
[rank1]: OSError: [Errno 122] Disk quota exceeded: '/p/home/jusers/raj3/juwels/.triton/cache/PBBtZR-SOtaUk_FGxv-crDZyIC7Qce1jANnoTFtmCLA/tmp.pid_2712928_cee1fe54-a39a-45c9-979e-6da0e943b2ff'
[rank3]: Traceback (most recent call last):
[rank3]:   File "/app/src/llamafactory/launcher.py", line 180, in <module>
[rank3]:     run_exp()
[rank3]:   File "/app/src/llamafactory/train/tuner.py", line 110, in run_exp
[rank3]:     _training_function(config={"args": args, "callbacks": callbacks})
[rank3]:   File "/app/src/llamafactory/train/tuner.py", line 72, in _training_function
[rank3]:     run_sft(model_args, data_args, training_args, finetuning_args, generating_args, callbacks)
[rank3]:   File "/app/src/llamafactory/train/sft/workflow.py", line 96, in run_sft
[rank3]:     train_result = trainer.train(resume_from_checkpoint=training_args.resume_from_checkpoint)
[rank3]:                    ^^^^^^^^^^^^^^^^^^^^^^^^^^^^^^^^^^^^^^^^^^^^^^^^^^^^^^^^^^^^^^^^^^^^^^^^^^
[rank3]:   File "/opt/conda/lib/python3.11/site-packages/transformers/trainer.py", line 2325, in train
[rank3]:     return inner_training_loop(
[rank3]:            ^^^^^^^^^^^^^^^^^^^^
[rank3]:   File "/opt/conda/lib/python3.11/site-packages/transformers/trainer.py", line 2674, in _inner_training_loop
[rank3]:     tr_loss_step = self.training_step(model, inputs, num_items_in_batch)
[rank3]:                    ^^^^^^^^^^^^^^^^^^^^^^^^^^^^^^^^^^^^^^^^^^^^^^^^^^^^^
[rank3]:   File "/opt/conda/lib/python3.11/site-packages/transformers/trainer.py", line 4071, in training_step
[rank3]:     self.accelerator.backward(loss, **kwargs)
[rank3]:   File "/opt/conda/lib/python3.11/site-packages/accelerate/accelerator.py", line 2726, in backward
[rank3]:     self.deepspeed_engine_wrapped.backward(loss, sync_gradients=self.sync_gradients, **kwargs)
[rank3]:   File "/opt/conda/lib/python3.11/site-packages/accelerate/utils/deepspeed.py", line 270, in backward
[rank3]:     self.engine.backward(loss, **kwargs)
[rank3]:   File "/opt/conda/lib/python3.11/site-packages/deepspeed/utils/nvtx.py", line 20, in wrapped_fn
[rank3]:     ret_val = func(*args, **kwargs)
[rank3]:               ^^^^^^^^^^^^^^^^^^^^^
[rank3]:   File "/opt/conda/lib/python3.11/site-packages/deepspeed/runtime/engine.py", line 2216, in backward
[rank3]:     self._do_optimizer_backward(loss, retain_graph)
[rank3]:   File "/opt/conda/lib/python3.11/site-packages/deepspeed/runtime/engine.py", line 2162, in _do_optimizer_backward
[rank3]:     self.optimizer.backward(loss, retain_graph=retain_graph)
[rank3]:   File "/opt/conda/lib/python3.11/site-packages/deepspeed/utils/nvtx.py", line 20, in wrapped_fn
[rank3]:     ret_val = func(*args, **kwargs)
[rank3]:               ^^^^^^^^^^^^^^^^^^^^^
[rank3]:   File "/opt/conda/lib/python3.11/site-packages/deepspeed/runtime/zero/stage3.py", line 2293, in backward
[rank3]:     self.loss_scaler.backward(loss.float(), retain_graph=retain_graph)
[rank3]:   File "/opt/conda/lib/python3.11/site-packages/deepspeed/runtime/fp16/loss_scaler.py", line 63, in backward
[rank3]:     scaled_loss.backward(retain_graph=retain_graph)
[rank3]:   File "/opt/conda/lib/python3.11/site-packages/torch/_tensor.py", line 626, in backward
[rank3]:     torch.autograd.backward(
[rank3]:   File "/opt/conda/lib/python3.11/site-packages/torch/autograd/__init__.py", line 347, in backward
[rank3]:     _engine_run_backward(
[rank3]:   File "/opt/conda/lib/python3.11/site-packages/torch/autograd/graph.py", line 823, in _engine_run_backward
[rank3]:     return Variable._execution_engine.run_backward(  # Calls into the C++ engine to run the backward pass
[rank3]:            ^^^^^^^^^^^^^^^^^^^^^^^^^^^^^^^^^^^^^^^^^^^^^^^^^^^^^^^^^^^^^^^^^^^^^^^^^^^^^^^^^^^^^^^^^^^^^^
[rank3]:   File "/opt/conda/lib/python3.11/site-packages/torch/autograd/function.py", line 307, in apply
[rank3]:     return user_fn(self, *args)
[rank3]:            ^^^^^^^^^^^^^^^^^^^^
[rank3]:   File "/opt/conda/lib/python3.11/site-packages/liger_kernel/ops/utils.py", line 40, in wrapper
[rank3]:     return fn(ctx, *args, **kwargs)
[rank3]:            ^^^^^^^^^^^^^^^^^^^^^^^^
[rank3]:   File "/opt/conda/lib/python3.11/site-packages/liger_kernel/ops/rms_norm.py", line 573, in backward
[rank3]:     dX, dW = rms_norm_backward(
[rank3]:              ^^^^^^^^^^^^^^^^^^
[rank3]:   File "/opt/conda/lib/python3.11/site-packages/liger_kernel/ops/rms_norm.py", line 472, in rms_norm_backward
[rank3]:     _rms_norm_backward_kernel[grid](
[rank3]:   File "/opt/conda/lib/python3.11/site-packages/triton/runtime/jit.py", line 330, in <lambda>
[rank3]:     return lambda *args, **kwargs: self.run(grid=grid, warmup=False, *args, **kwargs)
[rank3]:                                    ^^^^^^^^^^^^^^^^^^^^^^^^^^^^^^^^^^^^^^^^^^^^^^^^^^
[rank3]:   File "/opt/conda/lib/python3.11/site-packages/triton/runtime/jit.py", line 623, in run
[rank3]:     kernel = self.compile(
[rank3]:              ^^^^^^^^^^^^^
[rank3]:   File "/opt/conda/lib/python3.11/site-packages/triton/compiler/compiler.py", line 284, in compile
[rank3]:     metadata_group[ir_filename] = fn_cache_manager.put(next_module, ir_filename)
[rank3]:                                   ^^^^^^^^^^^^^^^^^^^^^^^^^^^^^^^^^^^^^^^^^^^^^^
[rank3]:   File "/opt/conda/lib/python3.11/site-packages/triton/runtime/cache.py", line 130, in put
[rank3]:     with open(temp_path, mode) as f:
[rank3]:          ^^^^^^^^^^^^^^^^^^^^^
[rank3]: OSError: [Errno 122] Disk quota exceeded: '/p/home/jusers/raj3/juwels/.triton/cache/ofXgUe7kfBoFdxq8GK6K6516LDHMRaVkF-zybKDInuA/tmp.pid_2712930_fda6c39a-70eb-4c2b-bd26-ea064391a80f/_rms_norm_backward_kernel.llir'
Exception ignored in atexit callback: <function matmul_ext_update_autotune_table at 0x152af7671800>
Traceback (most recent call last):
  File "/opt/conda/lib/python3.11/site-packages/deepspeed/ops/transformer/inference/triton/matmul_ext.py", line 480, in matmul_ext_update_autotune_table
    fp16_matmul._update_autotune_table()
  File "/opt/conda/lib/python3.11/site-packages/deepspeed/ops/transformer/inference/triton/matmul_ext.py", line 457, in _update_autotune_table
    TritonMatmul._update_autotune_table(__class__.__name__ + "_2d_kernel", __class__._2d_kernel)
  File "/opt/conda/lib/python3.11/site-packages/deepspeed/ops/transformer/inference/triton/matmul_ext.py", line 186, in _update_autotune_table
    cache_manager.put(autotune_table)
  File "/opt/conda/lib/python3.11/site-packages/deepspeed/ops/transformer/inference/triton/matmul_ext.py", line 103, in put
    with open(self.file_path + ".tmp", 'wb') as handle:
         ^^^^^^^^^^^^^^^^^^^^^^^^^^^^^^^^^^^
OSError: [Errno 122] Disk quota exceeded: '/p/home/jusers/raj3/juwels/.triton/autotune/Fp16Matmul_2d_kernel.pickle.tmp'
[rank0]: Traceback (most recent call last):
[rank0]:   File "/app/src/llamafactory/launcher.py", line 180, in <module>
[rank0]:     run_exp()
[rank0]:   File "/app/src/llamafactory/train/tuner.py", line 110, in run_exp
[rank0]:     _training_function(config={"args": args, "callbacks": callbacks})
[rank0]:   File "/app/src/llamafactory/train/tuner.py", line 72, in _training_function
[rank0]:     run_sft(model_args, data_args, training_args, finetuning_args, generating_args, callbacks)
[rank0]:   File "/app/src/llamafactory/train/sft/workflow.py", line 96, in run_sft
[rank0]:     train_result = trainer.train(resume_from_checkpoint=training_args.resume_from_checkpoint)
[rank0]:                    ^^^^^^^^^^^^^^^^^^^^^^^^^^^^^^^^^^^^^^^^^^^^^^^^^^^^^^^^^^^^^^^^^^^^^^^^^^
[rank0]:   File "/opt/conda/lib/python3.11/site-packages/transformers/trainer.py", line 2325, in train
[rank0]:     return inner_training_loop(
[rank0]:            ^^^^^^^^^^^^^^^^^^^^
[rank0]:   File "/opt/conda/lib/python3.11/site-packages/transformers/trainer.py", line 2674, in _inner_training_loop
[rank0]:     tr_loss_step = self.training_step(model, inputs, num_items_in_batch)
[rank0]:                    ^^^^^^^^^^^^^^^^^^^^^^^^^^^^^^^^^^^^^^^^^^^^^^^^^^^^^
[rank0]:   File "/opt/conda/lib/python3.11/site-packages/transformers/trainer.py", line 4071, in training_step
[rank0]:     self.accelerator.backward(loss, **kwargs)
[rank0]:   File "/opt/conda/lib/python3.11/site-packages/accelerate/accelerator.py", line 2726, in backward
[rank0]:     self.deepspeed_engine_wrapped.backward(loss, sync_gradients=self.sync_gradients, **kwargs)
[rank0]:   File "/opt/conda/lib/python3.11/site-packages/accelerate/utils/deepspeed.py", line 270, in backward
[rank0]:     self.engine.backward(loss, **kwargs)
[rank0]:   File "/opt/conda/lib/python3.11/site-packages/deepspeed/utils/nvtx.py", line 20, in wrapped_fn
[rank0]:     ret_val = func(*args, **kwargs)
[rank0]:               ^^^^^^^^^^^^^^^^^^^^^
[rank0]:   File "/opt/conda/lib/python3.11/site-packages/deepspeed/runtime/engine.py", line 2216, in backward
[rank0]:     self._do_optimizer_backward(loss, retain_graph)
[rank0]:   File "/opt/conda/lib/python3.11/site-packages/deepspeed/runtime/engine.py", line 2162, in _do_optimizer_backward
[rank0]:     self.optimizer.backward(loss, retain_graph=retain_graph)
[rank0]:   File "/opt/conda/lib/python3.11/site-packages/deepspeed/utils/nvtx.py", line 20, in wrapped_fn
[rank0]:     ret_val = func(*args, **kwargs)
[rank0]:               ^^^^^^^^^^^^^^^^^^^^^
[rank0]:   File "/opt/conda/lib/python3.11/site-packages/deepspeed/runtime/zero/stage3.py", line 2293, in backward
[rank0]:     self.loss_scaler.backward(loss.float(), retain_graph=retain_graph)
[rank0]:   File "/opt/conda/lib/python3.11/site-packages/deepspeed/runtime/fp16/loss_scaler.py", line 63, in backward
[rank0]:     scaled_loss.backward(retain_graph=retain_graph)
[rank0]:   File "/opt/conda/lib/python3.11/site-packages/torch/_tensor.py", line 626, in backward
[rank0]:     torch.autograd.backward(
[rank0]:   File "/opt/conda/lib/python3.11/site-packages/torch/autograd/__init__.py", line 347, in backward
[rank0]:     _engine_run_backward(
[rank0]:   File "/opt/conda/lib/python3.11/site-packages/torch/autograd/graph.py", line 823, in _engine_run_backward
[rank0]:     return Variable._execution_engine.run_backward(  # Calls into the C++ engine to run the backward pass
[rank0]:            ^^^^^^^^^^^^^^^^^^^^^^^^^^^^^^^^^^^^^^^^^^^^^^^^^^^^^^^^^^^^^^^^^^^^^^^^^^^^^^^^^^^^^^^^^^^^^^
[rank0]:   File "/opt/conda/lib/python3.11/site-packages/torch/autograd/function.py", line 307, in apply
[rank0]:     return user_fn(self, *args)
[rank0]:            ^^^^^^^^^^^^^^^^^^^^
[rank0]:   File "/opt/conda/lib/python3.11/site-packages/liger_kernel/ops/utils.py", line 40, in wrapper
[rank0]:     return fn(ctx, *args, **kwargs)
[rank0]:            ^^^^^^^^^^^^^^^^^^^^^^^^
[rank0]:   File "/opt/conda/lib/python3.11/site-packages/liger_kernel/ops/rms_norm.py", line 573, in backward
[rank0]:     dX, dW = rms_norm_backward(
[rank0]:              ^^^^^^^^^^^^^^^^^^
[rank0]:   File "/opt/conda/lib/python3.11/site-packages/liger_kernel/ops/rms_norm.py", line 472, in rms_norm_backward
[rank0]:     _rms_norm_backward_kernel[grid](
[rank0]:   File "/opt/conda/lib/python3.11/site-packages/triton/runtime/jit.py", line 330, in <lambda>
[rank0]:     return lambda *args, **kwargs: self.run(grid=grid, warmup=False, *args, **kwargs)
[rank0]:                                    ^^^^^^^^^^^^^^^^^^^^^^^^^^^^^^^^^^^^^^^^^^^^^^^^^^
[rank0]:   File "/opt/conda/lib/python3.11/site-packages/triton/runtime/jit.py", line 623, in run
[rank0]:     kernel = self.compile(
[rank0]:              ^^^^^^^^^^^^^
[rank0]:   File "/opt/conda/lib/python3.11/site-packages/triton/compiler/compiler.py", line 284, in compile
[rank0]:     metadata_group[ir_filename] = fn_cache_manager.put(next_module, ir_filename)
[rank0]:                                   ^^^^^^^^^^^^^^^^^^^^^^^^^^^^^^^^^^^^^^^^^^^^^^
[rank0]:   File "/opt/conda/lib/python3.11/site-packages/triton/runtime/cache.py", line 126, in put
[rank0]:     os.makedirs(temp_dir, exist_ok=True)
[rank0]:   File "<frozen os>", line 225, in makedirs
[rank0]: OSError: [Errno 122] Disk quota exceeded: '/p/home/jusers/raj3/juwels/.triton/cache/88qqrNcdoi3nS1biaMYvC7J2Q33bQ0aYuxBxunXyY0o/tmp.pid_2712927_fdb64bea-ec71-4cf6-8e6d-499714713b44'
Exception ignored in atexit callback: <function matmul_ext_update_autotune_table at 0x14ad7b60d800>
Traceback (most recent call last):
  File "/opt/conda/lib/python3.11/site-packages/deepspeed/ops/transformer/inference/triton/matmul_ext.py", line 480, in matmul_ext_update_autotune_table
    fp16_matmul._update_autotune_table()
  File "/opt/conda/lib/python3.11/site-packages/deepspeed/ops/transformer/inference/triton/matmul_ext.py", line 457, in _update_autotune_table
    TritonMatmul._update_autotune_table(__class__.__name__ + "_2d_kernel", __class__._2d_kernel)
  File "/opt/conda/lib/python3.11/site-packages/deepspeed/ops/transformer/inference/triton/matmul_ext.py", line 186, in _update_autotune_table
    cache_manager.put(autotune_table)
  File "/opt/conda/lib/python3.11/site-packages/deepspeed/ops/transformer/inference/triton/matmul_ext.py", line 103, in put
    with open(self.file_path + ".tmp", 'wb') as handle:
         ^^^^^^^^^^^^^^^^^^^^^^^^^^^^^^^^^^^
OSError: [Errno 122] Disk quota exceeded: '/p/home/jusers/raj3/juwels/.triton/autotune/Fp16Matmul_2d_kernel.pickle.tmp'
Exception ignored in atexit callback: <function matmul_ext_update_autotune_table at 0x151b53d99800>
Traceback (most recent call last):
  File "/opt/conda/lib/python3.11/site-packages/deepspeed/ops/transformer/inference/triton/matmul_ext.py", line 480, in matmul_ext_update_autotune_table
    fp16_matmul._update_autotune_table()
  File "/opt/conda/lib/python3.11/site-packages/deepspeed/ops/transformer/inference/triton/matmul_ext.py", line 457, in _update_autotune_table
    TritonMatmul._update_autotune_table(__class__.__name__ + "_2d_kernel", __class__._2d_kernel)
  File "/opt/conda/lib/python3.11/site-packages/deepspeed/ops/transformer/inference/triton/matmul_ext.py", line 186, in _update_autotune_table
    cache_manager.put(autotune_table)
  File "/opt/conda/lib/python3.11/site-packages/deepspeed/ops/transformer/inference/triton/matmul_ext.py", line 103, in put
    with open(self.file_path + ".tmp", 'wb') as handle:
         ^^^^^^^^^^^^^^^^^^^^^^^^^^^^^^^^^^^
OSError: [Errno 122] Disk quota exceeded: '/p/home/jusers/raj3/juwels/.triton/autotune/Fp16Matmul_2d_kernel.pickle.tmp'
Exception ignored in atexit callback: <function matmul_ext_update_autotune_table at 0x1464ab6d9800>
Traceback (most recent call last):
  File "/opt/conda/lib/python3.11/site-packages/deepspeed/ops/transformer/inference/triton/matmul_ext.py", line 480, in matmul_ext_update_autotune_table
    fp16_matmul._update_autotune_table()
  File "/opt/conda/lib/python3.11/site-packages/deepspeed/ops/transformer/inference/triton/matmul_ext.py", line 457, in _update_autotune_table
    TritonMatmul._update_autotune_table(__class__.__name__ + "_2d_kernel", __class__._2d_kernel)
  File "/opt/conda/lib/python3.11/site-packages/deepspeed/ops/transformer/inference/triton/matmul_ext.py", line 186, in _update_autotune_table
    cache_manager.put(autotune_table)
  File "/opt/conda/lib/python3.11/site-packages/deepspeed/ops/transformer/inference/triton/matmul_ext.py", line 103, in put
    with open(self.file_path + ".tmp", 'wb') as handle:
         ^^^^^^^^^^^^^^^^^^^^^^^^^^^^^^^^^^^
OSError: [Errno 122] Disk quota exceeded: '/p/home/jusers/raj3/juwels/.triton/autotune/Fp16Matmul_2d_kernel.pickle.tmp'
  0%|          | 7/1623 [02:04<8:00:41, 17.85s/it]
W1127 02:10:06.076000 2712923 site-packages/torch/distributed/elastic/multiprocessing/api.py:897] Sending process 2712927 closing signal SIGTERM
W1127 02:10:06.077000 2712923 site-packages/torch/distributed/elastic/multiprocessing/api.py:897] Sending process 2712928 closing signal SIGTERM
W1127 02:10:06.077000 2712923 site-packages/torch/distributed/elastic/multiprocessing/api.py:897] Sending process 2712929 closing signal SIGTERM
E1127 02:10:06.492000 2712923 site-packages/torch/distributed/elastic/multiprocessing/api.py:869] failed (exitcode: 1) local_rank: 3 (pid: 2712930) of binary: /opt/conda/bin/python3.11
Traceback (most recent call last):
  File "/opt/conda/bin/torchrun", line 8, in <module>
    sys.exit(main())
             ^^^^^^
  File "/opt/conda/lib/python3.11/site-packages/torch/distributed/elastic/multiprocessing/errors/__init__.py", line 355, in wrapper
    return f(*args, **kwargs)
           ^^^^^^^^^^^^^^^^^^
  File "/opt/conda/lib/python3.11/site-packages/torch/distributed/run.py", line 918, in main
    run(args)
  File "/opt/conda/lib/python3.11/site-packages/torch/distributed/run.py", line 909, in run
    elastic_launch(
  File "/opt/conda/lib/python3.11/site-packages/torch/distributed/launcher/api.py", line 138, in __call__
    return launch_agent(self._config, self._entrypoint, list(args))
           ^^^^^^^^^^^^^^^^^^^^^^^^^^^^^^^^^^^^^^^^^^^^^^^^^^^^^^^^
  File "/opt/conda/lib/python3.11/site-packages/torch/distributed/launcher/api.py", line 269, in launch_agent
    raise ChildFailedError(
torch.distributed.elastic.multiprocessing.errors.ChildFailedError: 
============================================================
/app/src/llamafactory/launcher.py FAILED
------------------------------------------------------------
Failures:
  <NO_OTHER_FAILURES>
------------------------------------------------------------
Root Cause (first observed failure):
[0]:
  time      : 2025-11-27_02:10:06
  host      : jwb0236.juwels
  rank      : 3 (local_rank: 3)
  exitcode  : 1 (pid: 2712930)
  error_file: <N/A>
  traceback : To enable traceback see: https://pytorch.org/docs/stable/elastic/errors.html
============================================================
Traceback (most recent call last):
  File "/opt/conda/bin/llamafactory-cli", line 7, in <module>
    sys.exit(main())
             ^^^^^^
  File "/app/src/llamafactory/cli.py", line 24, in main
    launcher.launch()
  File "/app/src/llamafactory/launcher.py", line 110, in launch
    process = subprocess.run(
              ^^^^^^^^^^^^^^^
  File "/opt/conda/lib/python3.11/subprocess.py", line 571, in run
    raise CalledProcessError(retcode, process.args,
subprocess.CalledProcessError: Command '['torchrun', '--nnodes', '2', '--node_rank', '0', '--nproc_per_node', '4', '--master_addr', 'jwb0236i', '--master_port', '29775', '/app/src/llamafactory/launcher.py', 'examples/train_full/opensci_full_sft_fsdp.yaml']' returned non-zero exit status 1.

jwb0256:2197060:2198755 [0] misc/socket.cc:50 NCCL WARN socketProgress: Connection closed by remote peer jwb0236i.juwels<42268>
jwb0256:2197060:2198755 [0] NCCL INFO misc/socket.cc:752 -> 6
jwb0256:2197060:2198755 [0] NCCL INFO transport/net_socket.cc:474 -> 6
jwb0256:2197060:2198755 [0] NCCL INFO transport/net.cc:1302 -> 6
jwb0256:2197060:2198755 [0] NCCL INFO proxy.cc:698 -> 6
jwb0256:2197060:2198755 [0] NCCL INFO proxy.cc:878 -> 6 [Progress Thread]

jwb0256:2197060:2198755 [0] misc/socket.cc:50 NCCL WARN socketProgress: Connection closed by remote peer jwb0236i.juwels<42268>
jwb0256:2197060:2198755 [0] NCCL INFO misc/socket.cc:752 -> 6
jwb0256:2197060:2198755 [0] NCCL INFO transport/net_socket.cc:474 -> 6
jwb0256:2197060:2198755 [0] NCCL INFO transport/net.cc:1302 -> 6
jwb0256:2197060:2198755 [0] NCCL INFO proxy.cc:698 -> 6
jwb0256:2197060:2198755 [0] NCCL INFO proxy.cc:878 -> 6 [Progress Thread]

jwb0256:2197060:2198755 [0] misc/socket.cc:50 NCCL WARN socketProgress: Connection closed by remote peer jwb0236i.juwels<42268>
jwb0256:2197060:2198755 [0] NCCL INFO misc/socket.cc:752 -> 6
jwb0256:2197060:2198755 [0] NCCL INFO transport/net_socket.cc:474 -> 6
jwb0256:2197060:2198755 [0] NCCL INFO transport/net.cc:1302 -> 6
jwb0256:2197060:2198755 [0] NCCL INFO proxy.cc:698 -> 6
jwb0256:2197060:2198755 [0] NCCL INFO proxy.cc:878 -> 6 [Progress Thread]

jwb0256:2197060:2198755 [0] misc/socket.cc:50 NCCL WARN socketProgress: Connection closed by remote peer jwb0236i.juwels<42268>
jwb0256:2197060:2198755 [0] NCCL INFO misc/socket.cc:752 -> 6
jwb0256:2197060:2198755 [0] NCCL INFO transport/net_socket.cc:474 -> 6
jwb0256:2197060:2198755 [0] NCCL INFO transport/net.cc:1302 -> 6
jwb0256:2197060:2198755 [0] NCCL INFO proxy.cc:698 -> 6
jwb0256:2197060:2198755 [0] NCCL INFO proxy.cc:878 -> 6 [Progress Thread]

jwb0256:2197060:2198755 [0] misc/socket.cc:50 NCCL WARN socketProgress: Connection closed by remote peer jwb0236i.juwels<42268>
jwb0256:2197060:2198755 [0] NCCL INFO misc/socket.cc:752 -> 6
jwb0256:2197060:2198755 [0] NCCL INFO transport/net_socket.cc:474 -> 6
jwb0256:2197060:2198755 [0] NCCL INFO transport/net.cc:1302 -> 6
jwb0256:2197060:2198755 [0] NCCL INFO proxy.cc:698 -> 6
jwb0256:2197060:2198755 [0] NCCL INFO proxy.cc:878 -> 6 [Progress Thread]

jwb0256:2197060:2198755 [0] misc/socket.cc:50 NCCL WARN socketProgress: Connection closed by remote peer jwb0236i.juwels<42268>
jwb0256:2197060:2198755 [0] NCCL INFO misc/socket.cc:752 -> 6
jwb0256:2197060:2198755 [0] NCCL INFO transport/net_socket.cc:474 -> 6
jwb0256:2197060:2198755 [0] NCCL INFO transport/net.cc:1302 -> 6
jwb0256:2197060:2198755 [0] NCCL INFO proxy.cc:698 -> 6
jwb0256:2197060:2198755 [0] NCCL INFO proxy.cc:878 -> 6 [Progress Thread]

jwb0256:2197060:2198755 [0] misc/socket.cc:50 NCCL WARN socketProgress: Connection closed by remote peer jwb0236i.juwels<42268>
jwb0256:2197060:2198755 [0] NCCL INFO misc/socket.cc:752 -> 6
jwb0256:2197060:2198755 [0] NCCL INFO transport/net_socket.cc:474 -> 6
jwb0256:2197060:2198755 [0] NCCL INFO transport/net.cc:1302 -> 6
jwb0256:2197060:2198755 [0] NCCL INFO proxy.cc:698 -> 6
jwb0256:2197060:2198755 [0] NCCL INFO proxy.cc:878 -> 6 [Progress Thread]

jwb0256:2197060:2198755 [0] misc/socket.cc:50 NCCL WARN socketProgress: Connection closed by remote peer jwb0236i.juwels<42268>
jwb0256:2197060:2198755 [0] NCCL INFO misc/socket.cc:752 -> 6
jwb0256:2197060:2198755 [0] NCCL INFO transport/net_socket.cc:474 -> 6
jwb0256:2197060:2198755 [0] NCCL INFO transport/net.cc:1302 -> 6
jwb0256:2197060:2198755 [0] NCCL INFO proxy.cc:698 -> 6
jwb0256:2197060:2198755 [0] NCCL INFO proxy.cc:878 -> 6 [Progress Thread]

jwb0256:2197060:2198755 [0] misc/socket.cc:50 NCCL WARN socketProgress: Connection closed by remote peer jwb0236i.juwels<42268>
jwb0256:2197060:2198755 [0] NCCL INFO misc/socket.cc:752 -> 6
jwb0256:2197060:2198755 [0] NCCL INFO transport/net_socket.cc:474 -> 6
jwb0256:2197060:2198755 [0] NCCL INFO transport/net.cc:1302 -> 6
jwb0256:2197060:2198755 [0] NCCL INFO proxy.cc:698 -> 6
jwb0256:2197060:2198755 [0] NCCL INFO proxy.cc:878 -> 6 [Progress Thread]

jwb0256:2197060:2198755 [0] misc/socket.cc:50 NCCL WARN socketProgress: Connection closed by remote peer jwb0236i.juwels<42268>
jwb0256:2197060:2198755 [0] NCCL INFO misc/socket.cc:752 -> 6
jwb0256:2197060:2198755 [0] NCCL INFO transport/net_socket.cc:474 -> 6
jwb0256:2197060:2198755 [0] NCCL INFO transport/net.cc:1302 -> 6
jwb0256:2197060:2198755 [0] NCCL INFO proxy.cc:698 -> 6
jwb0256:2197060:2198755 [0] NCCL INFO proxy.cc:878 -> 6 [Progress Thread]

jwb0256:2197060:2198755 [0] misc/socket.cc:50 NCCL WARN socketProgress: Connection closed by remote peer jwb0236i.juwels<42268>
jwb0256:2197060:2198755 [0] NCCL INFO misc/socket.cc:752 -> 6
jwb0256:2197060:2198755 [0] NCCL INFO transport/net_socket.cc:474 -> 6
jwb0256:2197060:2198755 [0] NCCL INFO transport/net.cc:1302 -> 6
jwb0256:2197060:2198755 [0] NCCL INFO proxy.cc:698 -> 6
jwb0256:2197060:2198755 [0] NCCL INFO proxy.cc:878 -> 6 [Progress Thread]

jwb0256:2197060:2198755 [0] misc/socket.cc:50 NCCL WARN socketProgress: Connection closed by remote peer jwb0236i.juwels<42268>
jwb0256:2197060:2198755 [0] NCCL INFO misc/socket.cc:752 -> 6
jwb0256:2197060:2198755 [0] NCCL INFO transport/net_socket.cc:474 -> 6
jwb0256:2197060:2198755 [0] NCCL INFO transport/net.cc:1302 -> 6
jwb0256:2197060:2198755 [0] NCCL INFO proxy.cc:698 -> 6
jwb0256:2197060:2198755 [0] NCCL INFO proxy.cc:878 -> 6 [Progress Thread]

jwb0256:2197060:2198755 [0] misc/socket.cc:50 NCCL WARN socketProgress: Connection closed by remote peer jwb0236i.juwels<42268>
jwb0256:2197060:2198755 [0] NCCL INFO misc/socket.cc:752 -> 6
jwb0256:2197060:2198755 [0] NCCL INFO transport/net_socket.cc:474 -> 6
jwb0256:2197060:2198755 [0] NCCL INFO transport/net.cc:1302 -> 6
jwb0256:2197060:2198755 [0] NCCL INFO proxy.cc:698 -> 6
jwb0256:2197060:2198755 [0] NCCL INFO proxy.cc:878 -> 6 [Progress Thread]

jwb0256:2197060:2198755 [0] misc/socket.cc:50 NCCL WARN socketProgress: Connection closed by remote peer jwb0236i.juwels<42268>
jwb0256:2197060:2198755 [0] NCCL INFO misc/socket.cc:752 -> 6
jwb0256:2197060:2198755 [0] NCCL INFO transport/net_socket.cc:474 -> 6
jwb0256:2197060:2198755 [0] NCCL INFO transport/net.cc:1302 -> 6
jwb0256:2197060:2198755 [0] NCCL INFO proxy.cc:698 -> 6
jwb0256:2197060:2198755 [0] NCCL INFO proxy.cc:878 -> 6 [Progress Thread]

jwb0256:2197060:2198755 [0] misc/socket.cc:50 NCCL WARN socketProgress: Connection closed by remote peer jwb0236i.juwels<42268>
jwb0256:2197060:2198755 [0] NCCL INFO misc/socket.cc:752 -> 6
jwb0256:2197060:2198755 [0] NCCL INFO transport/net_socket.cc:474 -> 6
jwb0256:2197060:2198755 [0] NCCL INFO transport/net.cc:1302 -> 6
jwb0256:2197060:2198755 [0] NCCL INFO proxy.cc:698 -> 6
jwb0256:2197060:2198755 [0] NCCL INFO proxy.cc:878 -> 6 [Progress Thread]

jwb0256:2197060:2198755 [0] misc/socket.cc:50 NCCL WARN socketProgress: Connection closed by remote peer jwb0236i.juwels<42268>
jwb0256:2197060:2198755 [0] NCCL INFO misc/socket.cc:752 -> 6
jwb0256:2197060:2198755 [0] NCCL INFO transport/net_socket.cc:474 -> 6
jwb0256:2197060:2198755 [0] NCCL INFO transport/net.cc:1302 -> 6
jwb0256:2197060:2198755 [0] NCCL INFO proxy.cc:698 -> 6
jwb0256:2197060:2198755 [0] NCCL INFO proxy.cc:878 -> 6 [Progress Thread]

jwb0256:2197060:2198755 [0] misc/socket.cc:50 NCCL WARN socketProgress: Connection closed by remote peer jwb0236i.juwels<42268>
jwb0256:2197060:2198755 [0] NCCL INFO misc/socket.cc:752 -> 6
jwb0256:2197060:2198755 [0] NCCL INFO transport/net_socket.cc:474 -> 6
jwb0256:2197060:2198755 [0] NCCL INFO transport/net.cc:1302 -> 6
jwb0256:2197060:2198755 [0] NCCL INFO proxy.cc:698 -> 6
jwb0256:2197060:2198755 [0] NCCL INFO proxy.cc:878 -> 6 [Progress Thread]

jwb0256:2197060:2198755 [0] misc/socket.cc:50 NCCL WARN socketProgress: Connection closed by remote peer jwb0236i.juwels<42268>
jwb0256:2197060:2198755 [0] NCCL INFO misc/socket.cc:752 -> 6
jwb0256:2197060:2198755 [0] NCCL INFO transport/net_socket.cc:474 -> 6
jwb0256:2197060:2198755 [0] NCCL INFO transport/net.cc:1302 -> 6
jwb0256:2197060:2198755 [0] NCCL INFO proxy.cc:698 -> 6
jwb0256:2197060:2198755 [0] NCCL INFO proxy.cc:878 -> 6 [Progress Thread]

jwb0256:2197060:2198755 [0] misc/socket.cc:50 NCCL WARN socketProgress: Connection closed by remote peer jwb0236i.juwels<42268>
jwb0256:2197060:2198755 [0] NCCL INFO misc/socket.cc:752 -> 6
jwb0256:2197060:2198755 [0] NCCL INFO transport/net_socket.cc:474 -> 6
jwb0256:2197060:2198755 [0] NCCL INFO transport/net.cc:1302 -> 6
jwb0256:2197060:2198755 [0] NCCL INFO proxy.cc:698 -> 6
jwb0256:2197060:2198755 [0] NCCL INFO proxy.cc:878 -> 6 [Progress Thread]

jwb0256:2197060:2198755 [0] misc/socket.cc:50 NCCL WARN socketProgress: Connection closed by remote peer jwb0236i.juwels<42268>
jwb0256:2197060:2198755 [0] NCCL INFO misc/socket.cc:752 -> 6
jwb0256:2197060:2198755 [0] NCCL INFO transport/net_socket.cc:474 -> 6
jwb0256:2197060:2198755 [0] NCCL INFO transport/net.cc:1302 -> 6
jwb0256:2197060:2198755 [0] NCCL INFO proxy.cc:698 -> 6
jwb0256:2197060:2198755 [0] NCCL INFO proxy.cc:878 -> 6 [Progress Thread]

jwb0256:2197060:2198755 [0] misc/socket.cc:50 NCCL WARN socketProgress: Connection closed by remote peer jwb0236i.juwels<42268>
jwb0256:2197060:2198755 [0] NCCL INFO misc/socket.cc:752 -> 6
jwb0256:2197060:2198755 [0] NCCL INFO transport/net_socket.cc:474 -> 6
jwb0256:2197060:2198755 [0] NCCL INFO transport/net.cc:1302 -> 6
jwb0256:2197060:2198755 [0] NCCL INFO proxy.cc:698 -> 6
jwb0256:2197060:2198755 [0] NCCL INFO proxy.cc:878 -> 6 [Progress Thread]

jwb0256:2197060:2198755 [0] misc/socket.cc:50 NCCL WARN socketProgress: Connection closed by remote peer jwb0236i.juwels<42268>
jwb0256:2197060:2198755 [0] NCCL INFO misc/socket.cc:752 -> 6
jwb0256:2197060:2198755 [0] NCCL INFO transport/net_socket.cc:474 -> 6
jwb0256:2197060:2198755 [0] NCCL INFO transport/net.cc:1302 -> 6
jwb0256:2197060:2198755 [0] NCCL INFO proxy.cc:698 -> 6
jwb0256:2197060:2198755 [0] NCCL INFO proxy.cc:878 -> 6 [Progress Thread]

jwb0256:2197060:2198755 [0] misc/socket.cc:50 NCCL WARN socketProgress: Connection closed by remote peer jwb0236i.juwels<42268>
jwb0256:2197060:2198755 [0] NCCL INFO misc/socket.cc:752 -> 6
jwb0256:2197060:2198755 [0] NCCL INFO transport/net_socket.cc:474 -> 6
jwb0256:2197060:2198755 [0] NCCL INFO transport/net.cc:1302 -> 6
jwb0256:2197060:2198755 [0] NCCL INFO proxy.cc:698 -> 6
jwb0256:2197060:2198755 [0] NCCL INFO proxy.cc:878 -> 6 [Progress Thread]

jwb0256:2197060:2198755 [0] misc/socket.cc:50 NCCL WARN socketProgress: Connection closed by remote peer jwb0236i.juwels<42268>
jwb0256:2197060:2198755 [0] NCCL INFO misc/socket.cc:752 -> 6
jwb0256:2197060:2198755 [0] NCCL INFO transport/net_socket.cc:474 -> 6
jwb0256:2197060:2198755 [0] NCCL INFO transport/net.cc:1302 -> 6
jwb0256:2197060:2198755 [0] NCCL INFO proxy.cc:698 -> 6
jwb0256:2197060:2198755 [0] NCCL INFO proxy.cc:878 -> 6 [Progress Thread]

jwb0256:2197060:2198755 [0] misc/socket.cc:50 NCCL WARN socketProgress: Connection closed by remote peer jwb0236i.juwels<42268>
jwb0256:2197060:2198755 [0] NCCL INFO misc/socket.cc:752 -> 6
jwb0256:2197060:2198755 [0] NCCL INFO transport/net_socket.cc:474 -> 6
jwb0256:2197060:2198755 [0] NCCL INFO transport/net.cc:1302 -> 6
jwb0256:2197060:2198755 [0] NCCL INFO proxy.cc:698 -> 6
jwb0256:2197060:2198755 [0] NCCL INFO proxy.cc:878 -> 6 [Progress Thread]

jwb0256:2197060:2198755 [0] misc/socket.cc:50 NCCL WARN socketProgress: Connection closed by remote peer jwb0236i.juwels<42268>
jwb0256:2197060:2198755 [0] NCCL INFO misc/socket.cc:752 -> 6
jwb0256:2197060:2198755 [0] NCCL INFO transport/net_socket.cc:474 -> 6
jwb0256:2197060:2198755 [0] NCCL INFO transport/net.cc:1302 -> 6
jwb0256:2197060:2198755 [0] NCCL INFO proxy.cc:698 -> 6
jwb0256:2197060:2198755 [0] NCCL INFO proxy.cc:878 -> 6 [Progress Thread]

jwb0256:2197060:2198755 [0] misc/socket.cc:50 NCCL WARN socketProgress: Connection closed by remote peer jwb0236i.juwels<42268>
jwb0256:2197060:2198755 [0] NCCL INFO misc/socket.cc:752 -> 6
jwb0256:2197060:2198755 [0] NCCL INFO transport/net_socket.cc:474 -> 6
jwb0256:2197060:2198755 [0] NCCL INFO transport/net.cc:1302 -> 6
jwb0256:2197060:2198755 [0] NCCL INFO proxy.cc:698 -> 6
jwb0256:2197060:2198755 [0] NCCL INFO proxy.cc:878 -> 6 [Progress Thread]

jwb0256:2197060:2198755 [0] misc/socket.cc:50 NCCL WARN socketProgress: Connection closed by remote peer jwb0236i.juwels<42268>
jwb0256:2197060:2198755 [0] NCCL INFO misc/socket.cc:752 -> 6
jwb0256:2197060:2198755 [0] NCCL INFO transport/net_socket.cc:474 -> 6
jwb0256:2197060:2198755 [0] NCCL INFO transport/net.cc:1302 -> 6
jwb0256:2197060:2198755 [0] NCCL INFO proxy.cc:698 -> 6
jwb0256:2197060:2198755 [0] NCCL INFO proxy.cc:878 -> 6 [Progress Thread]

jwb0256:2197060:2198755 [0] misc/socket.cc:50 NCCL WARN socketProgress: Connection closed by remote peer jwb0236i.juwels<42268>
jwb0256:2197060:2198755 [0] NCCL INFO misc/socket.cc:752 -> 6
jwb0256:2197060:2198755 [0] NCCL INFO transport/net_socket.cc:474 -> 6
jwb0256:2197060:2198755 [0] NCCL INFO transport/net.cc:1302 -> 6
jwb0256:2197060:2198755 [0] NCCL INFO proxy.cc:698 -> 6
jwb0256:2197060:2198755 [0] NCCL INFO proxy.cc:878 -> 6 [Progress Thread]

jwb0256:2197060:2198755 [0] misc/socket.cc:50 NCCL WARN socketProgress: Connection closed by remote peer jwb0236i.juwels<42268>
jwb0256:2197060:2198755 [0] NCCL INFO misc/socket.cc:752 -> 6
jwb0256:2197060:2198755 [0] NCCL INFO transport/net_socket.cc:474 -> 6
jwb0256:2197060:2198755 [0] NCCL INFO transport/net.cc:1302 -> 6
jwb0256:2197060:2198755 [0] NCCL INFO proxy.cc:698 -> 6
jwb0256:2197060:2198755 [0] NCCL INFO proxy.cc:878 -> 6 [Progress Thread]

jwb0256:2197060:2198755 [0] misc/socket.cc:50 NCCL WARN socketProgress: Connection closed by remote peer jwb0236i.juwels<42268>
jwb0256:2197060:2198755 [0] NCCL INFO misc/socket.cc:752 -> 6
jwb0256:2197060:2198755 [0] NCCL INFO transport/net_socket.cc:474 -> 6
jwb0256:2197060:2198755 [0] NCCL INFO transport/net.cc:1302 -> 6
jwb0256:2197060:2198755 [0] NCCL INFO proxy.cc:698 -> 6
jwb0256:2197060:2198755 [0] NCCL INFO proxy.cc:878 -> 6 [Progress Thread]

jwb0256:2197060:2198755 [0] misc/socket.cc:50 NCCL WARN socketProgress: Connection closed by remote peer jwb0236i.juwels<42268>
jwb0256:2197060:2198755 [0] NCCL INFO misc/socket.cc:752 -> 6
jwb0256:2197060:2198755 [0] NCCL INFO transport/net_socket.cc:474 -> 6
jwb0256:2197060:2198755 [0] NCCL INFO transport/net.cc:1302 -> 6
jwb0256:2197060:2198755 [0] NCCL INFO proxy.cc:698 -> 6
jwb0256:2197060:2198755 [0] NCCL INFO proxy.cc:878 -> 6 [Progress Thread]

jwb0256:2197060:2198755 [0] misc/socket.cc:50 NCCL WARN socketProgress: Connection closed by remote peer jwb0236i.juwels<42268>
jwb0256:2197060:2198755 [0] NCCL INFO misc/socket.cc:752 -> 6
jwb0256:2197060:2198755 [0] NCCL INFO transport/net_socket.cc:474 -> 6
jwb0256:2197060:2198755 [0] NCCL INFO transport/net.cc:1302 -> 6
jwb0256:2197060:2198755 [0] NCCL INFO proxy.cc:698 -> 6
jwb0256:2197060:2198755 [0] NCCL INFO proxy.cc:878 -> 6 [Progress Thread]

jwb0256:2197060:2198755 [0] misc/socket.cc:50 NCCL WARN socketProgress: Connection closed by remote peer jwb0236i.juwels<42268>
jwb0256:2197060:2198755 [0] NCCL INFO misc/socket.cc:752 -> 6
jwb0256:2197060:2198755 [0] NCCL INFO transport/net_socket.cc:474 -> 6
jwb0256:2197060:2198755 [0] NCCL INFO transport/net.cc:1302 -> 6
jwb0256:2197060:2198755 [0] NCCL INFO proxy.cc:698 -> 6
jwb0256:2197060:2198755 [0] NCCL INFO proxy.cc:878 -> 6 [Progress Thread]

jwb0256:2197060:2198755 [0] misc/socket.cc:50 NCCL WARN socketProgress: Connection closed by remote peer jwb0236i.juwels<42268>
jwb0256:2197060:2198755 [0] NCCL INFO misc/socket.cc:752 -> 6
jwb0256:2197060:2198755 [0] NCCL INFO transport/net_socket.cc:474 -> 6
jwb0256:2197060:2198755 [0] NCCL INFO transport/net.cc:1302 -> 6
jwb0256:2197060:2198755 [0] NCCL INFO proxy.cc:698 -> 6
jwb0256:2197060:2198755 [0] NCCL INFO proxy.cc:878 -> 6 [Progress Thread]

jwb0256:2197060:2198755 [0] misc/socket.cc:50 NCCL WARN socketProgress: Connection closed by remote peer jwb0236i.juwels<42268>
jwb0256:2197060:2198755 [0] NCCL INFO misc/socket.cc:752 -> 6
jwb0256:2197060:2198755 [0] NCCL INFO transport/net_socket.cc:474 -> 6
jwb0256:2197060:2198755 [0] NCCL INFO transport/net.cc:1302 -> 6
jwb0256:2197060:2198755 [0] NCCL INFO proxy.cc:698 -> 6
jwb0256:2197060:2198755 [0] NCCL INFO proxy.cc:878 -> 6 [Progress Thread]

jwb0256:2197060:2198755 [0] misc/socket.cc:50 NCCL WARN socketProgress: Connection closed by remote peer jwb0236i.juwels<42268>
jwb0256:2197060:2198755 [0] NCCL INFO misc/socket.cc:752 -> 6
jwb0256:2197060:2198755 [0] NCCL INFO transport/net_socket.cc:474 -> 6
jwb0256:2197060:2198755 [0] NCCL INFO transport/net.cc:1302 -> 6
jwb0256:2197060:2198755 [0] NCCL INFO proxy.cc:698 -> 6
jwb0256:2197060:2198755 [0] NCCL INFO proxy.cc:878 -> 6 [Progress Thread]

jwb0256:2197060:2198755 [0] misc/socket.cc:50 NCCL WARN socketProgress: Connection closed by remote peer jwb0236i.juwels<42268>
jwb0256:2197060:2198755 [0] NCCL INFO misc/socket.cc:752 -> 6
jwb0256:2197060:2198755 [0] NCCL INFO transport/net_socket.cc:474 -> 6
jwb0256:2197060:2198755 [0] NCCL INFO transport/net.cc:1302 -> 6
jwb0256:2197060:2198755 [0] NCCL INFO proxy.cc:698 -> 6
jwb0256:2197060:2198755 [0] NCCL INFO proxy.cc:878 -> 6 [Progress Thread]

jwb0256:2197060:2198755 [0] misc/socket.cc:50 NCCL WARN socketProgress: Connection closed by remote peer jwb0236i.juwels<42268>
jwb0256:2197060:2198755 [0] NCCL INFO misc/socket.cc:752 -> 6
jwb0256:2197060:2198755 [0] NCCL INFO transport/net_socket.cc:474 -> 6
jwb0256:2197060:2198755 [0] NCCL INFO transport/net.cc:1302 -> 6
jwb0256:2197060:2198755 [0] NCCL INFO proxy.cc:698 -> 6
jwb0256:2197060:2198755 [0] NCCL INFO proxy.cc:878 -> 6 [Progress Thread]

jwb0256:2197060:2198755 [0] misc/socket.cc:50 NCCL WARN socketProgress: Connection closed by remote peer jwb0236i.juwels<42268>
jwb0256:2197060:2198755 [0] NCCL INFO misc/socket.cc:752 -> 6
jwb0256:2197060:2198755 [0] NCCL INFO transport/net_socket.cc:474 -> 6
jwb0256:2197060:2198755 [0] NCCL INFO transport/net.cc:1302 -> 6
jwb0256:2197060:2198755 [0] NCCL INFO proxy.cc:698 -> 6
jwb0256:2197060:2198755 [0] NCCL INFO proxy.cc:878 -> 6 [Progress Thread]

jwb0256:2197060:2198755 [0] misc/socket.cc:50 NCCL WARN socketProgress: Connection closed by remote peer jwb0236i.juwels<42268>
jwb0256:2197060:2198755 [0] NCCL INFO misc/socket.cc:752 -> 6
jwb0256:2197060:2198755 [0] NCCL INFO transport/net_socket.cc:474 -> 6
jwb0256:2197060:2198755 [0] NCCL INFO transport/net.cc:1302 -> 6
jwb0256:2197060:2198755 [0] NCCL INFO proxy.cc:698 -> 6
jwb0256:2197060:2198755 [0] NCCL INFO proxy.cc:878 -> 6 [Progress Thread]

jwb0256:2197060:2198755 [0] misc/socket.cc:50 NCCL WARN socketProgress: Connection closed by remote peer jwb0236i.juwels<42268>
jwb0256:2197060:2198755 [0] NCCL INFO misc/socket.cc:752 -> 6
jwb0256:2197060:2198755 [0] NCCL INFO transport/net_socket.cc:474 -> 6
jwb0256:2197060:2198755 [0] NCCL INFO transport/net.cc:1302 -> 6
jwb0256:2197060:2198755 [0] NCCL INFO proxy.cc:698 -> 6
jwb0256:2197060:2198755 [0] NCCL INFO proxy.cc:878 -> 6 [Progress Thread]

jwb0256:2197060:2198755 [0] misc/socket.cc:50 NCCL WARN socketProgress: Connection closed by remote peer jwb0236i.juwels<42268>
jwb0256:2197060:2198755 [0] NCCL INFO misc/socket.cc:752 -> 6
jwb0256:2197060:2198755 [0] NCCL INFO transport/net_socket.cc:474 -> 6
jwb0256:2197060:2198755 [0] NCCL INFO transport/net.cc:1302 -> 6
jwb0256:2197060:2198755 [0] NCCL INFO proxy.cc:698 -> 6
jwb0256:2197060:2198755 [0] NCCL INFO proxy.cc:878 -> 6 [Progress Thread]

jwb0256:2197060:2198755 [0] misc/socket.cc:50 NCCL WARN socketProgress: Connection closed by remote peer jwb0236i.juwels<42268>
jwb0256:2197060:2198755 [0] NCCL INFO misc/socket.cc:752 -> 6
jwb0256:2197060:2198755 [0] NCCL INFO transport/net_socket.cc:474 -> 6
jwb0256:2197060:2198755 [0] NCCL INFO transport/net.cc:1302 -> 6
jwb0256:2197060:2198755 [0] NCCL INFO proxy.cc:698 -> 6
jwb0256:2197060:2198755 [0] NCCL INFO proxy.cc:878 -> 6 [Progress Thread]

jwb0256:2197060:2198755 [0] misc/socket.cc:50 NCCL WARN socketProgress: Connection closed by remote peer jwb0236i.juwels<42268>
jwb0256:2197060:2198755 [0] NCCL INFO misc/socket.cc:752 -> 6
jwb0256:2197060:2198755 [0] NCCL INFO transport/net_socket.cc:474 -> 6
jwb0256:2197060:2198755 [0] NCCL INFO transport/net.cc:1302 -> 6
jwb0256:2197060:2198755 [0] NCCL INFO proxy.cc:698 -> 6
jwb0256:2197060:2198755 [0] NCCL INFO proxy.cc:878 -> 6 [Progress Thread]

jwb0256:2197060:2198755 [0] misc/socket.cc:50 NCCL WARN socketProgress: Connection closed by remote peer jwb0236i.juwels<42268>
jwb0256:2197060:2198755 [0] NCCL INFO misc/socket.cc:752 -> 6
jwb0256:2197060:2198755 [0] NCCL INFO transport/net_socket.cc:474 -> 6
jwb0256:2197060:2198755 [0] NCCL INFO transport/net.cc:1302 -> 6
jwb0256:2197060:2198755 [0] NCCL INFO proxy.cc:698 -> 6
jwb0256:2197060:2198755 [0] NCCL INFO proxy.cc:878 -> 6 [Progress Thread]

jwb0256:2197060:2198755 [0] misc/socket.cc:50 NCCL WARN socketProgress: Connection closed by remote peer jwb0236i.juwels<42268>
jwb0256:2197060:2198755 [0] NCCL INFO misc/socket.cc:752 -> 6
jwb0256:2197060:2198755 [0] NCCL INFO transport/net_socket.cc:474 -> 6
jwb0256:2197060:2198755 [0] NCCL INFO transport/net.cc:1302 -> 6
jwb0256:2197060:2198755 [0] NCCL INFO proxy.cc:698 -> 6
jwb0256:2197060:2198755 [0] NCCL INFO proxy.cc:878 -> 6 [Progress Thread]

jwb0256:2197060:2198755 [0] misc/socket.cc:50 NCCL WARN socketProgress: Connection closed by remote peer jwb0236i.juwels<42268>
jwb0256:2197060:2198755 [0] NCCL INFO misc/socket.cc:752 -> 6
jwb0256:2197060:2198755 [0] NCCL INFO transport/net_socket.cc:474 -> 6
jwb0256:2197060:2198755 [0] NCCL INFO transport/net.cc:1302 -> 6
jwb0256:2197060:2198755 [0] NCCL INFO proxy.cc:698 -> 6
jwb0256:2197060:2198755 [0] NCCL INFO proxy.cc:878 -> 6 [Progress Thread]

jwb0256:2197060:2198755 [0] misc/socket.cc:50 NCCL WARN socketProgress: Connection closed by remote peer jwb0236i.juwels<42268>
jwb0256:2197060:2198755 [0] NCCL INFO misc/socket.cc:752 -> 6
jwb0256:2197060:2198755 [0] NCCL INFO transport/net_socket.cc:474 -> 6
jwb0256:2197060:2198755 [0] NCCL INFO transport/net.cc:1302 -> 6
jwb0256:2197060:2198755 [0] NCCL INFO proxy.cc:698 -> 6
jwb0256:2197060:2198755 [0] NCCL INFO proxy.cc:878 -> 6 [Progress Thread]

jwb0256:2197060:2198755 [0] misc/socket.cc:50 NCCL WARN socketProgress: Connection closed by remote peer jwb0236i.juwels<42268>
jwb0256:2197060:2198755 [0] NCCL INFO misc/socket.cc:752 -> 6
jwb0256:2197060:2198755 [0] NCCL INFO transport/net_socket.cc:474 -> 6
jwb0256:2197060:2198755 [0] NCCL INFO transport/net.cc:1302 -> 6
jwb0256:2197060:2198755 [0] NCCL INFO proxy.cc:698 -> 6
jwb0256:2197060:2198755 [0] NCCL INFO proxy.cc:878 -> 6 [Progress Thread]

jwb0256:2197060:2198755 [0] misc/socket.cc:50 NCCL WARN socketProgress: Connection closed by remote peer jwb0236i.juwels<42268>
jwb0256:2197060:2198755 [0] NCCL INFO misc/socket.cc:752 -> 6
jwb0256:2197060:2198755 [0] NCCL INFO transport/net_socket.cc:474 -> 6
jwb0256:2197060:2198755 [0] NCCL INFO transport/net.cc:1302 -> 6
jwb0256:2197060:2198755 [0] NCCL INFO proxy.cc:698 -> 6
jwb0256:2197060:2198755 [0] NCCL INFO proxy.cc:878 -> 6 [Progress Thread]

jwb0256:2197060:2198755 [0] misc/socket.cc:50 NCCL WARN socketProgress: Connection closed by remote peer jwb0236i.juwels<42268>
jwb0256:2197060:2198755 [0] NCCL INFO misc/socket.cc:752 -> 6
jwb0256:2197060:2198755 [0] NCCL INFO transport/net_socket.cc:474 -> 6
jwb0256:2197060:2198755 [0] NCCL INFO transport/net.cc:1302 -> 6
jwb0256:2197060:2198755 [0] NCCL INFO proxy.cc:698 -> 6
jwb0256:2197060:2198755 [0] NCCL INFO proxy.cc:878 -> 6 [Progress Thread]

jwb0256:2197060:2198755 [0] misc/socket.cc:50 NCCL WARN socketProgress: Connection closed by remote peer jwb0236i.juwels<42268>
jwb0256:2197060:2198755 [0] NCCL INFO misc/socket.cc:752 -> 6
jwb0256:2197060:2198755 [0] NCCL INFO transport/net_socket.cc:474 -> 6
jwb0256:2197060:2198755 [0] NCCL INFO transport/net.cc:1302 -> 6
jwb0256:2197060:2198755 [0] NCCL INFO proxy.cc:698 -> 6
jwb0256:2197060:2198755 [0] NCCL INFO proxy.cc:878 -> 6 [Progress Thread]

jwb0256:2197060:2198755 [0] misc/socket.cc:50 NCCL WARN socketProgress: Connection closed by remote peer jwb0236i.juwels<42268>
jwb0256:2197060:2198755 [0] NCCL INFO misc/socket.cc:752 -> 6
jwb0256:2197060:2198755 [0] NCCL INFO transport/net_socket.cc:474 -> 6
jwb0256:2197060:2198755 [0] NCCL INFO transport/net.cc:1302 -> 6
jwb0256:2197060:2198755 [0] NCCL INFO proxy.cc:698 -> 6
jwb0256:2197060:2198755 [0] NCCL INFO proxy.cc:878 -> 6 [Progress Thread]

jwb0256:2197060:2198755 [0] misc/socket.cc:50 NCCL WARN socketProgress: Connection closed by remote peer jwb0236i.juwels<42268>
jwb0256:2197060:2198755 [0] NCCL INFO misc/socket.cc:752 -> 6
jwb0256:2197060:2198755 [0] NCCL INFO transport/net_socket.cc:474 -> 6
jwb0256:2197060:2198755 [0] NCCL INFO transport/net.cc:1302 -> 6
jwb0256:2197060:2198755 [0] NCCL INFO proxy.cc:698 -> 6
jwb0256:2197060:2198755 [0] NCCL INFO proxy.cc:878 -> 6 [Progress Thread]

jwb0256:2197060:2198755 [0] misc/socket.cc:50 NCCL WARN socketProgress: Connection closed by remote peer jwb0236i.juwels<42268>
jwb0256:2197060:2198755 [0] NCCL INFO misc/socket.cc:752 -> 6
jwb0256:2197060:2198755 [0] NCCL INFO transport/net_socket.cc:474 -> 6
jwb0256:2197060:2198755 [0] NCCL INFO transport/net.cc:1302 -> 6
jwb0256:2197060:2198755 [0] NCCL INFO proxy.cc:698 -> 6
jwb0256:2197060:2198755 [0] NCCL INFO proxy.cc:878 -> 6 [Progress Thread]

jwb0256:2197060:2198755 [0] misc/socket.cc:50 NCCL WARN socketProgress: Connection closed by remote peer jwb0236i.juwels<42268>
jwb0256:2197060:2198755 [0] NCCL INFO misc/socket.cc:752 -> 6
jwb0256:2197060:2198755 [0] NCCL INFO transport/net_socket.cc:474 -> 6
jwb0256:2197060:2198755 [0] NCCL INFO transport/net.cc:1302 -> 6
jwb0256:2197060:2198755 [0] NCCL INFO proxy.cc:698 -> 6
jwb0256:2197060:2198755 [0] NCCL INFO proxy.cc:878 -> 6 [Progress Thread]

jwb0256:2197060:2198755 [0] misc/socket.cc:50 NCCL WARN socketProgress: Connection closed by remote peer jwb0236i.juwels<42268>
jwb0256:2197060:2198755 [0] NCCL INFO misc/socket.cc:752 -> 6
jwb0256:2197060:2198755 [0] NCCL INFO transport/net_socket.cc:474 -> 6
jwb0256:2197060:2198755 [0] NCCL INFO transport/net.cc:1302 -> 6
jwb0256:2197060:2198755 [0] NCCL INFO proxy.cc:698 -> 6
jwb0256:2197060:2198755 [0] NCCL INFO proxy.cc:878 -> 6 [Progress Thread]

jwb0256:2197060:2198755 [0] misc/socket.cc:50 NCCL WARN socketProgress: Connection closed by remote peer jwb0236i.juwels<42268>
jwb0256:2197060:2198755 [0] NCCL INFO misc/socket.cc:752 -> 6
jwb0256:2197060:2198755 [0] NCCL INFO transport/net_socket.cc:474 -> 6
jwb0256:2197060:2198755 [0] NCCL INFO transport/net.cc:1302 -> 6
jwb0256:2197060:2198755 [0] NCCL INFO proxy.cc:698 -> 6
jwb0256:2197060:2198755 [0] NCCL INFO proxy.cc:878 -> 6 [Progress Thread]

jwb0256:2197060:2198755 [0] misc/socket.cc:50 NCCL WARN socketProgress: Connection closed by remote peer jwb0236i.juwels<42268>
jwb0256:2197060:2198755 [0] NCCL INFO misc/socket.cc:752 -> 6
jwb0256:2197060:2198755 [0] NCCL INFO transport/net_socket.cc:474 -> 6
jwb0256:2197060:2198755 [0] NCCL INFO transport/net.cc:1302 -> 6
jwb0256:2197060:2198755 [0] NCCL INFO proxy.cc:698 -> 6
jwb0256:2197060:2198755 [0] NCCL INFO proxy.cc:878 -> 6 [Progress Thread]

jwb0256:2197060:2198755 [0] misc/socket.cc:50 NCCL WARN socketProgress: Connection closed by remote peer jwb0236i.juwels<42268>
jwb0256:2197060:2198755 [0] NCCL INFO misc/socket.cc:752 -> 6
jwb0256:2197060:2198755 [0] NCCL INFO transport/net_socket.cc:474 -> 6
jwb0256:2197060:2198755 [0] NCCL INFO transport/net.cc:1302 -> 6
jwb0256:2197060:2198755 [0] NCCL INFO proxy.cc:698 -> 6
jwb0256:2197060:2198755 [0] NCCL INFO proxy.cc:878 -> 6 [Progress Thread]

jwb0256:2197060:2198755 [0] misc/socket.cc:50 NCCL WARN socketProgress: Connection closed by remote peer jwb0236i.juwels<42268>
jwb0256:2197060:2198755 [0] NCCL INFO misc/socket.cc:752 -> 6
jwb0256:2197060:2198755 [0] NCCL INFO transport/net_socket.cc:474 -> 6
jwb0256:2197060:2198755 [0] NCCL INFO transport/net.cc:1302 -> 6
jwb0256:2197060:2198755 [0] NCCL INFO proxy.cc:698 -> 6
jwb0256:2197060:2198755 [0] NCCL INFO proxy.cc:878 -> 6 [Progress Thread]

jwb0256:2197060:2198755 [0] misc/socket.cc:50 NCCL WARN socketProgress: Connection closed by remote peer jwb0236i.juwels<42268>
jwb0256:2197060:2198755 [0] NCCL INFO misc/socket.cc:752 -> 6
jwb0256:2197060:2198755 [0] NCCL INFO transport/net_socket.cc:474 -> 6
jwb0256:2197060:2198755 [0] NCCL INFO transport/net.cc:1302 -> 6
jwb0256:2197060:2198755 [0] NCCL INFO proxy.cc:698 -> 6
jwb0256:2197060:2198755 [0] NCCL INFO proxy.cc:878 -> 6 [Progress Thread]

jwb0256:2197060:2198755 [0] misc/socket.cc:50 NCCL WARN socketProgress: Connection closed by remote peer jwb0236i.juwels<42268>
jwb0256:2197060:2198755 [0] NCCL INFO misc/socket.cc:752 -> 6
jwb0256:2197060:2198755 [0] NCCL INFO transport/net_socket.cc:474 -> 6
jwb0256:2197060:2198755 [0] NCCL INFO transport/net.cc:1302 -> 6
jwb0256:2197060:2198755 [0] NCCL INFO proxy.cc:698 -> 6
jwb0256:2197060:2198755 [0] NCCL INFO proxy.cc:878 -> 6 [Progress Thread]

jwb0256:2197060:2198755 [0] misc/socket.cc:50 NCCL WARN socketProgress: Connection closed by remote peer jwb0236i.juwels<42268>
jwb0256:2197060:2198755 [0] NCCL INFO misc/socket.cc:752 -> 6
jwb0256:2197060:2198755 [0] NCCL INFO transport/net_socket.cc:474 -> 6
jwb0256:2197060:2198755 [0] NCCL INFO transport/net.cc:1302 -> 6
jwb0256:2197060:2198755 [0] NCCL INFO proxy.cc:698 -> 6
jwb0256:2197060:2198755 [0] NCCL INFO proxy.cc:878 -> 6 [Progress Thread]

jwb0256:2197060:2198755 [0] misc/socket.cc:50 NCCL WARN socketProgress: Connection closed by remote peer jwb0236i.juwels<42268>
jwb0256:2197060:2198755 [0] NCCL INFO misc/socket.cc:752 -> 6
jwb0256:2197060:2198755 [0] NCCL INFO transport/net_socket.cc:474 -> 6
jwb0256:2197060:2198755 [0] NCCL INFO transport/net.cc:1302 -> 6
jwb0256:2197060:2198755 [0] NCCL INFO proxy.cc:698 -> 6
jwb0256:2197060:2198755 [0] NCCL INFO proxy.cc:878 -> 6 [Progress Thread]

jwb0256:2197060:2198755 [0] misc/socket.cc:50 NCCL WARN socketProgress: Connection closed by remote peer jwb0236i.juwels<42268>
jwb0256:2197060:2198755 [0] NCCL INFO misc/socket.cc:752 -> 6
jwb0256:2197060:2198755 [0] NCCL INFO transport/net_socket.cc:474 -> 6
jwb0256:2197060:2198755 [0] NCCL INFO transport/net.cc:1302 -> 6
jwb0256:2197060:2198755 [0] NCCL INFO proxy.cc:698 -> 6
jwb0256:2197060:2198755 [0] NCCL INFO proxy.cc:878 -> 6 [Progress Thread]

jwb0256:2197060:2198755 [0] misc/socket.cc:50 NCCL WARN socketProgress: Connection closed by remote peer jwb0236i.juwels<42268>
jwb0256:2197060:2198755 [0] NCCL INFO misc/socket.cc:752 -> 6
jwb0256:2197060:2198755 [0] NCCL INFO transport/net_socket.cc:474 -> 6
jwb0256:2197060:2198755 [0] NCCL INFO transport/net.cc:1302 -> 6
jwb0256:2197060:2198755 [0] NCCL INFO proxy.cc:698 -> 6
jwb0256:2197060:2198755 [0] NCCL INFO proxy.cc:878 -> 6 [Progress Thread]

jwb0256:2197060:2198755 [0] misc/socket.cc:50 NCCL WARN socketProgress: Connection closed by remote peer jwb0236i.juwels<42268>
jwb0256:2197060:2198755 [0] NCCL INFO misc/socket.cc:752 -> 6
jwb0256:2197060:2198755 [0] NCCL INFO transport/net_socket.cc:474 -> 6
jwb0256:2197060:2198755 [0] NCCL INFO transport/net.cc:1302 -> 6
jwb0256:2197060:2198755 [0] NCCL INFO proxy.cc:698 -> 6
jwb0256:2197060:2198755 [0] NCCL INFO proxy.cc:878 -> 6 [Progress Thread]

jwb0256:2197060:2198755 [0] misc/socket.cc:50 NCCL WARN socketProgress: Connection closed by remote peer jwb0236i.juwels<42268>
jwb0256:2197060:2198755 [0] NCCL INFO misc/socket.cc:752 -> 6
jwb0256:2197060:2198755 [0] NCCL INFO transport/net_socket.cc:474 -> 6
jwb0256:2197060:2198755 [0] NCCL INFO transport/net.cc:1302 -> 6
jwb0256:2197060:2198755 [0] NCCL INFO proxy.cc:698 -> 6
jwb0256:2197060:2198755 [0] NCCL INFO proxy.cc:878 -> 6 [Progress Thread]

jwb0256:2197060:2198755 [0] misc/socket.cc:50 NCCL WARN socketProgress: Connection closed by remote peer jwb0236i.juwels<42268>
jwb0256:2197060:2198755 [0] NCCL INFO misc/socket.cc:752 -> 6
jwb0256:2197060:2198755 [0] NCCL INFO transport/net_socket.cc:474 -> 6
jwb0256:2197060:2198755 [0] NCCL INFO transport/net.cc:1302 -> 6
jwb0256:2197060:2198755 [0] NCCL INFO proxy.cc:698 -> 6
jwb0256:2197060:2198755 [0] NCCL INFO proxy.cc:878 -> 6 [Progress Thread]

jwb0256:2197060:2198755 [0] misc/socket.cc:50 NCCL WARN socketProgress: Connection closed by remote peer jwb0236i.juwels<42268>
jwb0256:2197060:2198755 [0] NCCL INFO misc/socket.cc:752 -> 6
jwb0256:2197060:2198755 [0] NCCL INFO transport/net_socket.cc:474 -> 6
jwb0256:2197060:2198755 [0] NCCL INFO transport/net.cc:1302 -> 6
jwb0256:2197060:2198755 [0] NCCL INFO proxy.cc:698 -> 6
jwb0256:2197060:2198755 [0] NCCL INFO proxy.cc:878 -> 6 [Progress Thread]

jwb0256:2197060:2198755 [0] misc/socket.cc:50 NCCL WARN socketProgress: Connection closed by remote peer jwb0236i.juwels<42268>
jwb0256:2197060:2198755 [0] NCCL INFO misc/socket.cc:752 -> 6
jwb0256:2197060:2198755 [0] NCCL INFO transport/net_socket.cc:474 -> 6
jwb0256:2197060:2198755 [0] NCCL INFO transport/net.cc:1302 -> 6
jwb0256:2197060:2198755 [0] NCCL INFO proxy.cc:698 -> 6
jwb0256:2197060:2198755 [0] NCCL INFO proxy.cc:878 -> 6 [Progress Thread]

jwb0256:2197060:2198755 [0] misc/socket.cc:50 NCCL WARN socketProgress: Connection closed by remote peer jwb0236i.juwels<42268>
jwb0256:2197060:2198755 [0] NCCL INFO misc/socket.cc:752 -> 6
jwb0256:2197060:2198755 [0] NCCL INFO transport/net_socket.cc:474 -> 6
jwb0256:2197060:2198755 [0] NCCL INFO transport/net.cc:1302 -> 6
jwb0256:2197060:2198755 [0] NCCL INFO proxy.cc:698 -> 6
jwb0256:2197060:2198755 [0] NCCL INFO proxy.cc:878 -> 6 [Progress Thread]

jwb0256:2197060:2198755 [0] misc/socket.cc:50 NCCL WARN socketProgress: Connection closed by remote peer jwb0236i.juwels<42268>
jwb0256:2197060:2198755 [0] NCCL INFO misc/socket.cc:752 -> 6
jwb0256:2197060:2198755 [0] NCCL INFO transport/net_socket.cc:474 -> 6
jwb0256:2197060:2198755 [0] NCCL INFO transport/net.cc:1302 -> 6
jwb0256:2197060:2198755 [0] NCCL INFO proxy.cc:698 -> 6
jwb0256:2197060:2198755 [0] NCCL INFO proxy.cc:878 -> 6 [Progress Thread]

jwb0256:2197060:2198755 [0] misc/socket.cc:50 NCCL WARN socketProgress: Connection closed by remote peer jwb0236i.juwels<42268>
jwb0256:2197060:2198755 [0] NCCL INFO misc/socket.cc:752 -> 6
jwb0256:2197060:2198755 [0] NCCL INFO transport/net_socket.cc:474 -> 6
jwb0256:2197060:2198755 [0] NCCL INFO transport/net.cc:1302 -> 6
jwb0256:2197060:2198755 [0] NCCL INFO proxy.cc:698 -> 6
jwb0256:2197060:2198755 [0] NCCL INFO proxy.cc:878 -> 6 [Progress Thread]

jwb0256:2197060:2198755 [0] misc/socket.cc:50 NCCL WARN socketProgress: Connection closed by remote peer jwb0236i.juwels<42268>
jwb0256:2197060:2198755 [0] NCCL INFO misc/socket.cc:752 -> 6
jwb0256:2197060:2198755 [0] NCCL INFO transport/net_socket.cc:474 -> 6
jwb0256:2197060:2198755 [0] NCCL INFO transport/net.cc:1302 -> 6
jwb0256:2197060:2198755 [0] NCCL INFO proxy.cc:698 -> 6
jwb0256:2197060:2198755 [0] NCCL INFO proxy.cc:878 -> 6 [Progress Thread]

jwb0256:2197060:2198755 [0] misc/socket.cc:50 NCCL WARN socketProgress: Connection closed by remote peer jwb0236i.juwels<42268>
jwb0256:2197060:2198755 [0] NCCL INFO misc/socket.cc:752 -> 6
jwb0256:2197060:2198755 [0] NCCL INFO transport/net_socket.cc:474 -> 6
jwb0256:2197060:2198755 [0] NCCL INFO transport/net.cc:1302 -> 6
jwb0256:2197060:2198755 [0] NCCL INFO proxy.cc:698 -> 6
jwb0256:2197060:2198755 [0] NCCL INFO proxy.cc:878 -> 6 [Progress Thread]

jwb0256:2197060:2198755 [0] misc/socket.cc:50 NCCL WARN socketProgress: Connection closed by remote peer jwb0236i.juwels<42268>
jwb0256:2197060:2198755 [0] NCCL INFO misc/socket.cc:752 -> 6
jwb0256:2197060:2198755 [0] NCCL INFO transport/net_socket.cc:474 -> 6
jwb0256:2197060:2198755 [0] NCCL INFO transport/net.cc:1302 -> 6
jwb0256:2197060:2198755 [0] NCCL INFO proxy.cc:698 -> 6
jwb0256:2197060:2198755 [0] NCCL INFO proxy.cc:878 -> 6 [Progress Thread]

jwb0256:2197060:2198755 [0] misc/socket.cc:50 NCCL WARN socketProgress: Connection closed by remote peer jwb0236i.juwels<42268>
jwb0256:2197060:2198755 [0] NCCL INFO misc/socket.cc:752 -> 6
jwb0256:2197060:2198755 [0] NCCL INFO transport/net_socket.cc:474 -> 6
jwb0256:2197060:2198755 [0] NCCL INFO transport/net.cc:1302 -> 6
jwb0256:2197060:2198755 [0] NCCL INFO proxy.cc:698 -> 6
jwb0256:2197060:2198755 [0] NCCL INFO proxy.cc:878 -> 6 [Progress Thread]

jwb0256:2197060:2198755 [0] misc/socket.cc:50 NCCL WARN socketProgress: Connection closed by remote peer jwb0236i.juwels<42268>
jwb0256:2197060:2198755 [0] NCCL INFO misc/socket.cc:752 -> 6
jwb0256:2197060:2198755 [0] NCCL INFO transport/net_socket.cc:474 -> 6
jwb0256:2197060:2198755 [0] NCCL INFO transport/net.cc:1302 -> 6
jwb0256:2197060:2198755 [0] NCCL INFO proxy.cc:698 -> 6
jwb0256:2197060:2198755 [0] NCCL INFO proxy.cc:878 -> 6 [Progress Thread]

jwb0256:2197060:2198755 [0] misc/socket.cc:50 NCCL WARN socketProgress: Connection closed by remote peer jwb0236i.juwels<42268>
jwb0256:2197060:2198755 [0] NCCL INFO misc/socket.cc:752 -> 6
jwb0256:2197060:2198755 [0] NCCL INFO transport/net_socket.cc:474 -> 6
jwb0256:2197060:2198755 [0] NCCL INFO transport/net.cc:1302 -> 6
jwb0256:2197060:2198755 [0] NCCL INFO proxy.cc:698 -> 6
jwb0256:2197060:2198755 [0] NCCL INFO proxy.cc:878 -> 6 [Progress Thread]

jwb0256:2197060:2198755 [0] misc/socket.cc:50 NCCL WARN socketProgress: Connection closed by remote peer jwb0236i.juwels<42268>
jwb0256:2197060:2198755 [0] NCCL INFO misc/socket.cc:752 -> 6
jwb0256:2197060:2198755 [0] NCCL INFO transport/net_socket.cc:474 -> 6
jwb0256:2197060:2198755 [0] NCCL INFO transport/net.cc:1302 -> 6
jwb0256:2197060:2198755 [0] NCCL INFO proxy.cc:698 -> 6
jwb0256:2197060:2198755 [0] NCCL INFO proxy.cc:878 -> 6 [Progress Thread]

jwb0256:2197060:2198755 [0] misc/socket.cc:50 NCCL WARN socketProgress: Connection closed by remote peer jwb0236i.juwels<42268>
jwb0256:2197060:2198755 [0] NCCL INFO misc/socket.cc:752 -> 6
jwb0256:2197060:2198755 [0] NCCL INFO transport/net_socket.cc:474 -> 6
jwb0256:2197060:2198755 [0] NCCL INFO transport/net.cc:1302 -> 6
jwb0256:2197060:2198755 [0] NCCL INFO proxy.cc:698 -> 6
jwb0256:2197060:2198755 [0] NCCL INFO proxy.cc:878 -> 6 [Progress Thread]

jwb0256:2197060:2198755 [0] misc/socket.cc:50 NCCL WARN socketProgress: Connection closed by remote peer jwb0236i.juwels<42268>
jwb0256:2197060:2198755 [0] NCCL INFO misc/socket.cc:752 -> 6
jwb0256:2197060:2198755 [0] NCCL INFO transport/net_socket.cc:474 -> 6
jwb0256:2197060:2198755 [0] NCCL INFO transport/net.cc:1302 -> 6
jwb0256:2197060:2198755 [0] NCCL INFO proxy.cc:698 -> 6
jwb0256:2197060:2198755 [0] NCCL INFO proxy.cc:878 -> 6 [Progress Thread]

jwb0256:2197060:2198755 [0] misc/socket.cc:50 NCCL WARN socketProgress: Connection closed by remote peer jwb0236i.juwels<42268>
jwb0256:2197060:2198755 [0] NCCL INFO misc/socket.cc:752 -> 6
jwb0256:2197060:2198755 [0] NCCL INFO transport/net_socket.cc:474 -> 6
jwb0256:2197060:2198755 [0] NCCL INFO transport/net.cc:1302 -> 6
jwb0256:2197060:2198755 [0] NCCL INFO proxy.cc:698 -> 6
jwb0256:2197060:2198755 [0] NCCL INFO proxy.cc:878 -> 6 [Progress Thread]

jwb0256:2197060:2198755 [0] misc/socket.cc:50 NCCL WARN socketProgress: Connection closed by remote peer jwb0236i.juwels<42268>
jwb0256:2197060:2198755 [0] NCCL INFO misc/socket.cc:752 -> 6
jwb0256:2197060:2198755 [0] NCCL INFO transport/net_socket.cc:474 -> 6
jwb0256:2197060:2198755 [0] NCCL INFO transport/net.cc:1302 -> 6
jwb0256:2197060:2198755 [0] NCCL INFO proxy.cc:698 -> 6
jwb0256:2197060:2198755 [0] NCCL INFO proxy.cc:878 -> 6 [Progress Thread]

jwb0256:2197060:2198755 [0] misc/socket.cc:50 NCCL WARN socketProgress: Connection closed by remote peer jwb0236i.juwels<42268>
jwb0256:2197060:2198755 [0] NCCL INFO misc/socket.cc:752 -> 6
jwb0256:2197060:2198755 [0] NCCL INFO transport/net_socket.cc:474 -> 6
jwb0256:2197060:2198755 [0] NCCL INFO transport/net.cc:1302 -> 6
jwb0256:2197060:2198755 [0] NCCL INFO proxy.cc:698 -> 6
jwb0256:2197060:2198755 [0] NCCL INFO proxy.cc:878 -> 6 [Progress Thread]

jwb0256:2197060:2198755 [0] misc/socket.cc:50 NCCL WARN socketProgress: Connection closed by remote peer jwb0236i.juwels<42268>
jwb0256:2197060:2198755 [0] NCCL INFO misc/socket.cc:752 -> 6
jwb0256:2197060:2198755 [0] NCCL INFO transport/net_socket.cc:474 -> 6
jwb0256:2197060:2198755 [0] NCCL INFO transport/net.cc:1302 -> 6
jwb0256:2197060:2198755 [0] NCCL INFO proxy.cc:698 -> 6
jwb0256:2197060:2198755 [0] NCCL INFO proxy.cc:878 -> 6 [Progress Thread]

jwb0256:2197060:2198755 [0] misc/socket.cc:50 NCCL WARN socketProgress: Connection closed by remote peer jwb0236i.juwels<42268>
jwb0256:2197060:2198755 [0] NCCL INFO misc/socket.cc:752 -> 6
jwb0256:2197060:2198755 [0] NCCL INFO transport/net_socket.cc:474 -> 6
jwb0256:2197060:2198755 [0] NCCL INFO transport/net.cc:1302 -> 6
jwb0256:2197060:2198755 [0] NCCL INFO proxy.cc:698 -> 6
jwb0256:2197060:2198755 [0] NCCL INFO proxy.cc:878 -> 6 [Progress Thread]

jwb0256:2197060:2198755 [0] misc/socket.cc:50 NCCL WARN socketProgress: Connection closed by remote peer jwb0236i.juwels<42268>
jwb0256:2197060:2198755 [0] NCCL INFO misc/socket.cc:752 -> 6
jwb0256:2197060:2198755 [0] NCCL INFO transport/net_socket.cc:474 -> 6
jwb0256:2197060:2198755 [0] NCCL INFO transport/net.cc:1302 -> 6
jwb0256:2197060:2198755 [0] NCCL INFO proxy.cc:698 -> 6
jwb0256:2197060:2198755 [0] NCCL INFO proxy.cc:878 -> 6 [Progress Thread]

jwb0256:2197060:2198755 [0] misc/socket.cc:50 NCCL WARN socketProgress: Connection closed by remote peer jwb0236i.juwels<42268>
jwb0256:2197060:2198755 [0] NCCL INFO misc/socket.cc:752 -> 6
jwb0256:2197060:2198755 [0] NCCL INFO transport/net_socket.cc:474 -> 6
jwb0256:2197060:2198755 [0] NCCL INFO transport/net.cc:1302 -> 6
jwb0256:2197060:2198755 [0] NCCL INFO proxy.cc:698 -> 6
jwb0256:2197060:2198755 [0] NCCL INFO proxy.cc:878 -> 6 [Progress Thread]

jwb0256:2197060:2198755 [0] misc/socket.cc:50 NCCL WARN socketProgress: Connection closed by remote peer jwb0236i.juwels<42268>
jwb0256:2197060:2198755 [0] NCCL INFO misc/socket.cc:752 -> 6
jwb0256:2197060:2198755 [0] NCCL INFO transport/net_socket.cc:474 -> 6
jwb0256:2197060:2198755 [0] NCCL INFO transport/net.cc:1302 -> 6
jwb0256:2197060:2198755 [0] NCCL INFO proxy.cc:698 -> 6
jwb0256:2197060:2198755 [0] NCCL INFO proxy.cc:878 -> 6 [Progress Thread]

jwb0256:2197060:2198755 [0] misc/socket.cc:50 NCCL WARN socketProgress: Connection closed by remote peer jwb0236i.juwels<42268>
jwb0256:2197060:2198755 [0] NCCL INFO misc/socket.cc:752 -> 6
jwb0256:2197060:2198755 [0] NCCL INFO transport/net_socket.cc:474 -> 6
jwb0256:2197060:2198755 [0] NCCL INFO transport/net.cc:1302 -> 6
jwb0256:2197060:2198755 [0] NCCL INFO proxy.cc:698 -> 6
jwb0256:2197060:2198755 [0] NCCL INFO proxy.cc:878 -> 6 [Progress Thread]

jwb0256:2197060:2198755 [0] misc/socket.cc:50 NCCL WARN socketProgress: Connection closed by remote peer jwb0236i.juwels<42268>
jwb0256:2197060:2198755 [0] NCCL INFO misc/socket.cc:752 -> 6
jwb0256:2197060:2198755 [0] NCCL INFO transport/net_socket.cc:474 -> 6
jwb0256:2197060:2198755 [0] NCCL INFO transport/net.cc:1302 -> 6
jwb0256:2197060:2198755 [0] NCCL INFO proxy.cc:698 -> 6
jwb0256:2197060:2198755 [0] NCCL INFO proxy.cc:878 -> 6 [Progress Thread]

jwb0256:2197060:2198755 [0] misc/socket.cc:50 NCCL WARN socketProgress: Connection closed by remote peer jwb0236i.juwels<42268>
jwb0256:2197060:2198755 [0] NCCL INFO misc/socket.cc:752 -> 6
jwb0256:2197060:2198755 [0] NCCL INFO transport/net_socket.cc:474 -> 6
jwb0256:2197060:2198755 [0] NCCL INFO transport/net.cc:1302 -> 6
jwb0256:2197060:2198755 [0] NCCL INFO proxy.cc:698 -> 6
jwb0256:2197060:2198755 [0] NCCL INFO proxy.cc:878 -> 6 [Progress Thread]

jwb0256:2197060:2198755 [0] misc/socket.cc:50 NCCL WARN socketProgress: Connection closed by remote peer jwb0236i.juwels<42268>
jwb0256:2197060:2198755 [0] NCCL INFO misc/socket.cc:752 -> 6
jwb0256:2197060:2198755 [0] NCCL INFO transport/net_socket.cc:474 -> 6
jwb0256:2197060:2198755 [0] NCCL INFO transport/net.cc:1302 -> 6
jwb0256:2197060:2198755 [0] NCCL INFO proxy.cc:698 -> 6
jwb0256:2197060:2198755 [0] NCCL INFO proxy.cc:878 -> 6 [Progress Thread]

jwb0256:2197060:2198755 [0] misc/socket.cc:50 NCCL WARN socketProgress: Connection closed by remote peer jwb0236i.juwels<42268>
jwb0256:2197060:2198755 [0] NCCL INFO misc/socket.cc:752 -> 6
jwb0256:2197060:2198755 [0] NCCL INFO transport/net_socket.cc:474 -> 6
jwb0256:2197060:2198755 [0] NCCL INFO transport/net.cc:1302 -> 6
jwb0256:2197060:2198755 [0] NCCL INFO proxy.cc:698 -> 6
jwb0256:2197060:2198755 [0] NCCL INFO proxy.cc:878 -> 6 [Progress Thread]

jwb0256:2197060:2198755 [0] misc/socket.cc:50 NCCL WARN socketProgress: Connection closed by remote peer jwb0236i.juwels<42268>
jwb0256:2197060:2198755 [0] NCCL INFO misc/socket.cc:752 -> 6
jwb0256:2197060:2198755 [0] NCCL INFO transport/net_socket.cc:474 -> 6
jwb0256:2197060:2198755 [0] NCCL INFO transport/net.cc:1302 -> 6
jwb0256:2197060:2198755 [0] NCCL INFO proxy.cc:698 -> 6
jwb0256:2197060:2198755 [0] NCCL INFO proxy.cc:878 -> 6 [Progress Thread]

jwb0256:2197060:2198755 [0] misc/socket.cc:50 NCCL WARN socketProgress: Connection closed by remote peer jwb0236i.juwels<42268>
jwb0256:2197060:2198755 [0] NCCL INFO misc/socket.cc:752 -> 6
jwb0256:2197060:2198755 [0] NCCL INFO transport/net_socket.cc:474 -> 6
jwb0256:2197060:2198755 [0] NCCL INFO transport/net.cc:1302 -> 6
jwb0256:2197060:2198755 [0] NCCL INFO proxy.cc:698 -> 6
jwb0256:2197060:2198755 [0] NCCL INFO proxy.cc:878 -> 6 [Progress Thread]

jwb0256:2197060:2198755 [0] misc/socket.cc:50 NCCL WARN socketProgress: Connection closed by remote peer jwb0236i.juwels<42268>
jwb0256:2197060:2198755 [0] NCCL INFO misc/socket.cc:752 -> 6
jwb0256:2197060:2198755 [0] NCCL INFO transport/net_socket.cc:474 -> 6
jwb0256:2197060:2198755 [0] NCCL INFO transport/net.cc:1302 -> 6
jwb0256:2197060:2198755 [0] NCCL INFO proxy.cc:698 -> 6
jwb0256:2197060:2198755 [0] NCCL INFO proxy.cc:878 -> 6 [Progress Thread]

jwb0256:2197060:2198755 [0] misc/socket.cc:50 NCCL WARN socketProgress: Connection closed by remote peer jwb0236i.juwels<42268>
jwb0256:2197060:2198755 [0] NCCL INFO misc/socket.cc:752 -> 6
jwb0256:2197060:2198755 [0] NCCL INFO transport/net_socket.cc:474 -> 6
jwb0256:2197060:2198755 [0] NCCL INFO transport/net.cc:1302 -> 6
jwb0256:2197060:2198755 [0] NCCL INFO proxy.cc:698 -> 6
jwb0256:2197060:2198755 [0] NCCL INFO proxy.cc:878 -> 6 [Progress Thread]

jwb0256:2197060:2198755 [0] misc/socket.cc:50 NCCL WARN socketProgress: Connection closed by remote peer jwb0236i.juwels<42268>
jwb0256:2197060:2198755 [0] NCCL INFO misc/socket.cc:752 -> 6
jwb0256:2197060:2198755 [0] NCCL INFO transport/net_socket.cc:474 -> 6
jwb0256:2197060:2198755 [0] NCCL INFO transport/net.cc:1302 -> 6
jwb0256:2197060:2198755 [0] NCCL INFO proxy.cc:698 -> 6
jwb0256:2197060:2198755 [0] NCCL INFO proxy.cc:878 -> 6 [Progress Thread]

jwb0256:2197060:2198755 [0] misc/socket.cc:50 NCCL WARN socketProgress: Connection closed by remote peer jwb0236i.juwels<42268>
jwb0256:2197060:2198755 [0] NCCL INFO misc/socket.cc:752 -> 6
jwb0256:2197060:2198755 [0] NCCL INFO transport/net_socket.cc:474 -> 6
jwb0256:2197060:2198755 [0] NCCL INFO transport/net.cc:1302 -> 6
jwb0256:2197060:2198755 [0] NCCL INFO proxy.cc:698 -> 6
jwb0256:2197060:2198755 [0] NCCL INFO proxy.cc:878 -> 6 [Progress Thread]

jwb0256:2197060:2198755 [0] misc/socket.cc:50 NCCL WARN socketProgress: Connection closed by remote peer jwb0236i.juwels<42268>
jwb0256:2197060:2198755 [0] NCCL INFO misc/socket.cc:752 -> 6
jwb0256:2197060:2198755 [0] NCCL INFO transport/net_socket.cc:474 -> 6
jwb0256:2197060:2198755 [0] NCCL INFO transport/net.cc:1302 -> 6
jwb0256:2197060:2198755 [0] NCCL INFO proxy.cc:698 -> 6
jwb0256:2197060:2198755 [0] NCCL INFO proxy.cc:878 -> 6 [Progress Thread]

jwb0256:2197060:2198755 [0] misc/socket.cc:50 NCCL WARN socketProgress: Connection closed by remote peer jwb0236i.juwels<42268>
jwb0256:2197060:2198755 [0] NCCL INFO misc/socket.cc:752 -> 6
jwb0256:2197060:2198755 [0] NCCL INFO transport/net_socket.cc:474 -> 6
jwb0256:2197060:2198755 [0] NCCL INFO transport/net.cc:1302 -> 6
jwb0256:2197060:2198755 [0] NCCL INFO proxy.cc:698 -> 6
jwb0256:2197060:2198755 [0] NCCL INFO proxy.cc:878 -> 6 [Progress Thread]

jwb0256:2197060:2198755 [0] misc/socket.cc:50 NCCL WARN socketProgress: Connection closed by remote peer jwb0236i.juwels<42268>
jwb0256:2197060:2198755 [0] NCCL INFO misc/socket.cc:752 -> 6
jwb0256:2197060:2198755 [0] NCCL INFO transport/net_socket.cc:474 -> 6
jwb0256:2197060:2198755 [0] NCCL INFO transport/net.cc:1302 -> 6
jwb0256:2197060:2198755 [0] NCCL INFO proxy.cc:698 -> 6
jwb0256:2197060:2198755 [0] NCCL INFO proxy.cc:878 -> 6 [Progress Thread]

jwb0256:2197060:2198755 [0] misc/socket.cc:50 NCCL WARN socketProgress: Connection closed by remote peer jwb0236i.juwels<42268>
jwb0256:2197060:2198755 [0] NCCL INFO misc/socket.cc:752 -> 6
jwb0256:2197060:2198755 [0] NCCL INFO transport/net_socket.cc:474 -> 6
jwb0256:2197060:2198755 [0] NCCL INFO transport/net.cc:1302 -> 6
jwb0256:2197060:2198755 [0] NCCL INFO proxy.cc:698 -> 6
jwb0256:2197060:2198755 [0] NCCL INFO proxy.cc:878 -> 6 [Progress Thread]

jwb0256:2197060:2198755 [0] misc/socket.cc:50 NCCL WARN socketProgress: Connection closed by remote peer jwb0236i.juwels<42268>
jwb0256:2197060:2198755 [0] NCCL INFO misc/socket.cc:752 -> 6
jwb0256:2197060:2198755 [0] NCCL INFO transport/net_socket.cc:474 -> 6
jwb0256:2197060:2198755 [0] NCCL INFO transport/net.cc:1302 -> 6
jwb0256:2197060:2198755 [0] NCCL INFO proxy.cc:698 -> 6
jwb0256:2197060:2198755 [0] NCCL INFO proxy.cc:878 -> 6 [Progress Thread]

jwb0256:2197060:2198755 [0] misc/socket.cc:50 NCCL WARN socketProgress: Connection closed by remote peer jwb0236i.juwels<42268>
jwb0256:2197060:2198755 [0] NCCL INFO misc/socket.cc:752 -> 6
jwb0256:2197060:2198755 [0] NCCL INFO transport/net_socket.cc:474 -> 6
jwb0256:2197060:2198755 [0] NCCL INFO transport/net.cc:1302 -> 6
jwb0256:2197060:2198755 [0] NCCL INFO proxy.cc:698 -> 6
jwb0256:2197060:2198755 [0] NCCL INFO proxy.cc:878 -> 6 [Progress Thread]

jwb0256:2197060:2198755 [0] misc/socket.cc:50 NCCL WARN socketProgress: Connection closed by remote peer jwb0236i.juwels<42268>
jwb0256:2197060:2198755 [0] NCCL INFO misc/socket.cc:752 -> 6
jwb0256:2197060:2198755 [0] NCCL INFO transport/net_socket.cc:474 -> 6
jwb0256:2197060:2198755 [0] NCCL INFO transport/net.cc:1302 -> 6
jwb0256:2197060:2198755 [0] NCCL INFO proxy.cc:698 -> 6
jwb0256:2197060:2198755 [0] NCCL INFO proxy.cc:878 -> 6 [Progress Thread]

jwb0256:2197060:2198755 [0] misc/socket.cc:50 NCCL WARN socketProgress: Connection closed by remote peer jwb0236i.juwels<42268>
jwb0256:2197060:2198755 [0] NCCL INFO misc/socket.cc:752 -> 6
jwb0256:2197060:2198755 [0] NCCL INFO transport/net_socket.cc:474 -> 6
jwb0256:2197060:2198755 [0] NCCL INFO transport/net.cc:1302 -> 6
jwb0256:2197060:2198755 [0] NCCL INFO proxy.cc:698 -> 6
jwb0256:2197060:2198755 [0] NCCL INFO proxy.cc:878 -> 6 [Progress Thread]

jwb0256:2197060:2198755 [0] misc/socket.cc:50 NCCL WARN socketProgress: Connection closed by remote peer jwb0236i.juwels<42268>
jwb0256:2197060:2198755 [0] NCCL INFO misc/socket.cc:752 -> 6
jwb0256:2197060:2198755 [0] NCCL INFO transport/net_socket.cc:474 -> 6
jwb0256:2197060:2198755 [0] NCCL INFO transport/net.cc:1302 -> 6
jwb0256:2197060:2198755 [0] NCCL INFO proxy.cc:698 -> 6
jwb0256:2197060:2198755 [0] NCCL INFO proxy.cc:878 -> 6 [Progress Thread]

jwb0256:2197060:2198755 [0] misc/socket.cc:50 NCCL WARN socketProgress: Connection closed by remote peer jwb0236i.juwels<42268>
jwb0256:2197060:2198755 [0] NCCL INFO misc/socket.cc:752 -> 6
jwb0256:2197060:2198755 [0] NCCL INFO transport/net_socket.cc:474 -> 6
jwb0256:2197060:2198755 [0] NCCL INFO transport/net.cc:1302 -> 6
jwb0256:2197060:2198755 [0] NCCL INFO proxy.cc:698 -> 6
jwb0256:2197060:2198755 [0] NCCL INFO proxy.cc:878 -> 6 [Progress Thread]

jwb0256:2197060:2198755 [0] misc/socket.cc:50 NCCL WARN socketProgress: Connection closed by remote peer jwb0236i.juwels<42268>
jwb0256:2197060:2198755 [0] NCCL INFO misc/socket.cc:752 -> 6
jwb0256:2197060:2198755 [0] NCCL INFO transport/net_socket.cc:474 -> 6
jwb0256:2197060:2198755 [0] NCCL INFO transport/net.cc:1302 -> 6
jwb0256:2197060:2198755 [0] NCCL INFO proxy.cc:698 -> 6
jwb0256:2197060:2198755 [0] NCCL INFO proxy.cc:878 -> 6 [Progress Thread]

jwb0256:2197060:2198755 [0] misc/socket.cc:50 NCCL WARN socketProgress: Connection closed by remote peer jwb0236i.juwels<42268>
jwb0256:2197060:2198755 [0] NCCL INFO misc/socket.cc:752 -> 6
jwb0256:2197060:2198755 [0] NCCL INFO transport/net_socket.cc:474 -> 6
jwb0256:2197060:2198755 [0] NCCL INFO transport/net.cc:1302 -> 6
jwb0256:2197060:2198755 [0] NCCL INFO proxy.cc:698 -> 6
jwb0256:2197060:2198755 [0] NCCL INFO proxy.cc:878 -> 6 [Progress Thread]

jwb0256:2197060:2198755 [0] misc/socket.cc:50 NCCL WARN socketProgress: Connection closed by remote peer jwb0236i.juwels<42268>
jwb0256:2197060:2198755 [0] NCCL INFO misc/socket.cc:752 -> 6
jwb0256:2197060:2198755 [0] NCCL INFO transport/net_socket.cc:474 -> 6
jwb0256:2197060:2198755 [0] NCCL INFO transport/net.cc:1302 -> 6
jwb0256:2197060:2198755 [0] NCCL INFO proxy.cc:698 -> 6
jwb0256:2197060:2198755 [0] NCCL INFO proxy.cc:878 -> 6 [Progress Thread]

jwb0256:2197060:2198755 [0] misc/socket.cc:50 NCCL WARN socketProgress: Connection closed by remote peer jwb0236i.juwels<42268>
jwb0256:2197060:2198755 [0] NCCL INFO misc/socket.cc:752 -> 6
jwb0256:2197060:2198755 [0] NCCL INFO transport/net_socket.cc:474 -> 6
jwb0256:2197060:2198755 [0] NCCL INFO transport/net.cc:1302 -> 6
jwb0256:2197060:2198755 [0] NCCL INFO proxy.cc:698 -> 6
jwb0256:2197060:2198755 [0] NCCL INFO proxy.cc:878 -> 6 [Progress Thread]

jwb0256:2197060:2198755 [0] misc/socket.cc:50 NCCL WARN socketProgress: Connection closed by remote peer jwb0236i.juwels<42268>
jwb0256:2197060:2198755 [0] NCCL INFO misc/socket.cc:752 -> 6
jwb0256:2197060:2198755 [0] NCCL INFO transport/net_socket.cc:474 -> 6
jwb0256:2197060:2198755 [0] NCCL INFO transport/net.cc:1302 -> 6
jwb0256:2197060:2198755 [0] NCCL INFO proxy.cc:698 -> 6
jwb0256:2197060:2198755 [0] NCCL INFO proxy.cc:878 -> 6 [Progress Thread]

jwb0256:2197060:2198755 [0] misc/socket.cc:50 NCCL WARN socketProgress: Connection closed by remote peer jwb0236i.juwels<42268>
jwb0256:2197060:2198755 [0] NCCL INFO misc/socket.cc:752 -> 6
jwb0256:2197060:2198755 [0] NCCL INFO transport/net_socket.cc:474 -> 6
jwb0256:2197060:2198755 [0] NCCL INFO transport/net.cc:1302 -> 6
jwb0256:2197060:2198755 [0] NCCL INFO proxy.cc:698 -> 6
jwb0256:2197060:2198755 [0] NCCL INFO proxy.cc:878 -> 6 [Progress Thread]

jwb0256:2197060:2198755 [0] misc/socket.cc:50 NCCL WARN socketProgress: Connection closed by remote peer jwb0236i.juwels<42268>
jwb0256:2197060:2198755 [0] NCCL INFO misc/socket.cc:752 -> 6
jwb0256:2197060:2198755 [0] NCCL INFO transport/net_socket.cc:474 -> 6
jwb0256:2197060:2198755 [0] NCCL INFO transport/net.cc:1302 -> 6
jwb0256:2197060:2198755 [0] NCCL INFO proxy.cc:698 -> 6
jwb0256:2197060:2198755 [0] NCCL INFO proxy.cc:878 -> 6 [Progress Thread]

jwb0256:2197060:2198755 [0] misc/socket.cc:50 NCCL WARN socketProgress: Connection closed by remote peer jwb0236i.juwels<42268>
jwb0256:2197060:2198755 [0] NCCL INFO misc/socket.cc:752 -> 6
jwb0256:2197060:2198755 [0] NCCL INFO transport/net_socket.cc:474 -> 6
jwb0256:2197060:2198755 [0] NCCL INFO transport/net.cc:1302 -> 6
jwb0256:2197060:2198755 [0] NCCL INFO proxy.cc:698 -> 6
jwb0256:2197060:2198755 [0] NCCL INFO proxy.cc:878 -> 6 [Progress Thread]

jwb0256:2197060:2198755 [0] misc/socket.cc:50 NCCL WARN socketProgress: Connection closed by remote peer jwb0236i.juwels<42268>
jwb0256:2197060:2198755 [0] NCCL INFO misc/socket.cc:752 -> 6
jwb0256:2197060:2198755 [0] NCCL INFO transport/net_socket.cc:474 -> 6
jwb0256:2197060:2198755 [0] NCCL INFO transport/net.cc:1302 -> 6
jwb0256:2197060:2198755 [0] NCCL INFO proxy.cc:698 -> 6
jwb0256:2197060:2198755 [0] NCCL INFO proxy.cc:878 -> 6 [Progress Thread]

jwb0256:2197060:2198755 [0] misc/socket.cc:50 NCCL WARN socketProgress: Connection closed by remote peer jwb0236i.juwels<42268>
jwb0256:2197060:2198755 [0] NCCL INFO misc/socket.cc:752 -> 6
jwb0256:2197060:2198755 [0] NCCL INFO transport/net_socket.cc:474 -> 6
jwb0256:2197060:2198755 [0] NCCL INFO transport/net.cc:1302 -> 6
jwb0256:2197060:2198755 [0] NCCL INFO proxy.cc:698 -> 6
jwb0256:2197060:2198755 [0] NCCL INFO proxy.cc:878 -> 6 [Progress Thread]

jwb0256:2197060:2198755 [0] misc/socket.cc:50 NCCL WARN socketProgress: Connection closed by remote peer jwb0236i.juwels<42268>
jwb0256:2197060:2198755 [0] NCCL INFO misc/socket.cc:752 -> 6
jwb0256:2197060:2198755 [0] NCCL INFO transport/net_socket.cc:474 -> 6
jwb0256:2197060:2198755 [0] NCCL INFO transport/net.cc:1302 -> 6
jwb0256:2197060:2198755 [0] NCCL INFO proxy.cc:698 -> 6
jwb0256:2197060:2198755 [0] NCCL INFO proxy.cc:878 -> 6 [Progress Thread]

jwb0256:2197060:2198755 [0] misc/socket.cc:50 NCCL WARN socketProgress: Connection closed by remote peer jwb0236i.juwels<42268>
jwb0256:2197060:2198755 [0] NCCL INFO misc/socket.cc:752 -> 6
jwb0256:2197060:2198755 [0] NCCL INFO transport/net_socket.cc:474 -> 6
jwb0256:2197060:2198755 [0] NCCL INFO transport/net.cc:1302 -> 6
jwb0256:2197060:2198755 [0] NCCL INFO proxy.cc:698 -> 6
jwb0256:2197060:2198755 [0] NCCL INFO proxy.cc:878 -> 6 [Progress Thread]

jwb0256:2197060:2198755 [0] misc/socket.cc:50 NCCL WARN socketProgress: Connection closed by remote peer jwb0236i.juwels<42268>
jwb0256:2197060:2198755 [0] NCCL INFO misc/socket.cc:752 -> 6
jwb0256:2197060:2198755 [0] NCCL INFO transport/net_socket.cc:474 -> 6
jwb0256:2197060:2198755 [0] NCCL INFO transport/net.cc:1302 -> 6
jwb0256:2197060:2198755 [0] NCCL INFO proxy.cc:698 -> 6
jwb0256:2197060:2198755 [0] NCCL INFO proxy.cc:878 -> 6 [Progress Thread]

jwb0256:2197060:2198755 [0] misc/socket.cc:50 NCCL WARN socketProgress: Connection closed by remote peer jwb0236i.juwels<42268>
jwb0256:2197060:2198755 [0] NCCL INFO misc/socket.cc:752 -> 6
jwb0256:2197060:2198755 [0] NCCL INFO transport/net_socket.cc:474 -> 6
jwb0256:2197060:2198755 [0] NCCL INFO transport/net.cc:1302 -> 6
jwb0256:2197060:2198755 [0] NCCL INFO proxy.cc:698 -> 6
jwb0256:2197060:2198755 [0] NCCL INFO proxy.cc:878 -> 6 [Progress Thread]

jwb0256:2197060:2198755 [0] misc/socket.cc:50 NCCL WARN socketProgress: Connection closed by remote peer jwb0236i.juwels<42268>
jwb0256:2197060:2198755 [0] NCCL INFO misc/socket.cc:752 -> 6
jwb0256:2197060:2198755 [0] NCCL INFO transport/net_socket.cc:474 -> 6
jwb0256:2197060:2198755 [0] NCCL INFO transport/net.cc:1302 -> 6
jwb0256:2197060:2198755 [0] NCCL INFO proxy.cc:698 -> 6
jwb0256:2197060:2198755 [0] NCCL INFO proxy.cc:878 -> 6 [Progress Thread]

jwb0256:2197060:2198755 [0] misc/socket.cc:50 NCCL WARN socketProgress: Connection closed by remote peer jwb0236i.juwels<42268>
jwb0256:2197060:2198755 [0] NCCL INFO misc/socket.cc:752 -> 6
jwb0256:2197060:2198755 [0] NCCL INFO transport/net_socket.cc:474 -> 6
jwb0256:2197060:2198755 [0] NCCL INFO transport/net.cc:1302 -> 6
jwb0256:2197060:2198755 [0] NCCL INFO proxy.cc:698 -> 6
jwb0256:2197060:2198755 [0] NCCL INFO proxy.cc:878 -> 6 [Progress Thread]

jwb0256:2197060:2198755 [0] misc/socket.cc:50 NCCL WARN socketProgress: Connection closed by remote peer jwb0236i.juwels<42268>
jwb0256:2197060:2198755 [0] NCCL INFO misc/socket.cc:752 -> 6
jwb0256:2197060:2198755 [0] NCCL INFO transport/net_socket.cc:474 -> 6
jwb0256:2197060:2198755 [0] NCCL INFO transport/net.cc:1302 -> 6
jwb0256:2197060:2198755 [0] NCCL INFO proxy.cc:698 -> 6
jwb0256:2197060:2198755 [0] NCCL INFO proxy.cc:878 -> 6 [Progress Thread]

jwb0256:2197060:2198755 [0] misc/socket.cc:50 NCCL WARN socketProgress: Connection closed by remote peer jwb0236i.juwels<42268>
jwb0256:2197060:2198755 [0] NCCL INFO misc/socket.cc:752 -> 6
jwb0256:2197060:2198755 [0] NCCL INFO transport/net_socket.cc:474 -> 6
jwb0256:2197060:2198755 [0] NCCL INFO transport/net.cc:1302 -> 6
jwb0256:2197060:2198755 [0] NCCL INFO proxy.cc:698 -> 6
jwb0256:2197060:2198755 [0] NCCL INFO proxy.cc:878 -> 6 [Progress Thread]

jwb0256:2197060:2198755 [0] misc/socket.cc:50 NCCL WARN socketProgress: Connection closed by remote peer jwb0236i.juwels<42268>
jwb0256:2197060:2198755 [0] NCCL INFO misc/socket.cc:752 -> 6
jwb0256:2197060:2198755 [0] NCCL INFO transport/net_socket.cc:474 -> 6
jwb0256:2197060:2198755 [0] NCCL INFO transport/net.cc:1302 -> 6
jwb0256:2197060:2198755 [0] NCCL INFO proxy.cc:698 -> 6
jwb0256:2197060:2198755 [0] NCCL INFO proxy.cc:878 -> 6 [Progress Thread]

jwb0256:2197060:2198755 [0] misc/socket.cc:50 NCCL WARN socketProgress: Connection closed by remote peer jwb0236i.juwels<42268>
jwb0256:2197060:2198755 [0] NCCL INFO misc/socket.cc:752 -> 6
jwb0256:2197060:2198755 [0] NCCL INFO transport/net_socket.cc:474 -> 6
jwb0256:2197060:2198755 [0] NCCL INFO transport/net.cc:1302 -> 6
jwb0256:2197060:2198755 [0] NCCL INFO proxy.cc:698 -> 6
jwb0256:2197060:2198755 [0] NCCL INFO proxy.cc:878 -> 6 [Progress Thread]

jwb0256:2197060:2198755 [0] misc/socket.cc:50 NCCL WARN socketProgress: Connection closed by remote peer jwb0236i.juwels<42268>
jwb0256:2197060:2198755 [0] NCCL INFO misc/socket.cc:752 -> 6
jwb0256:2197060:2198755 [0] NCCL INFO transport/net_socket.cc:474 -> 6
jwb0256:2197060:2198755 [0] NCCL INFO transport/net.cc:1302 -> 6
jwb0256:2197060:2198755 [0] NCCL INFO proxy.cc:698 -> 6
jwb0256:2197060:2198755 [0] NCCL INFO proxy.cc:878 -> 6 [Progress Thread]

jwb0256:2197060:2198755 [0] misc/socket.cc:50 NCCL WARN socketProgress: Connection closed by remote peer jwb0236i.juwels<42268>
jwb0256:2197060:2198755 [0] NCCL INFO misc/socket.cc:752 -> 6
jwb0256:2197060:2198755 [0] NCCL INFO transport/net_socket.cc:474 -> 6
jwb0256:2197060:2198755 [0] NCCL INFO transport/net.cc:1302 -> 6
jwb0256:2197060:2198755 [0] NCCL INFO proxy.cc:698 -> 6
jwb0256:2197060:2198755 [0] NCCL INFO proxy.cc:878 -> 6 [Progress Thread]

jwb0256:2197060:2198755 [0] misc/socket.cc:50 NCCL WARN socketProgress: Connection closed by remote peer jwb0236i.juwels<42268>
jwb0256:2197060:2198755 [0] NCCL INFO misc/socket.cc:752 -> 6
jwb0256:2197060:2198755 [0] NCCL INFO transport/net_socket.cc:474 -> 6
jwb0256:2197060:2198755 [0] NCCL INFO transport/net.cc:1302 -> 6
jwb0256:2197060:2198755 [0] NCCL INFO proxy.cc:698 -> 6
jwb0256:2197060:2198755 [0] NCCL INFO proxy.cc:878 -> 6 [Progress Thread]

jwb0256:2197060:2198755 [0] misc/socket.cc:50 NCCL WARN socketProgress: Connection closed by remote peer jwb0236i.juwels<42268>
jwb0256:2197060:2198755 [0] NCCL INFO misc/socket.cc:752 -> 6
jwb0256:2197060:2198755 [0] NCCL INFO transport/net_socket.cc:474 -> 6
jwb0256:2197060:2198755 [0] NCCL INFO transport/net.cc:1302 -> 6
jwb0256:2197060:2198755 [0] NCCL INFO proxy.cc:698 -> 6
jwb0256:2197060:2198755 [0] NCCL INFO proxy.cc:878 -> 6 [Progress Thread]

jwb0256:2197060:2198755 [0] misc/socket.cc:50 NCCL WARN socketProgress: Connection closed by remote peer jwb0236i.juwels<42268>
jwb0256:2197060:2198755 [0] NCCL INFO misc/socket.cc:752 -> 6
jwb0256:2197060:2198755 [0] NCCL INFO transport/net_socket.cc:474 -> 6
jwb0256:2197060:2198755 [0] NCCL INFO transport/net.cc:1302 -> 6
jwb0256:2197060:2198755 [0] NCCL INFO proxy.cc:698 -> 6
jwb0256:2197060:2198755 [0] NCCL INFO proxy.cc:878 -> 6 [Progress Thread]

jwb0256:2197060:2198755 [0] misc/socket.cc:50 NCCL WARN socketProgress: Connection closed by remote peer jwb0236i.juwels<42268>
jwb0256:2197060:2198755 [0] NCCL INFO misc/socket.cc:752 -> 6
jwb0256:2197060:2198755 [0] NCCL INFO transport/net_socket.cc:474 -> 6
jwb0256:2197060:2198755 [0] NCCL INFO transport/net.cc:1302 -> 6
jwb0256:2197060:2198755 [0] NCCL INFO proxy.cc:698 -> 6
jwb0256:2197060:2198755 [0] NCCL INFO proxy.cc:878 -> 6 [Progress Thread]

jwb0256:2197060:2198755 [0] misc/socket.cc:50 NCCL WARN socketProgress: Connection closed by remote peer jwb0236i.juwels<42268>
jwb0256:2197060:2198755 [0] NCCL INFO misc/socket.cc:752 -> 6
jwb0256:2197060:2198755 [0] NCCL INFO transport/net_socket.cc:474 -> 6
jwb0256:2197060:2198755 [0] NCCL INFO transport/net.cc:1302 -> 6
jwb0256:2197060:2198755 [0] NCCL INFO proxy.cc:698 -> 6
jwb0256:2197060:2198755 [0] NCCL INFO proxy.cc:878 -> 6 [Progress Thread]

jwb0256:2197060:2198755 [0] misc/socket.cc:50 NCCL WARN socketProgress: Connection closed by remote peer jwb0236i.juwels<42268>
jwb0256:2197060:2198755 [0] NCCL INFO misc/socket.cc:752 -> 6
jwb0256:2197060:2198755 [0] NCCL INFO transport/net_socket.cc:474 -> 6
jwb0256:2197060:2198755 [0] NCCL INFO transport/net.cc:1302 -> 6
jwb0256:2197060:2198755 [0] NCCL INFO proxy.cc:698 -> 6
jwb0256:2197060:2198755 [0] NCCL INFO proxy.cc:878 -> 6 [Progress Thread]

jwb0256:2197060:2198755 [0] misc/socket.cc:50 NCCL WARN socketProgress: Connection closed by remote peer jwb0236i.juwels<42268>
jwb0256:2197060:2198755 [0] NCCL INFO misc/socket.cc:752 -> 6
jwb0256:2197060:2198755 [0] NCCL INFO transport/net_socket.cc:474 -> 6
jwb0256:2197060:2198755 [0] NCCL INFO transport/net.cc:1302 -> 6
jwb0256:2197060:2198755 [0] NCCL INFO proxy.cc:698 -> 6
jwb0256:2197060:2198755 [0] NCCL INFO proxy.cc:878 -> 6 [Progress Thread]

jwb0256:2197060:2198755 [0] misc/socket.cc:50 NCCL WARN socketProgress: Connection closed by remote peer jwb0236i.juwels<42268>
jwb0256:2197060:2198755 [0] NCCL INFO misc/socket.cc:752 -> 6
jwb0256:2197060:2198755 [0] NCCL INFO transport/net_socket.cc:474 -> 6
jwb0256:2197060:2198755 [0] NCCL INFO transport/net.cc:1302 -> 6
jwb0256:2197060:2198755 [0] NCCL INFO proxy.cc:698 -> 6
jwb0256:2197060:2198755 [0] NCCL INFO proxy.cc:878 -> 6 [Progress Thread]

jwb0256:2197060:2198755 [0] misc/socket.cc:50 NCCL WARN socketProgress: Connection closed by remote peer jwb0236i.juwels<42268>
jwb0256:2197060:2198755 [0] NCCL INFO misc/socket.cc:752 -> 6
jwb0256:2197060:2198755 [0] NCCL INFO transport/net_socket.cc:474 -> 6
jwb0256:2197060:2198755 [0] NCCL INFO transport/net.cc:1302 -> 6
jwb0256:2197060:2198755 [0] NCCL INFO proxy.cc:698 -> 6
jwb0256:2197060:2198755 [0] NCCL INFO proxy.cc:878 -> 6 [Progress Thread]

jwb0256:2197060:2198755 [0] misc/socket.cc:50 NCCL WARN socketProgress: Connection closed by remote peer jwb0236i.juwels<42268>
jwb0256:2197060:2198755 [0] NCCL INFO misc/socket.cc:752 -> 6
jwb0256:2197060:2198755 [0] NCCL INFO transport/net_socket.cc:474 -> 6
jwb0256:2197060:2198755 [0] NCCL INFO transport/net.cc:1302 -> 6
jwb0256:2197060:2198755 [0] NCCL INFO proxy.cc:698 -> 6
jwb0256:2197060:2198755 [0] NCCL INFO proxy.cc:878 -> 6 [Progress Thread]

jwb0256:2197060:2198755 [0] misc/socket.cc:50 NCCL WARN socketProgress: Connection closed by remote peer jwb0236i.juwels<42268>
jwb0256:2197060:2198755 [0] NCCL INFO misc/socket.cc:752 -> 6
jwb0256:2197060:2198755 [0] NCCL INFO transport/net_socket.cc:474 -> 6
jwb0256:2197060:2198755 [0] NCCL INFO transport/net.cc:1302 -> 6
jwb0256:2197060:2198755 [0] NCCL INFO proxy.cc:698 -> 6
jwb0256:2197060:2198755 [0] NCCL INFO proxy.cc:878 -> 6 [Progress Thread]

jwb0256:2197060:2198755 [0] misc/socket.cc:50 NCCL WARN socketProgress: Connection closed by remote peer jwb0236i.juwels<42268>
jwb0256:2197060:2198755 [0] NCCL INFO misc/socket.cc:752 -> 6
jwb0256:2197060:2198755 [0] NCCL INFO transport/net_socket.cc:474 -> 6
jwb0256:2197060:2198755 [0] NCCL INFO transport/net.cc:1302 -> 6
jwb0256:2197060:2198755 [0] NCCL INFO proxy.cc:698 -> 6
jwb0256:2197060:2198755 [0] NCCL INFO proxy.cc:878 -> 6 [Progress Thread]

jwb0256:2197060:2198755 [0] misc/socket.cc:50 NCCL WARN socketProgress: Connection closed by remote peer jwb0236i.juwels<42268>
jwb0256:2197060:2198755 [0] NCCL INFO misc/socket.cc:752 -> 6
jwb0256:2197060:2198755 [0] NCCL INFO transport/net_socket.cc:474 -> 6
jwb0256:2197060:2198755 [0] NCCL INFO transport/net.cc:1302 -> 6
jwb0256:2197060:2198755 [0] NCCL INFO proxy.cc:698 -> 6
jwb0256:2197060:2198755 [0] NCCL INFO proxy.cc:878 -> 6 [Progress Thread]

jwb0256:2197060:2198755 [0] misc/socket.cc:50 NCCL WARN socketProgress: Connection closed by remote peer jwb0236i.juwels<42268>
jwb0256:2197060:2198755 [0] NCCL INFO misc/socket.cc:752 -> 6
jwb0256:2197060:2198755 [0] NCCL INFO transport/net_socket.cc:474 -> 6
jwb0256:2197060:2198755 [0] NCCL INFO transport/net.cc:1302 -> 6
jwb0256:2197060:2198755 [0] NCCL INFO proxy.cc:698 -> 6
jwb0256:2197060:2198755 [0] NCCL INFO proxy.cc:878 -> 6 [Progress Thread]

jwb0256:2197060:2198755 [0] misc/socket.cc:50 NCCL WARN socketProgress: Connection closed by remote peer jwb0236i.juwels<42268>
jwb0256:2197060:2198755 [0] NCCL INFO misc/socket.cc:752 -> 6
jwb0256:2197060:2198755 [0] NCCL INFO transport/net_socket.cc:474 -> 6
jwb0256:2197060:2198755 [0] NCCL INFO transport/net.cc:1302 -> 6
jwb0256:2197060:2198755 [0] NCCL INFO proxy.cc:698 -> 6
jwb0256:2197060:2198755 [0] NCCL INFO proxy.cc:878 -> 6 [Progress Thread]

jwb0256:2197060:2198755 [0] misc/socket.cc:50 NCCL WARN socketProgress: Connection closed by remote peer jwb0236i.juwels<42268>
jwb0256:2197060:2198755 [0] NCCL INFO misc/socket.cc:752 -> 6
jwb0256:2197060:2198755 [0] NCCL INFO transport/net_socket.cc:474 -> 6
jwb0256:2197060:2198755 [0] NCCL INFO transport/net.cc:1302 -> 6
jwb0256:2197060:2198755 [0] NCCL INFO proxy.cc:698 -> 6
jwb0256:2197060:2198755 [0] NCCL INFO proxy.cc:878 -> 6 [Progress Thread]

jwb0256:2197060:2198755 [0] misc/socket.cc:50 NCCL WARN socketProgress: Connection closed by remote peer jwb0236i.juwels<42268>
jwb0256:2197060:2198755 [0] NCCL INFO misc/socket.cc:752 -> 6
jwb0256:2197060:2198755 [0] NCCL INFO transport/net_socket.cc:474 -> 6
jwb0256:2197060:2198755 [0] NCCL INFO transport/net.cc:1302 -> 6
jwb0256:2197060:2198755 [0] NCCL INFO proxy.cc:698 -> 6
jwb0256:2197060:2198755 [0] NCCL INFO proxy.cc:878 -> 6 [Progress Thread]

jwb0256:2197060:2198755 [0] misc/socket.cc:50 NCCL WARN socketProgress: Connection closed by remote peer jwb0236i.juwels<42268>
jwb0256:2197060:2198755 [0] NCCL INFO misc/socket.cc:752 -> 6
jwb0256:2197060:2198755 [0] NCCL INFO transport/net_socket.cc:474 -> 6
jwb0256:2197060:2198755 [0] NCCL INFO transport/net.cc:1302 -> 6
jwb0256:2197060:2198755 [0] NCCL INFO proxy.cc:698 -> 6
jwb0256:2197060:2198755 [0] NCCL INFO proxy.cc:878 -> 6 [Progress Thread]

jwb0256:2197060:2198755 [0] misc/socket.cc:50 NCCL WARN socketProgress: Connection closed by remote peer jwb0236i.juwels<42268>
jwb0256:2197060:2198755 [0] NCCL INFO misc/socket.cc:752 -> 6
jwb0256:2197060:2198755 [0] NCCL INFO transport/net_socket.cc:474 -> 6
jwb0256:2197060:2198755 [0] NCCL INFO transport/net.cc:1302 -> 6
jwb0256:2197060:2198755 [0] NCCL INFO proxy.cc:698 -> 6
jwb0256:2197060:2198755 [0] NCCL INFO proxy.cc:878 -> 6 [Progress Thread]

jwb0256:2197060:2198755 [0] misc/socket.cc:50 NCCL WARN socketProgress: Connection closed by remote peer jwb0236i.juwels<42268>
jwb0256:2197060:2198755 [0] NCCL INFO misc/socket.cc:752 -> 6
jwb0256:2197060:2198755 [0] NCCL INFO transport/net_socket.cc:474 -> 6
jwb0256:2197060:2198755 [0] NCCL INFO transport/net.cc:1302 -> 6
jwb0256:2197060:2198755 [0] NCCL INFO proxy.cc:698 -> 6
jwb0256:2197060:2198755 [0] NCCL INFO proxy.cc:878 -> 6 [Progress Thread]

jwb0256:2197060:2198755 [0] misc/socket.cc:50 NCCL WARN socketProgress: Connection closed by remote peer jwb0236i.juwels<42268>
jwb0256:2197060:2198755 [0] NCCL INFO misc/socket.cc:752 -> 6
jwb0256:2197060:2198755 [0] NCCL INFO transport/net_socket.cc:474 -> 6
jwb0256:2197060:2198755 [0] NCCL INFO transport/net.cc:1302 -> 6
jwb0256:2197060:2198755 [0] NCCL INFO proxy.cc:698 -> 6
jwb0256:2197060:2198755 [0] NCCL INFO proxy.cc:878 -> 6 [Progress Thread]

jwb0256:2197060:2198755 [0] misc/socket.cc:50 NCCL WARN socketProgress: Connection closed by remote peer jwb0236i.juwels<42268>
jwb0256:2197060:2198755 [0] NCCL INFO misc/socket.cc:752 -> 6
jwb0256:2197060:2198755 [0] NCCL INFO transport/net_socket.cc:474 -> 6
jwb0256:2197060:2198755 [0] NCCL INFO transport/net.cc:1302 -> 6
jwb0256:2197060:2198755 [0] NCCL INFO proxy.cc:698 -> 6
jwb0256:2197060:2198755 [0] NCCL INFO proxy.cc:878 -> 6 [Progress Thread]

jwb0256:2197060:2198755 [0] misc/socket.cc:50 NCCL WARN socketProgress: Connection closed by remote peer jwb0236i.juwels<42268>
jwb0256:2197060:2198755 [0] NCCL INFO misc/socket.cc:752 -> 6
jwb0256:2197060:2198755 [0] NCCL INFO transport/net_socket.cc:474 -> 6
jwb0256:2197060:2198755 [0] NCCL INFO transport/net.cc:1302 -> 6
jwb0256:2197060:2198755 [0] NCCL INFO proxy.cc:698 -> 6
jwb0256:2197060:2198755 [0] NCCL INFO proxy.cc:878 -> 6 [Progress Thread]

jwb0256:2197060:2198755 [0] misc/socket.cc:50 NCCL WARN socketProgress: Connection closed by remote peer jwb0236i.juwels<42268>
jwb0256:2197060:2198755 [0] NCCL INFO misc/socket.cc:752 -> 6
jwb0256:2197060:2198755 [0] NCCL INFO transport/net_socket.cc:474 -> 6
jwb0256:2197060:2198755 [0] NCCL INFO transport/net.cc:1302 -> 6
jwb0256:2197060:2198755 [0] NCCL INFO proxy.cc:698 -> 6
jwb0256:2197060:2198755 [0] NCCL INFO proxy.cc:878 -> 6 [Progress Thread]

jwb0256:2197060:2198755 [0] misc/socket.cc:50 NCCL WARN socketProgress: Connection closed by remote peer jwb0236i.juwels<42268>
jwb0256:2197060:2198755 [0] NCCL INFO misc/socket.cc:752 -> 6
jwb0256:2197060:2198755 [0] NCCL INFO transport/net_socket.cc:474 -> 6
jwb0256:2197060:2198755 [0] NCCL INFO transport/net.cc:1302 -> 6
jwb0256:2197060:2198755 [0] NCCL INFO proxy.cc:698 -> 6
jwb0256:2197060:2198755 [0] NCCL INFO proxy.cc:878 -> 6 [Progress Thread]

jwb0256:2197060:2198755 [0] misc/socket.cc:50 NCCL WARN socketProgress: Connection closed by remote peer jwb0236i.juwels<42268>
jwb0256:2197060:2198755 [0] NCCL INFO misc/socket.cc:752 -> 6
jwb0256:2197060:2198755 [0] NCCL INFO transport/net_socket.cc:474 -> 6
jwb0256:2197060:2198755 [0] NCCL INFO transport/net.cc:1302 -> 6
jwb0256:2197060:2198755 [0] NCCL INFO proxy.cc:698 -> 6
jwb0256:2197060:2198755 [0] NCCL INFO proxy.cc:878 -> 6 [Progress Thread]

jwb0256:2197060:2198755 [0] misc/socket.cc:50 NCCL WARN socketProgress: Connection closed by remote peer jwb0236i.juwels<42268>
jwb0256:2197060:2198755 [0] NCCL INFO misc/socket.cc:752 -> 6
jwb0256:2197060:2198755 [0] NCCL INFO transport/net_socket.cc:474 -> 6
jwb0256:2197060:2198755 [0] NCCL INFO transport/net.cc:1302 -> 6
jwb0256:2197060:2198755 [0] NCCL INFO proxy.cc:698 -> 6
jwb0256:2197060:2198755 [0] NCCL INFO proxy.cc:878 -> 6 [Progress Thread]

jwb0256:2197060:2198755 [0] misc/socket.cc:50 NCCL WARN socketProgress: Connection closed by remote peer jwb0236i.juwels<42268>
jwb0256:2197060:2198755 [0] NCCL INFO misc/socket.cc:752 -> 6
jwb0256:2197060:2198755 [0] NCCL INFO transport/net_socket.cc:474 -> 6
jwb0256:2197060:2198755 [0] NCCL INFO transport/net.cc:1302 -> 6
jwb0256:2197060:2198755 [0] NCCL INFO proxy.cc:698 -> 6
jwb0256:2197060:2198755 [0] NCCL INFO proxy.cc:878 -> 6 [Progress Thread]

jwb0256:2197060:2198755 [0] misc/socket.cc:50 NCCL WARN socketProgress: Connection closed by remote peer jwb0236i.juwels<42268>
jwb0256:2197060:2198755 [0] NCCL INFO misc/socket.cc:752 -> 6
jwb0256:2197060:2198755 [0] NCCL INFO transport/net_socket.cc:474 -> 6
jwb0256:2197060:2198755 [0] NCCL INFO transport/net.cc:1302 -> 6
jwb0256:2197060:2198755 [0] NCCL INFO proxy.cc:698 -> 6
jwb0256:2197060:2198755 [0] NCCL INFO proxy.cc:878 -> 6 [Progress Thread]

jwb0256:2197060:2198755 [0] misc/socket.cc:50 NCCL WARN socketProgress: Connection closed by remote peer jwb0236i.juwels<42268>
jwb0256:2197060:2198755 [0] NCCL INFO misc/socket.cc:752 -> 6
jwb0256:2197060:2198755 [0] NCCL INFO transport/net_socket.cc:474 -> 6
jwb0256:2197060:2198755 [0] NCCL INFO transport/net.cc:1302 -> 6
jwb0256:2197060:2198755 [0] NCCL INFO proxy.cc:698 -> 6
jwb0256:2197060:2198755 [0] NCCL INFO proxy.cc:878 -> 6 [Progress Thread]

jwb0256:2197060:2198755 [0] misc/socket.cc:50 NCCL WARN socketProgress: Connection closed by remote peer jwb0236i.juwels<42268>
jwb0256:2197060:2198755 [0] NCCL INFO misc/socket.cc:752 -> 6
jwb0256:2197060:2198755 [0] NCCL INFO transport/net_socket.cc:474 -> 6
jwb0256:2197060:2198755 [0] NCCL INFO transport/net.cc:1302 -> 6
jwb0256:2197060:2198755 [0] NCCL INFO proxy.cc:698 -> 6
jwb0256:2197060:2198755 [0] NCCL INFO proxy.cc:878 -> 6 [Progress Thread]

jwb0256:2197060:2198755 [0] misc/socket.cc:50 NCCL WARN socketProgress: Connection closed by remote peer jwb0236i.juwels<42268>
jwb0256:2197060:2198755 [0] NCCL INFO misc/socket.cc:752 -> 6
jwb0256:2197060:2198755 [0] NCCL INFO transport/net_socket.cc:474 -> 6
jwb0256:2197060:2198755 [0] NCCL INFO transport/net.cc:1302 -> 6
jwb0256:2197060:2198755 [0] NCCL INFO proxy.cc:698 -> 6
jwb0256:2197060:2198755 [0] NCCL INFO proxy.cc:878 -> 6 [Progress Thread]

jwb0256:2197060:2198755 [0] misc/socket.cc:50 NCCL WARN socketProgress: Connection closed by remote peer jwb0236i.juwels<42268>
jwb0256:2197060:2198755 [0] NCCL INFO misc/socket.cc:752 -> 6
jwb0256:2197060:2198755 [0] NCCL INFO transport/net_socket.cc:474 -> 6
jwb0256:2197060:2198755 [0] NCCL INFO transport/net.cc:1302 -> 6
jwb0256:2197060:2198755 [0] NCCL INFO proxy.cc:698 -> 6
jwb0256:2197060:2198755 [0] NCCL INFO proxy.cc:878 -> 6 [Progress Thread]

jwb0256:2197060:2198755 [0] misc/socket.cc:50 NCCL WARN socketProgress: Connection closed by remote peer jwb0236i.juwels<42268>
jwb0256:2197060:2198755 [0] NCCL INFO misc/socket.cc:752 -> 6
jwb0256:2197060:2198755 [0] NCCL INFO transport/net_socket.cc:474 -> 6
jwb0256:2197060:2198755 [0] NCCL INFO transport/net.cc:1302 -> 6
jwb0256:2197060:2198755 [0] NCCL INFO proxy.cc:698 -> 6
jwb0256:2197060:2198755 [0] NCCL INFO proxy.cc:878 -> 6 [Progress Thread]

jwb0256:2197060:2198755 [0] misc/socket.cc:50 NCCL WARN socketProgress: Connection closed by remote peer jwb0236i.juwels<42268>
jwb0256:2197060:2198755 [0] NCCL INFO misc/socket.cc:752 -> 6
jwb0256:2197060:2198755 [0] NCCL INFO transport/net_socket.cc:474 -> 6
jwb0256:2197060:2198755 [0] NCCL INFO transport/net.cc:1302 -> 6
jwb0256:2197060:2198755 [0] NCCL INFO proxy.cc:698 -> 6
jwb0256:2197060:2198755 [0] NCCL INFO proxy.cc:878 -> 6 [Progress Thread]

jwb0256:2197060:2198755 [0] misc/socket.cc:50 NCCL WARN socketProgress: Connection closed by remote peer jwb0236i.juwels<42268>
jwb0256:2197060:2198755 [0] NCCL INFO misc/socket.cc:752 -> 6
jwb0256:2197060:2198755 [0] NCCL INFO transport/net_socket.cc:474 -> 6
jwb0256:2197060:2198755 [0] NCCL INFO transport/net.cc:1302 -> 6
jwb0256:2197060:2198755 [0] NCCL INFO proxy.cc:698 -> 6
jwb0256:2197060:2198755 [0] NCCL INFO proxy.cc:878 -> 6 [Progress Thread]

jwb0256:2197060:2198755 [0] misc/socket.cc:50 NCCL WARN socketProgress: Connection closed by remote peer jwb0236i.juwels<42268>
jwb0256:2197060:2198755 [0] NCCL INFO misc/socket.cc:752 -> 6
jwb0256:2197060:2198755 [0] NCCL INFO transport/net_socket.cc:474 -> 6
jwb0256:2197060:2198755 [0] NCCL INFO transport/net.cc:1302 -> 6
jwb0256:2197060:2198755 [0] NCCL INFO proxy.cc:698 -> 6
jwb0256:2197060:2198755 [0] NCCL INFO proxy.cc:878 -> 6 [Progress Thread]

jwb0256:2197060:2198755 [0] misc/socket.cc:50 NCCL WARN socketProgress: Connection closed by remote peer jwb0236i.juwels<42268>
jwb0256:2197060:2198755 [0] NCCL INFO misc/socket.cc:752 -> 6
jwb0256:2197060:2198755 [0] NCCL INFO transport/net_socket.cc:474 -> 6
jwb0256:2197060:2198755 [0] NCCL INFO transport/net.cc:1302 -> 6
jwb0256:2197060:2198755 [0] NCCL INFO proxy.cc:698 -> 6
jwb0256:2197060:2198755 [0] NCCL INFO proxy.cc:878 -> 6 [Progress Thread]

jwb0256:2197060:2198755 [0] misc/socket.cc:50 NCCL WARN socketProgress: Connection closed by remote peer jwb0236i.juwels<42268>
jwb0256:2197060:2198755 [0] NCCL INFO misc/socket.cc:752 -> 6
jwb0256:2197060:2198755 [0] NCCL INFO transport/net_socket.cc:474 -> 6
jwb0256:2197060:2198755 [0] NCCL INFO transport/net.cc:1302 -> 6
jwb0256:2197060:2198755 [0] NCCL INFO proxy.cc:698 -> 6
jwb0256:2197060:2198755 [0] NCCL INFO proxy.cc:878 -> 6 [Progress Thread]

jwb0256:2197060:2198755 [0] misc/socket.cc:50 NCCL WARN socketProgress: Connection closed by remote peer jwb0236i.juwels<42268>
jwb0256:2197060:2198755 [0] NCCL INFO misc/socket.cc:752 -> 6
jwb0256:2197060:2198755 [0] NCCL INFO transport/net_socket.cc:474 -> 6
jwb0256:2197060:2198755 [0] NCCL INFO transport/net.cc:1302 -> 6
jwb0256:2197060:2198755 [0] NCCL INFO proxy.cc:698 -> 6
jwb0256:2197060:2198755 [0] NCCL INFO proxy.cc:878 -> 6 [Progress Thread]

jwb0256:2197060:2198755 [0] misc/socket.cc:50 NCCL WARN socketProgress: Connection closed by remote peer jwb0236i.juwels<42268>
jwb0256:2197060:2198755 [0] NCCL INFO misc/socket.cc:752 -> 6
jwb0256:2197060:2198755 [0] NCCL INFO transport/net_socket.cc:474 -> 6
jwb0256:2197060:2198755 [0] NCCL INFO transport/net.cc:1302 -> 6
jwb0256:2197060:2198755 [0] NCCL INFO proxy.cc:698 -> 6
jwb0256:2197060:2198755 [0] NCCL INFO proxy.cc:878 -> 6 [Progress Thread]

jwb0256:2197060:2198755 [0] misc/socket.cc:50 NCCL WARN socketProgress: Connection closed by remote peer jwb0236i.juwels<42268>
jwb0256:2197060:2198755 [0] NCCL INFO misc/socket.cc:752 -> 6
jwb0256:2197060:2198755 [0] NCCL INFO transport/net_socket.cc:474 -> 6
jwb0256:2197060:2198755 [0] NCCL INFO transport/net.cc:1302 -> 6
jwb0256:2197060:2198755 [0] NCCL INFO proxy.cc:698 -> 6
jwb0256:2197060:2198755 [0] NCCL INFO proxy.cc:878 -> 6 [Progress Thread]

jwb0256:2197060:2198755 [0] misc/socket.cc:50 NCCL WARN socketProgress: Connection closed by remote peer jwb0236i.juwels<42268>
jwb0256:2197060:2198755 [0] NCCL INFO misc/socket.cc:752 -> 6
jwb0256:2197060:2198755 [0] NCCL INFO transport/net_socket.cc:474 -> 6
jwb0256:2197060:2198755 [0] NCCL INFO transport/net.cc:1302 -> 6
jwb0256:2197060:2198755 [0] NCCL INFO proxy.cc:698 -> 6
jwb0256:2197060:2198755 [0] NCCL INFO proxy.cc:878 -> 6 [Progress Thread]

jwb0256:2197060:2198755 [0] misc/socket.cc:50 NCCL WARN socketProgress: Connection closed by remote peer jwb0236i.juwels<42268>
jwb0256:2197060:2198755 [0] NCCL INFO misc/socket.cc:752 -> 6
jwb0256:2197060:2198755 [0] NCCL INFO transport/net_socket.cc:474 -> 6
jwb0256:2197060:2198755 [0] NCCL INFO transport/net.cc:1302 -> 6
jwb0256:2197060:2198755 [0] NCCL INFO proxy.cc:698 -> 6
jwb0256:2197060:2198755 [0] NCCL INFO proxy.cc:878 -> 6 [Progress Thread]

jwb0256:2197060:2198755 [0] misc/socket.cc:50 NCCL WARN socketProgress: Connection closed by remote peer jwb0236i.juwels<42268>
jwb0256:2197060:2198755 [0] NCCL INFO misc/socket.cc:752 -> 6
jwb0256:2197060:2198755 [0] NCCL INFO transport/net_socket.cc:474 -> 6
jwb0256:2197060:2198755 [0] NCCL INFO transport/net.cc:1302 -> 6
jwb0256:2197060:2198755 [0] NCCL INFO proxy.cc:698 -> 6
jwb0256:2197060:2198755 [0] NCCL INFO proxy.cc:878 -> 6 [Progress Thread]

jwb0256:2197060:2198755 [0] misc/socket.cc:50 NCCL WARN socketProgress: Connection closed by remote peer jwb0236i.juwels<42268>
jwb0256:2197060:2198755 [0] NCCL INFO misc/socket.cc:752 -> 6
jwb0256:2197060:2198755 [0] NCCL INFO transport/net_socket.cc:474 -> 6
jwb0256:2197060:2198755 [0] NCCL INFO transport/net.cc:1302 -> 6
jwb0256:2197060:2198755 [0] NCCL INFO proxy.cc:698 -> 6
jwb0256:2197060:2198755 [0] NCCL INFO proxy.cc:878 -> 6 [Progress Thread]

jwb0256:2197060:2198755 [0] misc/socket.cc:50 NCCL WARN socketProgress: Connection closed by remote peer jwb0236i.juwels<42268>
jwb0256:2197060:2198755 [0] NCCL INFO misc/socket.cc:752 -> 6
jwb0256:2197060:2198755 [0] NCCL INFO transport/net_socket.cc:474 -> 6
jwb0256:2197060:2198755 [0] NCCL INFO transport/net.cc:1302 -> 6
jwb0256:2197060:2198755 [0] NCCL INFO proxy.cc:698 -> 6
jwb0256:2197060:2198755 [0] NCCL INFO proxy.cc:878 -> 6 [Progress Thread]

jwb0256:2197060:2198755 [0] misc/socket.cc:50 NCCL WARN socketProgress: Connection closed by remote peer jwb0236i.juwels<42268>
jwb0256:2197060:2198755 [0] NCCL INFO misc/socket.cc:752 -> 6
jwb0256:2197060:2198755 [0] NCCL INFO transport/net_socket.cc:474 -> 6
jwb0256:2197060:2198755 [0] NCCL INFO transport/net.cc:1302 -> 6
jwb0256:2197060:2198755 [0] NCCL INFO proxy.cc:698 -> 6
jwb0256:2197060:2198755 [0] NCCL INFO proxy.cc:878 -> 6 [Progress Thread]

jwb0256:2197060:2198755 [0] misc/socket.cc:50 NCCL WARN socketProgress: Connection closed by remote peer jwb0236i.juwels<42268>
jwb0256:2197060:2198755 [0] NCCL INFO misc/socket.cc:752 -> 6
jwb0256:2197060:2198755 [0] NCCL INFO transport/net_socket.cc:474 -> 6
jwb0256:2197060:2198755 [0] NCCL INFO transport/net.cc:1302 -> 6
jwb0256:2197060:2198755 [0] NCCL INFO proxy.cc:698 -> 6
jwb0256:2197060:2198755 [0] NCCL INFO proxy.cc:878 -> 6 [Progress Thread]

jwb0256:2197060:2198755 [0] misc/socket.cc:50 NCCL WARN socketProgress: Connection closed by remote peer jwb0236i.juwels<42268>
jwb0256:2197060:2198755 [0] NCCL INFO misc/socket.cc:752 -> 6
jwb0256:2197060:2198755 [0] NCCL INFO transport/net_socket.cc:474 -> 6
jwb0256:2197060:2198755 [0] NCCL INFO transport/net.cc:1302 -> 6
jwb0256:2197060:2198755 [0] NCCL INFO proxy.cc:698 -> 6
jwb0256:2197060:2198755 [0] NCCL INFO proxy.cc:878 -> 6 [Progress Thread]

jwb0256:2197060:2198755 [0] misc/socket.cc:50 NCCL WARN socketProgress: Connection closed by remote peer jwb0236i.juwels<42268>
jwb0256:2197060:2198755 [0] NCCL INFO misc/socket.cc:752 -> 6
jwb0256:2197060:2198755 [0] NCCL INFO transport/net_socket.cc:474 -> 6
jwb0256:2197060:2198755 [0] NCCL INFO transport/net.cc:1302 -> 6
jwb0256:2197060:2198755 [0] NCCL INFO proxy.cc:698 -> 6
jwb0256:2197060:2198755 [0] NCCL INFO proxy.cc:878 -> 6 [Progress Thread]

jwb0256:2197060:2198755 [0] misc/socket.cc:50 NCCL WARN socketProgress: Connection closed by remote peer jwb0236i.juwels<42268>
jwb0256:2197060:2198755 [0] NCCL INFO misc/socket.cc:752 -> 6
jwb0256:2197060:2198755 [0] NCCL INFO transport/net_socket.cc:474 -> 6
jwb0256:2197060:2198755 [0] NCCL INFO transport/net.cc:1302 -> 6
jwb0256:2197060:2198755 [0] NCCL INFO proxy.cc:698 -> 6
jwb0256:2197060:2198755 [0] NCCL INFO proxy.cc:878 -> 6 [Progress Thread]

jwb0256:2197060:2198755 [0] misc/socket.cc:50 NCCL WARN socketProgress: Connection closed by remote peer jwb0236i.juwels<42268>
jwb0256:2197060:2198755 [0] NCCL INFO misc/socket.cc:752 -> 6
jwb0256:2197060:2198755 [0] NCCL INFO transport/net_socket.cc:474 -> 6
jwb0256:2197060:2198755 [0] NCCL INFO transport/net.cc:1302 -> 6
jwb0256:2197060:2198755 [0] NCCL INFO proxy.cc:698 -> 6
jwb0256:2197060:2198755 [0] NCCL INFO proxy.cc:878 -> 6 [Progress Thread]

jwb0256:2197060:2198755 [0] misc/socket.cc:50 NCCL WARN socketProgress: Connection closed by remote peer jwb0236i.juwels<42268>
jwb0256:2197060:2198755 [0] NCCL INFO misc/socket.cc:752 -> 6
jwb0256:2197060:2198755 [0] NCCL INFO transport/net_socket.cc:474 -> 6
jwb0256:2197060:2198755 [0] NCCL INFO transport/net.cc:1302 -> 6
jwb0256:2197060:2198755 [0] NCCL INFO proxy.cc:698 -> 6
jwb0256:2197060:2198755 [0] NCCL INFO proxy.cc:878 -> 6 [Progress Thread]

jwb0256:2197060:2198755 [0] misc/socket.cc:50 NCCL WARN socketProgress: Connection closed by remote peer jwb0236i.juwels<42268>
jwb0256:2197060:2198755 [0] NCCL INFO misc/socket.cc:752 -> 6
jwb0256:2197060:2198755 [0] NCCL INFO transport/net_socket.cc:474 -> 6
jwb0256:2197060:2198755 [0] NCCL INFO transport/net.cc:1302 -> 6
jwb0256:2197060:2198755 [0] NCCL INFO proxy.cc:698 -> 6
jwb0256:2197060:2198755 [0] NCCL INFO proxy.cc:878 -> 6 [Progress Thread]

jwb0256:2197060:2198755 [0] misc/socket.cc:50 NCCL WARN socketProgress: Connection closed by remote peer jwb0236i.juwels<42268>
jwb0256:2197060:2198755 [0] NCCL INFO misc/socket.cc:752 -> 6
jwb0256:2197060:2198755 [0] NCCL INFO transport/net_socket.cc:474 -> 6
jwb0256:2197060:2198755 [0] NCCL INFO transport/net.cc:1302 -> 6
jwb0256:2197060:2198755 [0] NCCL INFO proxy.cc:698 -> 6
jwb0256:2197060:2198755 [0] NCCL INFO proxy.cc:878 -> 6 [Progress Thread]

jwb0256:2197060:2198755 [0] misc/socket.cc:50 NCCL WARN socketProgress: Connection closed by remote peer jwb0236i.juwels<42268>
jwb0256:2197060:2198755 [0] NCCL INFO misc/socket.cc:752 -> 6
jwb0256:2197060:2198755 [0] NCCL INFO transport/net_socket.cc:474 -> 6
jwb0256:2197060:2198755 [0] NCCL INFO transport/net.cc:1302 -> 6
jwb0256:2197060:2198755 [0] NCCL INFO proxy.cc:698 -> 6
jwb0256:2197060:2198755 [0] NCCL INFO proxy.cc:878 -> 6 [Progress Thread]

jwb0256:2197060:2198755 [0] misc/socket.cc:50 NCCL WARN socketProgress: Connection closed by remote peer jwb0236i.juwels<42268>
jwb0256:2197060:2198755 [0] NCCL INFO misc/socket.cc:752 -> 6
jwb0256:2197060:2198755 [0] NCCL INFO transport/net_socket.cc:474 -> 6
jwb0256:2197060:2198755 [0] NCCL INFO transport/net.cc:1302 -> 6
jwb0256:2197060:2198755 [0] NCCL INFO proxy.cc:698 -> 6
jwb0256:2197060:2198755 [0] NCCL INFO proxy.cc:878 -> 6 [Progress Thread]

jwb0256:2197060:2198755 [0] misc/socket.cc:50 NCCL WARN socketProgress: Connection closed by remote peer jwb0236i.juwels<42268>
jwb0256:2197060:2198755 [0] NCCL INFO misc/socket.cc:752 -> 6
jwb0256:2197060:2198755 [0] NCCL INFO transport/net_socket.cc:474 -> 6
jwb0256:2197060:2198755 [0] NCCL INFO transport/net.cc:1302 -> 6
jwb0256:2197060:2198755 [0] NCCL INFO proxy.cc:698 -> 6
jwb0256:2197060:2198755 [0] NCCL INFO proxy.cc:878 -> 6 [Progress Thread]

jwb0256:2197060:2198755 [0] misc/socket.cc:50 NCCL WARN socketProgress: Connection closed by remote peer jwb0236i.juwels<42268>
jwb0256:2197060:2198755 [0] NCCL INFO misc/socket.cc:752 -> 6
jwb0256:2197060:2198755 [0] NCCL INFO transport/net_socket.cc:474 -> 6
jwb0256:2197060:2198755 [0] NCCL INFO transport/net.cc:1302 -> 6
jwb0256:2197060:2198755 [0] NCCL INFO proxy.cc:698 -> 6
jwb0256:2197060:2198755 [0] NCCL INFO proxy.cc:878 -> 6 [Progress Thread]

jwb0256:2197060:2198755 [0] misc/socket.cc:50 NCCL WARN socketProgress: Connection closed by remote peer jwb0236i.juwels<42268>
jwb0256:2197060:2198755 [0] NCCL INFO misc/socket.cc:752 -> 6
jwb0256:2197060:2198755 [0] NCCL INFO transport/net_socket.cc:474 -> 6
jwb0256:2197060:2198755 [0] NCCL INFO transport/net.cc:1302 -> 6
jwb0256:2197060:2198755 [0] NCCL INFO proxy.cc:698 -> 6
jwb0256:2197060:2198755 [0] NCCL INFO proxy.cc:878 -> 6 [Progress Thread]

jwb0256:2197060:2198755 [0] misc/socket.cc:50 NCCL WARN socketProgress: Connection closed by remote peer jwb0236i.juwels<42268>
jwb0256:2197060:2198755 [0] NCCL INFO misc/socket.cc:752 -> 6
jwb0256:2197060:2198755 [0] NCCL INFO transport/net_socket.cc:474 -> 6
jwb0256:2197060:2198755 [0] NCCL INFO transport/net.cc:1302 -> 6
jwb0256:2197060:2198755 [0] NCCL INFO proxy.cc:698 -> 6
jwb0256:2197060:2198755 [0] NCCL INFO proxy.cc:878 -> 6 [Progress Thread]

jwb0256:2197060:2198755 [0] misc/socket.cc:50 NCCL WARN socketProgress: Connection closed by remote peer jwb0236i.juwels<42268>
jwb0256:2197060:2198755 [0] NCCL INFO misc/socket.cc:752 -> 6
jwb0256:2197060:2198755 [0] NCCL INFO transport/net_socket.cc:474 -> 6
jwb0256:2197060:2198755 [0] NCCL INFO transport/net.cc:1302 -> 6
jwb0256:2197060:2198755 [0] NCCL INFO proxy.cc:698 -> 6
jwb0256:2197060:2198755 [0] NCCL INFO proxy.cc:878 -> 6 [Progress Thread]

jwb0256:2197060:2198755 [0] misc/socket.cc:50 NCCL WARN socketProgress: Connection closed by remote peer jwb0236i.juwels<42268>
jwb0256:2197060:2198755 [0] NCCL INFO misc/socket.cc:752 -> 6
jwb0256:2197060:2198755 [0] NCCL INFO transport/net_socket.cc:474 -> 6
jwb0256:2197060:2198755 [0] NCCL INFO transport/net.cc:1302 -> 6
jwb0256:2197060:2198755 [0] NCCL INFO proxy.cc:698 -> 6
jwb0256:2197060:2198755 [0] NCCL INFO proxy.cc:878 -> 6 [Progress Thread]

jwb0256:2197060:2198755 [0] misc/socket.cc:50 NCCL WARN socketProgress: Connection closed by remote peer jwb0236i.juwels<42268>
jwb0256:2197060:2198755 [0] NCCL INFO misc/socket.cc:752 -> 6
jwb0256:2197060:2198755 [0] NCCL INFO transport/net_socket.cc:474 -> 6
jwb0256:2197060:2198755 [0] NCCL INFO transport/net.cc:1302 -> 6
jwb0256:2197060:2198755 [0] NCCL INFO proxy.cc:698 -> 6
jwb0256:2197060:2198755 [0] NCCL INFO proxy.cc:878 -> 6 [Progress Thread]

jwb0256:2197060:2198755 [0] misc/socket.cc:50 NCCL WARN socketProgress: Connection closed by remote peer jwb0236i.juwels<42268>
jwb0256:2197060:2198755 [0] NCCL INFO misc/socket.cc:752 -> 6
jwb0256:2197060:2198755 [0] NCCL INFO transport/net_socket.cc:474 -> 6
jwb0256:2197060:2198755 [0] NCCL INFO transport/net.cc:1302 -> 6
jwb0256:2197060:2198755 [0] NCCL INFO proxy.cc:698 -> 6
jwb0256:2197060:2198755 [0] NCCL INFO proxy.cc:878 -> 6 [Progress Thread]

jwb0256:2197060:2198755 [0] misc/socket.cc:50 NCCL WARN socketProgress: Connection closed by remote peer jwb0236i.juwels<42268>
jwb0256:2197060:2198755 [0] NCCL INFO misc/socket.cc:752 -> 6
jwb0256:2197060:2198755 [0] NCCL INFO transport/net_socket.cc:474 -> 6
jwb0256:2197060:2198755 [0] NCCL INFO transport/net.cc:1302 -> 6
jwb0256:2197060:2198755 [0] NCCL INFO proxy.cc:698 -> 6
jwb0256:2197060:2198755 [0] NCCL INFO proxy.cc:878 -> 6 [Progress Thread]

jwb0256:2197060:2198755 [0] misc/socket.cc:50 NCCL WARN socketProgress: Connection closed by remote peer jwb0236i.juwels<42268>
jwb0256:2197060:2198755 [0] NCCL INFO misc/socket.cc:752 -> 6
jwb0256:2197060:2198755 [0] NCCL INFO transport/net_socket.cc:474 -> 6
jwb0256:2197060:2198755 [0] NCCL INFO transport/net.cc:1302 -> 6
jwb0256:2197060:2198755 [0] NCCL INFO proxy.cc:698 -> 6
jwb0256:2197060:2198755 [0] NCCL INFO proxy.cc:878 -> 6 [Progress Thread]

jwb0256:2197060:2198755 [0] misc/socket.cc:50 NCCL WARN socketProgress: Connection closed by remote peer jwb0236i.juwels<42268>
jwb0256:2197060:2198755 [0] NCCL INFO misc/socket.cc:752 -> 6
jwb0256:2197060:2198755 [0] NCCL INFO transport/net_socket.cc:474 -> 6
jwb0256:2197060:2198755 [0] NCCL INFO transport/net.cc:1302 -> 6
jwb0256:2197060:2198755 [0] NCCL INFO proxy.cc:698 -> 6
jwb0256:2197060:2198755 [0] NCCL INFO proxy.cc:878 -> 6 [Progress Thread]

jwb0256:2197060:2198755 [0] misc/socket.cc:50 NCCL WARN socketProgress: Connection closed by remote peer jwb0236i.juwels<42268>
jwb0256:2197060:2198755 [0] NCCL INFO misc/socket.cc:752 -> 6
jwb0256:2197060:2198755 [0] NCCL INFO transport/net_socket.cc:474 -> 6
jwb0256:2197060:2198755 [0] NCCL INFO transport/net.cc:1302 -> 6
jwb0256:2197060:2198755 [0] NCCL INFO proxy.cc:698 -> 6
jwb0256:2197060:2198755 [0] NCCL INFO proxy.cc:878 -> 6 [Progress Thread]

jwb0256:2197060:2198755 [0] misc/socket.cc:50 NCCL WARN socketProgress: Connection closed by remote peer jwb0236i.juwels<42268>
jwb0256:2197060:2198755 [0] NCCL INFO misc/socket.cc:752 -> 6
jwb0256:2197060:2198755 [0] NCCL INFO transport/net_socket.cc:474 -> 6
jwb0256:2197060:2198755 [0] NCCL INFO transport/net.cc:1302 -> 6
jwb0256:2197060:2198755 [0] NCCL INFO proxy.cc:698 -> 6
jwb0256:2197060:2198755 [0] NCCL INFO proxy.cc:878 -> 6 [Progress Thread]

jwb0256:2197060:2198755 [0] misc/socket.cc:50 NCCL WARN socketProgress: Connection closed by remote peer jwb0236i.juwels<42268>
jwb0256:2197060:2198755 [0] NCCL INFO misc/socket.cc:752 -> 6
jwb0256:2197060:2198755 [0] NCCL INFO transport/net_socket.cc:474 -> 6
jwb0256:2197060:2198755 [0] NCCL INFO transport/net.cc:1302 -> 6
jwb0256:2197060:2198755 [0] NCCL INFO proxy.cc:698 -> 6
jwb0256:2197060:2198755 [0] NCCL INFO proxy.cc:878 -> 6 [Progress Thread]

jwb0256:2197060:2198755 [0] misc/socket.cc:50 NCCL WARN socketProgress: Connection closed by remote peer jwb0236i.juwels<42268>
jwb0256:2197060:2198755 [0] NCCL INFO misc/socket.cc:752 -> 6
jwb0256:2197060:2198755 [0] NCCL INFO transport/net_socket.cc:474 -> 6
jwb0256:2197060:2198755 [0] NCCL INFO transport/net.cc:1302 -> 6
jwb0256:2197060:2198755 [0] NCCL INFO proxy.cc:698 -> 6
jwb0256:2197060:2198755 [0] NCCL INFO proxy.cc:878 -> 6 [Progress Thread]

jwb0256:2197060:2198755 [0] misc/socket.cc:50 NCCL WARN socketProgress: Connection closed by remote peer jwb0236i.juwels<42268>
jwb0256:2197060:2198755 [0] NCCL INFO misc/socket.cc:752 -> 6
jwb0256:2197060:2198755 [0] NCCL INFO transport/net_socket.cc:474 -> 6
jwb0256:2197060:2198755 [0] NCCL INFO transport/net.cc:1302 -> 6
jwb0256:2197060:2198755 [0] NCCL INFO proxy.cc:698 -> 6
jwb0256:2197060:2198755 [0] NCCL INFO proxy.cc:878 -> 6 [Progress Thread]

jwb0256:2197060:2198755 [0] misc/socket.cc:50 NCCL WARN socketProgress: Connection closed by remote peer jwb0236i.juwels<42268>
jwb0256:2197060:2198755 [0] NCCL INFO misc/socket.cc:752 -> 6
jwb0256:2197060:2198755 [0] NCCL INFO transport/net_socket.cc:474 -> 6
jwb0256:2197060:2198755 [0] NCCL INFO transport/net.cc:1302 -> 6
jwb0256:2197060:2198755 [0] NCCL INFO proxy.cc:698 -> 6
jwb0256:2197060:2198755 [0] NCCL INFO proxy.cc:878 -> 6 [Progress Thread]

jwb0256:2197060:2198755 [0] misc/socket.cc:50 NCCL WARN socketProgress: Connection closed by remote peer jwb0236i.juwels<42268>
jwb0256:2197060:2198755 [0] NCCL INFO misc/socket.cc:752 -> 6
jwb0256:2197060:2198755 [0] NCCL INFO transport/net_socket.cc:474 -> 6
jwb0256:2197060:2198755 [0] NCCL INFO transport/net.cc:1302 -> 6
jwb0256:2197060:2198755 [0] NCCL INFO proxy.cc:698 -> 6
jwb0256:2197060:2198755 [0] NCCL INFO proxy.cc:878 -> 6 [Progress Thread]

jwb0256:2197060:2198755 [0] misc/socket.cc:50 NCCL WARN socketProgress: Connection closed by remote peer jwb0236i.juwels<42268>
jwb0256:2197060:2198755 [0] NCCL INFO misc/socket.cc:752 -> 6
jwb0256:2197060:2198755 [0] NCCL INFO transport/net_socket.cc:474 -> 6
jwb0256:2197060:2198755 [0] NCCL INFO transport/net.cc:1302 -> 6
jwb0256:2197060:2198755 [0] NCCL INFO proxy.cc:698 -> 6
jwb0256:2197060:2198755 [0] NCCL INFO proxy.cc:878 -> 6 [Progress Thread]

jwb0256:2197060:2198755 [0] misc/socket.cc:50 NCCL WARN socketProgress: Connection closed by remote peer jwb0236i.juwels<42268>
jwb0256:2197060:2198755 [0] NCCL INFO misc/socket.cc:752 -> 6
jwb0256:2197060:2198755 [0] NCCL INFO transport/net_socket.cc:474 -> 6
jwb0256:2197060:2198755 [0] NCCL INFO transport/net.cc:1302 -> 6
jwb0256:2197060:2198755 [0] NCCL INFO proxy.cc:698 -> 6
jwb0256:2197060:2198755 [0] NCCL INFO proxy.cc:878 -> 6 [Progress Thread]

jwb0256:2197060:2198755 [0] misc/socket.cc:50 NCCL WARN socketProgress: Connection closed by remote peer jwb0236i.juwels<42268>
jwb0256:2197060:2198755 [0] NCCL INFO misc/socket.cc:752 -> 6
jwb0256:2197060:2198755 [0] NCCL INFO transport/net_socket.cc:474 -> 6
jwb0256:2197060:2198755 [0] NCCL INFO transport/net.cc:1302 -> 6
jwb0256:2197060:2198755 [0] NCCL INFO proxy.cc:698 -> 6
jwb0256:2197060:2198755 [0] NCCL INFO proxy.cc:878 -> 6 [Progress Thread]

jwb0256:2197060:2198755 [0] misc/socket.cc:50 NCCL WARN socketProgress: Connection closed by remote peer jwb0236i.juwels<42268>
jwb0256:2197060:2198755 [0] NCCL INFO misc/socket.cc:752 -> 6
jwb0256:2197060:2198755 [0] NCCL INFO transport/net_socket.cc:474 -> 6
jwb0256:2197060:2198755 [0] NCCL INFO transport/net.cc:1302 -> 6
jwb0256:2197060:2198755 [0] NCCL INFO proxy.cc:698 -> 6
jwb0256:2197060:2198755 [0] NCCL INFO proxy.cc:878 -> 6 [Progress Thread]

jwb0256:2197060:2198755 [0] misc/socket.cc:50 NCCL WARN socketProgress: Connection closed by remote peer jwb0236i.juwels<42268>
jwb0256:2197060:2198755 [0] NCCL INFO misc/socket.cc:752 -> 6
jwb0256:2197060:2198755 [0] NCCL INFO transport/net_socket.cc:474 -> 6
jwb0256:2197060:2198755 [0] NCCL INFO transport/net.cc:1302 -> 6
jwb0256:2197060:2198755 [0] NCCL INFO proxy.cc:698 -> 6
jwb0256:2197060:2198755 [0] NCCL INFO proxy.cc:878 -> 6 [Progress Thread]

jwb0256:2197060:2198755 [0] misc/socket.cc:50 NCCL WARN socketProgress: Connection closed by remote peer jwb0236i.juwels<42268>
jwb0256:2197060:2198755 [0] NCCL INFO misc/socket.cc:752 -> 6
jwb0256:2197060:2198755 [0] NCCL INFO transport/net_socket.cc:474 -> 6
jwb0256:2197060:2198755 [0] NCCL INFO transport/net.cc:1302 -> 6
jwb0256:2197060:2198755 [0] NCCL INFO proxy.cc:698 -> 6
jwb0256:2197060:2198755 [0] NCCL INFO proxy.cc:878 -> 6 [Progress Thread]

jwb0256:2197060:2198755 [0] misc/socket.cc:50 NCCL WARN socketProgress: Connection closed by remote peer jwb0236i.juwels<42268>
jwb0256:2197060:2198755 [0] NCCL INFO misc/socket.cc:752 -> 6
jwb0256:2197060:2198755 [0] NCCL INFO transport/net_socket.cc:474 -> 6
jwb0256:2197060:2198755 [0] NCCL INFO transport/net.cc:1302 -> 6
jwb0256:2197060:2198755 [0] NCCL INFO proxy.cc:698 -> 6
jwb0256:2197060:2198755 [0] NCCL INFO proxy.cc:878 -> 6 [Progress Thread]

jwb0256:2197060:2198755 [0] misc/socket.cc:50 NCCL WARN socketProgress: Connection closed by remote peer jwb0236i.juwels<42268>
jwb0256:2197060:2198755 [0] NCCL INFO misc/socket.cc:752 -> 6
jwb0256:2197060:2198755 [0] NCCL INFO transport/net_socket.cc:474 -> 6
jwb0256:2197060:2198755 [0] NCCL INFO transport/net.cc:1302 -> 6
jwb0256:2197060:2198755 [0] NCCL INFO proxy.cc:698 -> 6
jwb0256:2197060:2198755 [0] NCCL INFO proxy.cc:878 -> 6 [Progress Thread]

jwb0256:2197060:2198755 [0] misc/socket.cc:50 NCCL WARN socketProgress: Connection closed by remote peer jwb0236i.juwels<42268>
jwb0256:2197060:2198755 [0] NCCL INFO misc/socket.cc:752 -> 6
jwb0256:2197060:2198755 [0] NCCL INFO transport/net_socket.cc:474 -> 6
jwb0256:2197060:2198755 [0] NCCL INFO transport/net.cc:1302 -> 6
jwb0256:2197060:2198755 [0] NCCL INFO proxy.cc:698 -> 6
jwb0256:2197060:2198755 [0] NCCL INFO proxy.cc:878 -> 6 [Progress Thread]

jwb0256:2197060:2198755 [0] misc/socket.cc:50 NCCL WARN socketProgress: Connection closed by remote peer jwb0236i.juwels<42268>
jwb0256:2197060:2198755 [0] NCCL INFO misc/socket.cc:752 -> 6
jwb0256:2197060:2198755 [0] NCCL INFO transport/net_socket.cc:474 -> 6
jwb0256:2197060:2198755 [0] NCCL INFO transport/net.cc:1302 -> 6
jwb0256:2197060:2198755 [0] NCCL INFO proxy.cc:698 -> 6
jwb0256:2197060:2198755 [0] NCCL INFO proxy.cc:878 -> 6 [Progress Thread]

jwb0256:2197060:2198755 [0] misc/socket.cc:50 NCCL WARN socketProgress: Connection closed by remote peer jwb0236i.juwels<42268>
jwb0256:2197060:2198755 [0] NCCL INFO misc/socket.cc:752 -> 6
jwb0256:2197060:2198755 [0] NCCL INFO transport/net_socket.cc:474 -> 6
jwb0256:2197060:2198755 [0] NCCL INFO transport/net.cc:1302 -> 6
jwb0256:2197060:2198755 [0] NCCL INFO proxy.cc:698 -> 6
jwb0256:2197060:2198755 [0] NCCL INFO proxy.cc:878 -> 6 [Progress Thread]

jwb0256:2197060:2198755 [0] misc/socket.cc:50 NCCL WARN socketProgress: Connection closed by remote peer jwb0236i.juwels<42268>
jwb0256:2197060:2198755 [0] NCCL INFO misc/socket.cc:752 -> 6
jwb0256:2197060:2198755 [0] NCCL INFO transport/net_socket.cc:474 -> 6
jwb0256:2197060:2198755 [0] NCCL INFO transport/net.cc:1302 -> 6
jwb0256:2197060:2198755 [0] NCCL INFO proxy.cc:698 -> 6
jwb0256:2197060:2198755 [0] NCCL INFO proxy.cc:878 -> 6 [Progress Thread]

jwb0256:2197060:2198755 [0] misc/socket.cc:50 NCCL WARN socketProgress: Connection closed by remote peer jwb0236i.juwels<42268>
jwb0256:2197060:2198755 [0] NCCL INFO misc/socket.cc:752 -> 6
jwb0256:2197060:2198755 [0] NCCL INFO transport/net_socket.cc:474 -> 6
jwb0256:2197060:2198755 [0] NCCL INFO transport/net.cc:1302 -> 6
jwb0256:2197060:2198755 [0] NCCL INFO proxy.cc:698 -> 6
jwb0256:2197060:2198755 [0] NCCL INFO proxy.cc:878 -> 6 [Progress Thread]

jwb0256:2197060:2198755 [0] misc/socket.cc:50 NCCL WARN socketProgress: Connection closed by remote peer jwb0236i.juwels<42268>
jwb0256:2197060:2198755 [0] NCCL INFO misc/socket.cc:752 -> 6
jwb0256:2197060:2198755 [0] NCCL INFO transport/net_socket.cc:474 -> 6
jwb0256:2197060:2198755 [0] NCCL INFO transport/net.cc:1302 -> 6
jwb0256:2197060:2198755 [0] NCCL INFO proxy.cc:698 -> 6
jwb0256:2197060:2198755 [0] NCCL INFO proxy.cc:878 -> 6 [Progress Thread]

jwb0256:2197060:2198755 [0] misc/socket.cc:50 NCCL WARN socketProgress: Connection closed by remote peer jwb0236i.juwels<42268>
jwb0256:2197060:2198755 [0] NCCL INFO misc/socket.cc:752 -> 6
jwb0256:2197060:2198755 [0] NCCL INFO transport/net_socket.cc:474 -> 6
jwb0256:2197060:2198755 [0] NCCL INFO transport/net.cc:1302 -> 6
jwb0256:2197060:2198755 [0] NCCL INFO proxy.cc:698 -> 6
jwb0256:2197060:2198755 [0] NCCL INFO proxy.cc:878 -> 6 [Progress Thread]

jwb0256:2197060:2198755 [0] misc/socket.cc:50 NCCL WARN socketProgress: Connection closed by remote peer jwb0236i.juwels<42268>
jwb0256:2197060:2198755 [0] NCCL INFO misc/socket.cc:752 -> 6
jwb0256:2197060:2198755 [0] NCCL INFO transport/net_socket.cc:474 -> 6
jwb0256:2197060:2198755 [0] NCCL INFO transport/net.cc:1302 -> 6
jwb0256:2197060:2198755 [0] NCCL INFO proxy.cc:698 -> 6
jwb0256:2197060:2198755 [0] NCCL INFO proxy.cc:878 -> 6 [Progress Thread]

jwb0256:2197060:2198755 [0] misc/socket.cc:50 NCCL WARN socketProgress: Connection closed by remote peer jwb0236i.juwels<42268>
jwb0256:2197060:2198755 [0] NCCL INFO misc/socket.cc:752 -> 6
jwb0256:2197060:2198755 [0] NCCL INFO transport/net_socket.cc:474 -> 6
jwb0256:2197060:2198755 [0] NCCL INFO transport/net.cc:1302 -> 6
jwb0256:2197060:2198755 [0] NCCL INFO proxy.cc:698 -> 6
jwb0256:2197060:2198755 [0] NCCL INFO proxy.cc:878 -> 6 [Progress Thread]

jwb0256:2197060:2198755 [0] misc/socket.cc:50 NCCL WARN socketProgress: Connection closed by remote peer jwb0236i.juwels<42268>
jwb0256:2197060:2198755 [0] NCCL INFO misc/socket.cc:752 -> 6
jwb0256:2197060:2198755 [0] NCCL INFO transport/net_socket.cc:474 -> 6
jwb0256:2197060:2198755 [0] NCCL INFO transport/net.cc:1302 -> 6
jwb0256:2197060:2198755 [0] NCCL INFO proxy.cc:698 -> 6
jwb0256:2197060:2198755 [0] NCCL INFO proxy.cc:878 -> 6 [Progress Thread]

jwb0256:2197060:2198755 [0] misc/socket.cc:50 NCCL WARN socketProgress: Connection closed by remote peer jwb0236i.juwels<42268>
jwb0256:2197060:2198755 [0] NCCL INFO misc/socket.cc:752 -> 6
jwb0256:2197060:2198755 [0] NCCL INFO transport/net_socket.cc:474 -> 6
jwb0256:2197060:2198755 [0] NCCL INFO transport/net.cc:1302 -> 6
jwb0256:2197060:2198755 [0] NCCL INFO proxy.cc:698 -> 6
jwb0256:2197060:2198755 [0] NCCL INFO proxy.cc:878 -> 6 [Progress Thread]

jwb0256:2197060:2198755 [0] misc/socket.cc:50 NCCL WARN socketProgress: Connection closed by remote peer jwb0236i.juwels<42268>
jwb0256:2197060:2198755 [0] NCCL INFO misc/socket.cc:752 -> 6
jwb0256:2197060:2198755 [0] NCCL INFO transport/net_socket.cc:474 -> 6
jwb0256:2197060:2198755 [0] NCCL INFO transport/net.cc:1302 -> 6
jwb0256:2197060:2198755 [0] NCCL INFO proxy.cc:698 -> 6
jwb0256:2197060:2198755 [0] NCCL INFO proxy.cc:878 -> 6 [Progress Thread]

jwb0256:2197060:2198755 [0] misc/socket.cc:50 NCCL WARN socketProgress: Connection closed by remote peer jwb0236i.juwels<42268>
jwb0256:2197060:2198755 [0] NCCL INFO misc/socket.cc:752 -> 6
jwb0256:2197060:2198755 [0] NCCL INFO transport/net_socket.cc:474 -> 6
jwb0256:2197060:2198755 [0] NCCL INFO transport/net.cc:1302 -> 6
jwb0256:2197060:2198755 [0] NCCL INFO proxy.cc:698 -> 6
jwb0256:2197060:2198755 [0] NCCL INFO proxy.cc:878 -> 6 [Progress Thread]

jwb0256:2197060:2198755 [0] misc/socket.cc:50 NCCL WARN socketProgress: Connection closed by remote peer jwb0236i.juwels<42268>
jwb0256:2197060:2198755 [0] NCCL INFO misc/socket.cc:752 -> 6
jwb0256:2197060:2198755 [0] NCCL INFO transport/net_socket.cc:474 -> 6
jwb0256:2197060:2198755 [0] NCCL INFO transport/net.cc:1302 -> 6
jwb0256:2197060:2198755 [0] NCCL INFO proxy.cc:698 -> 6
jwb0256:2197060:2198755 [0] NCCL INFO proxy.cc:878 -> 6 [Progress Thread]

jwb0256:2197060:2198755 [0] misc/socket.cc:50 NCCL WARN socketProgress: Connection closed by remote peer jwb0236i.juwels<42268>
jwb0256:2197060:2198755 [0] NCCL INFO misc/socket.cc:752 -> 6
jwb0256:2197060:2198755 [0] NCCL INFO transport/net_socket.cc:474 -> 6
jwb0256:2197060:2198755 [0] NCCL INFO transport/net.cc:1302 -> 6
jwb0256:2197060:2198755 [0] NCCL INFO proxy.cc:698 -> 6
jwb0256:2197060:2198755 [0] NCCL INFO proxy.cc:878 -> 6 [Progress Thread]

jwb0256:2197060:2198755 [0] misc/socket.cc:50 NCCL WARN socketProgress: Connection closed by remote peer jwb0236i.juwels<42268>
jwb0256:2197060:2198755 [0] NCCL INFO misc/socket.cc:752 -> 6
jwb0256:2197060:2198755 [0] NCCL INFO transport/net_socket.cc:474 -> 6
jwb0256:2197060:2198755 [0] NCCL INFO transport/net.cc:1302 -> 6
jwb0256:2197060:2198755 [0] NCCL INFO proxy.cc:698 -> 6
jwb0256:2197060:2198755 [0] NCCL INFO proxy.cc:878 -> 6 [Progress Thread]

jwb0256:2197060:2198755 [0] misc/socket.cc:50 NCCL WARN socketProgress: Connection closed by remote peer jwb0236i.juwels<42268>
jwb0256:2197060:2198755 [0] NCCL INFO misc/socket.cc:752 -> 6
jwb0256:2197060:2198755 [0] NCCL INFO transport/net_socket.cc:474 -> 6
jwb0256:2197060:2198755 [0] NCCL INFO transport/net.cc:1302 -> 6
jwb0256:2197060:2198755 [0] NCCL INFO proxy.cc:698 -> 6
jwb0256:2197060:2198755 [0] NCCL INFO proxy.cc:878 -> 6 [Progress Thread]

jwb0256:2197060:2198755 [0] misc/socket.cc:50 NCCL WARN socketProgress: Connection closed by remote peer jwb0236i.juwels<42268>
jwb0256:2197060:2198755 [0] NCCL INFO misc/socket.cc:752 -> 6
jwb0256:2197060:2198755 [0] NCCL INFO transport/net_socket.cc:474 -> 6
jwb0256:2197060:2198755 [0] NCCL INFO transport/net.cc:1302 -> 6
jwb0256:2197060:2198755 [0] NCCL INFO proxy.cc:698 -> 6
jwb0256:2197060:2198755 [0] NCCL INFO proxy.cc:878 -> 6 [Progress Thread]

jwb0256:2197060:2198755 [0] misc/socket.cc:50 NCCL WARN socketProgress: Connection closed by remote peer jwb0236i.juwels<42268>
jwb0256:2197060:2198755 [0] NCCL INFO misc/socket.cc:752 -> 6
jwb0256:2197060:2198755 [0] NCCL INFO transport/net_socket.cc:474 -> 6
jwb0256:2197060:2198755 [0] NCCL INFO transport/net.cc:1302 -> 6
jwb0256:2197060:2198755 [0] NCCL INFO proxy.cc:698 -> 6
jwb0256:2197060:2198755 [0] NCCL INFO proxy.cc:878 -> 6 [Progress Thread]

jwb0256:2197060:2198755 [0] misc/socket.cc:50 NCCL WARN socketProgress: Connection closed by remote peer jwb0236i.juwels<42268>
jwb0256:2197060:2198755 [0] NCCL INFO misc/socket.cc:752 -> 6
jwb0256:2197060:2198755 [0] NCCL INFO transport/net_socket.cc:474 -> 6
jwb0256:2197060:2198755 [0] NCCL INFO transport/net.cc:1302 -> 6
jwb0256:2197060:2198755 [0] NCCL INFO proxy.cc:698 -> 6
jwb0256:2197060:2198755 [0] NCCL INFO proxy.cc:878 -> 6 [Progress Thread]

jwb0256:2197060:2198755 [0] misc/socket.cc:50 NCCL WARN socketProgress: Connection closed by remote peer jwb0236i.juwels<42268>
jwb0256:2197060:2198755 [0] NCCL INFO misc/socket.cc:752 -> 6
jwb0256:2197060:2198755 [0] NCCL INFO transport/net_socket.cc:474 -> 6
jwb0256:2197060:2198755 [0] NCCL INFO transport/net.cc:1302 -> 6
jwb0256:2197060:2198755 [0] NCCL INFO proxy.cc:698 -> 6
jwb0256:2197060:2198755 [0] NCCL INFO proxy.cc:878 -> 6 [Progress Thread]

jwb0256:2197060:2198755 [0] misc/socket.cc:50 NCCL WARN socketProgress: Connection closed by remote peer jwb0236i.juwels<42268>
jwb0256:2197060:2198755 [0] NCCL INFO misc/socket.cc:752 -> 6
jwb0256:2197060:2198755 [0] NCCL INFO transport/net_socket.cc:474 -> 6
jwb0256:2197060:2198755 [0] NCCL INFO transport/net.cc:1302 -> 6
jwb0256:2197060:2198755 [0] NCCL INFO proxy.cc:698 -> 6
jwb0256:2197060:2198755 [0] NCCL INFO proxy.cc:878 -> 6 [Progress Thread]

jwb0256:2197060:2198755 [0] misc/socket.cc:50 NCCL WARN socketProgress: Connection closed by remote peer jwb0236i.juwels<42268>
jwb0256:2197060:2198755 [0] NCCL INFO misc/socket.cc:752 -> 6
jwb0256:2197060:2198755 [0] NCCL INFO transport/net_socket.cc:474 -> 6
jwb0256:2197060:2198755 [0] NCCL INFO transport/net.cc:1302 -> 6
jwb0256:2197060:2198755 [0] NCCL INFO proxy.cc:698 -> 6
jwb0256:2197060:2198755 [0] NCCL INFO proxy.cc:878 -> 6 [Progress Thread]

jwb0256:2197060:2198755 [0] misc/socket.cc:50 NCCL WARN socketProgress: Connection closed by remote peer jwb0236i.juwels<42268>
jwb0256:2197060:2198755 [0] NCCL INFO misc/socket.cc:752 -> 6
jwb0256:2197060:2198755 [0] NCCL INFO transport/net_socket.cc:474 -> 6
jwb0256:2197060:2198755 [0] NCCL INFO transport/net.cc:1302 -> 6
jwb0256:2197060:2198755 [0] NCCL INFO proxy.cc:698 -> 6
jwb0256:2197060:2198755 [0] NCCL INFO proxy.cc:878 -> 6 [Progress Thread]

jwb0256:2197060:2198755 [0] misc/socket.cc:50 NCCL WARN socketProgress: Connection closed by remote peer jwb0236i.juwels<42268>
jwb0256:2197060:2198755 [0] NCCL INFO misc/socket.cc:752 -> 6
jwb0256:2197060:2198755 [0] NCCL INFO transport/net_socket.cc:474 -> 6
jwb0256:2197060:2198755 [0] NCCL INFO transport/net.cc:1302 -> 6
jwb0256:2197060:2198755 [0] NCCL INFO proxy.cc:698 -> 6
jwb0256:2197060:2198755 [0] NCCL INFO proxy.cc:878 -> 6 [Progress Thread]

jwb0256:2197060:2198755 [0] misc/socket.cc:50 NCCL WARN socketProgress: Connection closed by remote peer jwb0236i.juwels<42268>
jwb0256:2197060:2198755 [0] NCCL INFO misc/socket.cc:752 -> 6
jwb0256:2197060:2198755 [0] NCCL INFO transport/net_socket.cc:474 -> 6
jwb0256:2197060:2198755 [0] NCCL INFO transport/net.cc:1302 -> 6
jwb0256:2197060:2198755 [0] NCCL INFO proxy.cc:698 -> 6
jwb0256:2197060:2198755 [0] NCCL INFO proxy.cc:878 -> 6 [Progress Thread]

jwb0256:2197060:2198755 [0] misc/socket.cc:50 NCCL WARN socketProgress: Connection closed by remote peer jwb0236i.juwels<42268>
jwb0256:2197060:2198755 [0] NCCL INFO misc/socket.cc:752 -> 6
jwb0256:2197060:2198755 [0] NCCL INFO transport/net_socket.cc:474 -> 6
jwb0256:2197060:2198755 [0] NCCL INFO transport/net.cc:1302 -> 6
jwb0256:2197060:2198755 [0] NCCL INFO proxy.cc:698 -> 6
jwb0256:2197060:2198755 [0] NCCL INFO proxy.cc:878 -> 6 [Progress Thread]

jwb0256:2197060:2198755 [0] misc/socket.cc:50 NCCL WARN socketProgress: Connection closed by remote peer jwb0236i.juwels<42268>
jwb0256:2197060:2198755 [0] NCCL INFO misc/socket.cc:752 -> 6
jwb0256:2197060:2198755 [0] NCCL INFO transport/net_socket.cc:474 -> 6
jwb0256:2197060:2198755 [0] NCCL INFO transport/net.cc:1302 -> 6
jwb0256:2197060:2198755 [0] NCCL INFO proxy.cc:698 -> 6
jwb0256:2197060:2198755 [0] NCCL INFO proxy.cc:878 -> 6 [Progress Thread]

jwb0256:2197060:2198755 [0] misc/socket.cc:50 NCCL WARN socketProgress: Connection closed by remote peer jwb0236i.juwels<42268>
jwb0256:2197060:2198755 [0] NCCL INFO misc/socket.cc:752 -> 6
jwb0256:2197060:2198755 [0] NCCL INFO transport/net_socket.cc:474 -> 6
jwb0256:2197060:2198755 [0] NCCL INFO transport/net.cc:1302 -> 6
jwb0256:2197060:2198755 [0] NCCL INFO proxy.cc:698 -> 6
jwb0256:2197060:2198755 [0] NCCL INFO proxy.cc:878 -> 6 [Progress Thread]

jwb0256:2197060:2198755 [0] misc/socket.cc:50 NCCL WARN socketProgress: Connection closed by remote peer jwb0236i.juwels<42268>
jwb0256:2197060:2198755 [0] NCCL INFO misc/socket.cc:752 -> 6
jwb0256:2197060:2198755 [0] NCCL INFO transport/net_socket.cc:474 -> 6
jwb0256:2197060:2198755 [0] NCCL INFO transport/net.cc:1302 -> 6
jwb0256:2197060:2198755 [0] NCCL INFO proxy.cc:698 -> 6
jwb0256:2197060:2198755 [0] NCCL INFO proxy.cc:878 -> 6 [Progress Thread]

jwb0256:2197060:2198755 [0] misc/socket.cc:50 NCCL WARN socketProgress: Connection closed by remote peer jwb0236i.juwels<42268>
jwb0256:2197060:2198755 [0] NCCL INFO misc/socket.cc:752 -> 6
jwb0256:2197060:2198755 [0] NCCL INFO transport/net_socket.cc:474 -> 6
jwb0256:2197060:2198755 [0] NCCL INFO transport/net.cc:1302 -> 6
jwb0256:2197060:2198755 [0] NCCL INFO proxy.cc:698 -> 6
jwb0256:2197060:2198755 [0] NCCL INFO proxy.cc:878 -> 6 [Progress Thread]

jwb0256:2197060:2198755 [0] misc/socket.cc:50 NCCL WARN socketProgress: Connection closed by remote peer jwb0236i.juwels<42268>
jwb0256:2197060:2198755 [0] NCCL INFO misc/socket.cc:752 -> 6
jwb0256:2197060:2198755 [0] NCCL INFO transport/net_socket.cc:474 -> 6
jwb0256:2197060:2198755 [0] NCCL INFO transport/net.cc:1302 -> 6
jwb0256:2197060:2198755 [0] NCCL INFO proxy.cc:698 -> 6
jwb0256:2197060:2198755 [0] NCCL INFO proxy.cc:878 -> 6 [Progress Thread]

jwb0256:2197060:2198755 [0] misc/socket.cc:50 NCCL WARN socketProgress: Connection closed by remote peer jwb0236i.juwels<42268>
jwb0256:2197060:2198755 [0] NCCL INFO misc/socket.cc:752 -> 6
jwb0256:2197060:2198755 [0] NCCL INFO transport/net_socket.cc:474 -> 6
jwb0256:2197060:2198755 [0] NCCL INFO transport/net.cc:1302 -> 6
jwb0256:2197060:2198755 [0] NCCL INFO proxy.cc:698 -> 6
jwb0256:2197060:2198755 [0] NCCL INFO proxy.cc:878 -> 6 [Progress Thread]

jwb0256:2197060:2198755 [0] misc/socket.cc:50 NCCL WARN socketProgress: Connection closed by remote peer jwb0236i.juwels<42268>
jwb0256:2197060:2198755 [0] NCCL INFO misc/socket.cc:752 -> 6
jwb0256:2197060:2198755 [0] NCCL INFO transport/net_socket.cc:474 -> 6
jwb0256:2197060:2198755 [0] NCCL INFO transport/net.cc:1302 -> 6
jwb0256:2197060:2198755 [0] NCCL INFO proxy.cc:698 -> 6
jwb0256:2197060:2198755 [0] NCCL INFO proxy.cc:878 -> 6 [Progress Thread]

jwb0256:2197060:2198755 [0] misc/socket.cc:50 NCCL WARN socketProgress: Connection closed by remote peer jwb0236i.juwels<42268>
jwb0256:2197060:2198755 [0] NCCL INFO misc/socket.cc:752 -> 6
jwb0256:2197060:2198755 [0] NCCL INFO transport/net_socket.cc:474 -> 6
jwb0256:2197060:2198755 [0] NCCL INFO transport/net.cc:1302 -> 6
jwb0256:2197060:2198755 [0] NCCL INFO proxy.cc:698 -> 6
jwb0256:2197060:2198755 [0] NCCL INFO proxy.cc:878 -> 6 [Progress Thread]

jwb0256:2197060:2198755 [0] misc/socket.cc:50 NCCL WARN socketProgress: Connection closed by remote peer jwb0236i.juwels<42268>
jwb0256:2197060:2198755 [0] NCCL INFO misc/socket.cc:752 -> 6
jwb0256:2197060:2198755 [0] NCCL INFO transport/net_socket.cc:474 -> 6
jwb0256:2197060:2198755 [0] NCCL INFO transport/net.cc:1302 -> 6
jwb0256:2197060:2198755 [0] NCCL INFO proxy.cc:698 -> 6
jwb0256:2197060:2198755 [0] NCCL INFO proxy.cc:878 -> 6 [Progress Thread]

jwb0256:2197060:2198755 [0] misc/socket.cc:50 NCCL WARN socketProgress: Connection closed by remote peer jwb0236i.juwels<42268>
jwb0256:2197060:2198755 [0] NCCL INFO misc/socket.cc:752 -> 6
jwb0256:2197060:2198755 [0] NCCL INFO transport/net_socket.cc:474 -> 6
jwb0256:2197060:2198755 [0] NCCL INFO transport/net.cc:1302 -> 6
jwb0256:2197060:2198755 [0] NCCL INFO proxy.cc:698 -> 6
jwb0256:2197060:2198755 [0] NCCL INFO proxy.cc:878 -> 6 [Progress Thread]

jwb0256:2197060:2198755 [0] misc/socket.cc:50 NCCL WARN socketProgress: Connection closed by remote peer jwb0236i.juwels<42268>
jwb0256:2197060:2198755 [0] NCCL INFO misc/socket.cc:752 -> 6
jwb0256:2197060:2198755 [0] NCCL INFO transport/net_socket.cc:474 -> 6
jwb0256:2197060:2198755 [0] NCCL INFO transport/net.cc:1302 -> 6
jwb0256:2197060:2198755 [0] NCCL INFO proxy.cc:698 -> 6
jwb0256:2197060:2198755 [0] NCCL INFO proxy.cc:878 -> 6 [Progress Thread]

jwb0256:2197060:2198755 [0] misc/socket.cc:50 NCCL WARN socketProgress: Connection closed by remote peer jwb0236i.juwels<42268>
jwb0256:2197060:2198755 [0] NCCL INFO misc/socket.cc:752 -> 6
jwb0256:2197060:2198755 [0] NCCL INFO transport/net_socket.cc:474 -> 6
jwb0256:2197060:2198755 [0] NCCL INFO transport/net.cc:1302 -> 6
jwb0256:2197060:2198755 [0] NCCL INFO proxy.cc:698 -> 6
jwb0256:2197060:2198755 [0] NCCL INFO proxy.cc:878 -> 6 [Progress Thread]

jwb0256:2197060:2198755 [0] misc/socket.cc:50 NCCL WARN socketProgress: Connection closed by remote peer jwb0236i.juwels<42268>
jwb0256:2197060:2198755 [0] NCCL INFO misc/socket.cc:752 -> 6
jwb0256:2197060:2198755 [0] NCCL INFO transport/net_socket.cc:474 -> 6
jwb0256:2197060:2198755 [0] NCCL INFO transport/net.cc:1302 -> 6
jwb0256:2197060:2198755 [0] NCCL INFO proxy.cc:698 -> 6
jwb0256:2197060:2198755 [0] NCCL INFO proxy.cc:878 -> 6 [Progress Thread]

jwb0256:2197060:2198755 [0] misc/socket.cc:50 NCCL WARN socketProgress: Connection closed by remote peer jwb0236i.juwels<42268>
jwb0256:2197060:2198755 [0] NCCL INFO misc/socket.cc:752 -> 6
jwb0256:2197060:2198755 [0] NCCL INFO transport/net_socket.cc:474 -> 6
jwb0256:2197060:2198755 [0] NCCL INFO transport/net.cc:1302 -> 6
jwb0256:2197060:2198755 [0] NCCL INFO proxy.cc:698 -> 6
jwb0256:2197060:2198755 [0] NCCL INFO proxy.cc:878 -> 6 [Progress Thread]

jwb0256:2197060:2198755 [0] misc/socket.cc:50 NCCL WARN socketProgress: Connection closed by remote peer jwb0236i.juwels<42268>
jwb0256:2197060:2198755 [0] NCCL INFO misc/socket.cc:752 -> 6
jwb0256:2197060:2198755 [0] NCCL INFO transport/net_socket.cc:474 -> 6
jwb0256:2197060:2198755 [0] NCCL INFO transport/net.cc:1302 -> 6
jwb0256:2197060:2198755 [0] NCCL INFO proxy.cc:698 -> 6
jwb0256:2197060:2198755 [0] NCCL INFO proxy.cc:878 -> 6 [Progress Thread]

jwb0256:2197060:2198755 [0] misc/socket.cc:50 NCCL WARN socketProgress: Connection closed by remote peer jwb0236i.juwels<42268>
jwb0256:2197060:2198755 [0] NCCL INFO misc/socket.cc:752 -> 6
jwb0256:2197060:2198755 [0] NCCL INFO transport/net_socket.cc:474 -> 6
jwb0256:2197060:2198755 [0] NCCL INFO transport/net.cc:1302 -> 6
jwb0256:2197060:2198755 [0] NCCL INFO proxy.cc:698 -> 6
jwb0256:2197060:2198755 [0] NCCL INFO proxy.cc:878 -> 6 [Progress Thread]

jwb0256:2197060:2198755 [0] misc/socket.cc:50 NCCL WARN socketProgress: Connection closed by remote peer jwb0236i.juwels<42268>
jwb0256:2197060:2198755 [0] NCCL INFO misc/socket.cc:752 -> 6
jwb0256:2197060:2198755 [0] NCCL INFO transport/net_socket.cc:474 -> 6
jwb0256:2197060:2198755 [0] NCCL INFO transport/net.cc:1302 -> 6
jwb0256:2197060:2198755 [0] NCCL INFO proxy.cc:698 -> 6
jwb0256:2197060:2198755 [0] NCCL INFO proxy.cc:878 -> 6 [Progress Thread]

jwb0256:2197060:2198755 [0] misc/socket.cc:50 NCCL WARN socketProgress: Connection closed by remote peer jwb0236i.juwels<42268>
jwb0256:2197060:2198755 [0] NCCL INFO misc/socket.cc:752 -> 6
jwb0256:2197060:2198755 [0] NCCL INFO transport/net_socket.cc:474 -> 6
jwb0256:2197060:2198755 [0] NCCL INFO transport/net.cc:1302 -> 6
jwb0256:2197060:2198755 [0] NCCL INFO proxy.cc:698 -> 6
jwb0256:2197060:2198755 [0] NCCL INFO proxy.cc:878 -> 6 [Progress Thread]

jwb0256:2197060:2198755 [0] misc/socket.cc:50 NCCL WARN socketProgress: Connection closed by remote peer jwb0236i.juwels<42268>
jwb0256:2197060:2198755 [0] NCCL INFO misc/socket.cc:752 -> 6
jwb0256:2197060:2198755 [0] NCCL INFO transport/net_socket.cc:474 -> 6
jwb0256:2197060:2198755 [0] NCCL INFO transport/net.cc:1302 -> 6
jwb0256:2197060:2198755 [0] NCCL INFO proxy.cc:698 -> 6
jwb0256:2197060:2198755 [0] NCCL INFO proxy.cc:878 -> 6 [Progress Thread]

jwb0256:2197060:2198755 [0] misc/socket.cc:50 NCCL WARN socketProgress: Connection closed by remote peer jwb0236i.juwels<42268>
jwb0256:2197060:2198755 [0] NCCL INFO misc/socket.cc:752 -> 6
jwb0256:2197060:2198755 [0] NCCL INFO transport/net_socket.cc:474 -> 6
jwb0256:2197060:2198755 [0] NCCL INFO transport/net.cc:1302 -> 6
jwb0256:2197060:2198755 [0] NCCL INFO proxy.cc:698 -> 6
jwb0256:2197060:2198755 [0] NCCL INFO proxy.cc:878 -> 6 [Progress Thread]

jwb0256:2197060:2198755 [0] misc/socket.cc:50 NCCL WARN socketProgress: Connection closed by remote peer jwb0236i.juwels<42268>
jwb0256:2197060:2198755 [0] NCCL INFO misc/socket.cc:752 -> 6
jwb0256:2197060:2198755 [0] NCCL INFO transport/net_socket.cc:474 -> 6
jwb0256:2197060:2198755 [0] NCCL INFO transport/net.cc:1302 -> 6
jwb0256:2197060:2198755 [0] NCCL INFO proxy.cc:698 -> 6
jwb0256:2197060:2198755 [0] NCCL INFO proxy.cc:878 -> 6 [Progress Thread]
[rank4]:[E1127 02:10:07.870987067 ProcessGroupNCCL.cpp:552] [Rank 4] Collective WorkNCCL(SeqNum=3067, OpType=_REDUCE_SCATTER_BASE, NumelIn=2048, NumelOut=256, Timeout(ms)=600000) raised the following async exception: NCCL error: remote process exited or there was a network error, NCCL version 2.21.5
ncclRemoteError: A call failed possibly due to a network error or a remote process exiting prematurely.
Last error:
socketProgress: Connection closed by remote peer jwb0236i.juwels<42268>
Exception raised from checkForNCCLErrorsInternal at /pytorch/torch/csrc/distributed/c10d/ProcessGroupNCCL.cpp:2363 (most recent call first):
frame #0: c10::Error::Error(c10::SourceLocation, std::string) + 0x96 (0x14b030d6c1b6 in /opt/conda/lib/python3.11/site-packages/torch/lib/libc10.so)
frame #1: c10d::ProcessGroupNCCL::checkForNCCLErrorsInternal(std::shared_ptr<c10d::NCCLComm>&) + 0x220 (0x14afdf4131c0 in /opt/conda/lib/python3.11/site-packages/torch/lib/libtorch_cuda.so)
frame #2: c10d::ProcessGroupNCCL::WorkNCCL::checkAndSetException() + 0x7b (0x14afdf41b64b in /opt/conda/lib/python3.11/site-packages/torch/lib/libtorch_cuda.so)
frame #3: c10d::ProcessGroupNCCL::watchdogHandler() + 0x650 (0x14afdf41d590 in /opt/conda/lib/python3.11/site-packages/torch/lib/libtorch_cuda.so)
frame #4: c10d::ProcessGroupNCCL::ncclCommWatchdog() + 0x14d (0x14afdf41e6ed in /opt/conda/lib/python3.11/site-packages/torch/lib/libtorch_cuda.so)
frame #5: <unknown function> + 0x145c0 (0x14b03156d5c0 in /opt/conda/lib/python3.11/site-packages/torch/lib/libtorch.so)
frame #6: <unknown function> + 0x94ac3 (0x14b031e46ac3 in /lib/x86_64-linux-gnu/libc.so.6)
frame #7: <unknown function> + 0x126850 (0x14b031ed8850 in /lib/x86_64-linux-gnu/libc.so.6)

[rank4]:[E1127 02:10:07.876242442 ProcessGroupNCCL.cpp:2168] [PG ID 1 PG GUID 1 Rank 4]  failure detected by watchdog at work sequence id: 3067 PG status: last enqueued work: 3067, last completed work: 3066
[rank4]:[E1127 02:10:07.876251652 ProcessGroupNCCL.cpp:667] Stack trace of the failed collective not found, potentially because FlightRecorder is disabled. You can enable it by setting TORCH_NCCL_TRACE_BUFFER_SIZE to a non-zero value.

jwb0256:2197060:2198755 [0] misc/socket.cc:50 NCCL WARN socketProgress: Connection closed by remote peer jwb0236i.juwels<42268>
jwb0256:2197060:2198755 [0] NCCL INFO misc/socket.cc:752 -> 6
jwb0256:2197060:2198755 [0] NCCL INFO transport/net_socket.cc:474 -> 6
jwb0256:2197060:2198755 [0] NCCL INFO transport/net.cc:1302 -> 6
jwb0256:2197060:2198755 [0] NCCL INFO proxy.cc:698 -> 6
jwb0256:2197060:2198755 [0] NCCL INFO proxy.cc:878 -> 6 [Progress Thread]
W1127 02:10:08.331000 2197058 site-packages/torch/distributed/elastic/agent/server/api.py:719] Received 15 death signal, shutting down workers
W1127 02:10:08.332000 2197058 site-packages/torch/distributed/elastic/multiprocessing/api.py:897] Sending process 2197060 closing signal SIGTERM
W1127 02:10:08.333000 2197058 site-packages/torch/distributed/elastic/multiprocessing/api.py:897] Sending process 2197061 closing signal SIGTERM
W1127 02:10:08.335000 2197058 site-packages/torch/distributed/elastic/multiprocessing/api.py:897] Sending process 2197062 closing signal SIGTERM
W1127 02:10:08.337000 2197058 site-packages/torch/distributed/elastic/multiprocessing/api.py:897] Sending process 2197063 closing signal SIGTERM
Traceback (most recent call last):
  File "/opt/conda/bin/torchrun", line 8, in <module>
  File "/opt/conda/lib/python3.11/site-packages/torch/distributed/elastic/multiprocessing/errors/__init__.py", line 355, in wrapper
  File "/opt/conda/lib/python3.11/site-packages/torch/distributed/run.py", line 918, in main
  File "/opt/conda/lib/python3.11/site-packages/torch/distributed/run.py", line 909, in run
  File "/opt/conda/lib/python3.11/site-packages/torch/distributed/launcher/api.py", line 138, in __call__
  File "/opt/conda/lib/python3.11/site-packages/torch/distributed/launcher/api.py", line 260, in launch_agent
  File "/opt/conda/lib/python3.11/site-packages/torch/distributed/elastic/metrics/api.py", line 137, in wrapper
  File "/opt/conda/lib/python3.11/site-packages/torch/distributed/elastic/agent/server/api.py", line 711, in run
  File "/opt/conda/lib/python3.11/site-packages/torch/distributed/elastic/agent/server/api.py", line 870, in _invoke_run
  File "/opt/conda/lib/python3.11/site-packages/torch/distributed/elastic/multiprocessing/api.py", line 84, in _terminate_process_handler
torch.distributed.elastic.multiprocessing.api.SignalException: Process 2197058 got signal: 15
srun: error: jwb0256: task 1: Terminated
srun: Terminating StepId=12912275.0
srun: error: jwb0236: task 0: Exited with exit code 1
srun: Force Terminated StepId=12912275.0
