==========================================
Job started at: Wed Nov 26 07:27:07 PM CET 2025
Job ID: 12911305
Node: jwb0006.juwels
==========================================
MASTER_ADDR:MASTER_PORT set to: 10.11.241.16:30805
Starting training...
==========================================
INFO:    Environment variable SINGULARITYENV_HF_HUB_OFFLINE is set, but APPTAINERENV_HF_HUB_OFFLINE is preferred
INFO:    Environment variable SINGULARITYENV_HF_DATASETS_OFFLINE is set, but APPTAINERENV_HF_DATASETS_OFFLINE is preferred
INFO:    Environment variable SINGULARITYENV_GPUS_PER_NODE is set, but APPTAINERENV_GPUS_PER_NODE is preferred
INFO:    Environment variable SINGULARITYENV_MASTER_ADDR is set, but APPTAINERENV_MASTER_ADDR is preferred
INFO:    Environment variable SINGULARITYENV_HF_HOME is set, but APPTAINERENV_HF_HOME is preferred
INFO:    Environment variable SINGULARITYENV_OMP_NUM_THREADS is set, but APPTAINERENV_OMP_NUM_THREADS is preferred
INFO:    Environment variable SINGULARITYENV_MASTER_PORT is set, but APPTAINERENV_MASTER_PORT is preferred
INFO:    Environment variable SINGULARITYENV_HUGGINGFACE_HUB_CACHE is set, but APPTAINERENV_HUGGINGFACE_HUB_CACHE is preferred
INFO:    Environment variable SINGULARITYENV_TRANSFORMERS_OFFLINE is set, but APPTAINERENV_TRANSFORMERS_OFFLINE is preferred
INFO:    Environment variable SINGULARITYENV_TRITON_LIBCUDA_PATH is set, but APPTAINERENV_TRITON_LIBCUDA_PATH is preferred
INFO:    Environment variable SINGULARITYENV_CUDA_DEVICE_MAX_CONNECTIONS is set, but APPTAINERENV_CUDA_DEVICE_MAX_CONNECTIONS is preferred
INFO:    Environment variable SINGULARITYENV_NCCL_IB_TIMEOUT is set, but APPTAINERENV_NCCL_IB_TIMEOUT is preferred
INFO:    Environment variable SINGULARITYENV_NCCL_DEBUG is set, but APPTAINERENV_NCCL_DEBUG is preferred
INFO:    Environment variable SINGULARITYENV_HF_HUB_CACHE is set, but APPTAINERENV_HF_HUB_CACHE is preferred
INFO:    Environment variable SINGULARITYENV_HF_HUB_OFFLINE is set, but APPTAINERENV_HF_HUB_OFFLINE is preferred
INFO:    Environment variable SINGULARITYENV_HF_DATASETS_OFFLINE is set, but APPTAINERENV_HF_DATASETS_OFFLINE is preferred
INFO:    Environment variable SINGULARITYENV_GPUS_PER_NODE is set, but APPTAINERENV_GPUS_PER_NODE is preferred
INFO:    Environment variable SINGULARITYENV_MASTER_ADDR is set, but APPTAINERENV_MASTER_ADDR is preferred
INFO:    Environment variable SINGULARITYENV_HF_HOME is set, but APPTAINERENV_HF_HOME is preferred
INFO:    Environment variable SINGULARITYENV_OMP_NUM_THREADS is set, but APPTAINERENV_OMP_NUM_THREADS is preferred
INFO:    Environment variable SINGULARITYENV_MASTER_PORT is set, but APPTAINERENV_MASTER_PORT is preferred
INFO:    Environment variable SINGULARITYENV_HUGGINGFACE_HUB_CACHE is set, but APPTAINERENV_HUGGINGFACE_HUB_CACHE is preferred
INFO:    Environment variable SINGULARITYENV_TRANSFORMERS_OFFLINE is set, but APPTAINERENV_TRANSFORMERS_OFFLINE is preferred
INFO:    Environment variable SINGULARITYENV_TRITON_LIBCUDA_PATH is set, but APPTAINERENV_TRITON_LIBCUDA_PATH is preferred
INFO:    Environment variable SINGULARITYENV_CUDA_DEVICE_MAX_CONNECTIONS is set, but APPTAINERENV_CUDA_DEVICE_MAX_CONNECTIONS is preferred
INFO:    Environment variable SINGULARITYENV_NCCL_IB_TIMEOUT is set, but APPTAINERENV_NCCL_IB_TIMEOUT is preferred
INFO:    Environment variable SINGULARITYENV_NCCL_DEBUG is set, but APPTAINERENV_NCCL_DEBUG is preferred
INFO:    Environment variable SINGULARITYENV_HF_HUB_CACHE is set, but APPTAINERENV_HF_HUB_CACHE is preferred
INFO:    Environment variable SINGULARITYENV_HF_HUB_OFFLINE is set, but APPTAINERENV_HF_HUB_OFFLINE is preferred
INFO:    Environment variable SINGULARITYENV_HF_DATASETS_OFFLINE is set, but APPTAINERENV_HF_DATASETS_OFFLINE is preferred
INFO:    Environment variable SINGULARITYENV_GPUS_PER_NODE is set, but APPTAINERENV_GPUS_PER_NODE is preferred
INFO:    Environment variable SINGULARITYENV_MASTER_ADDR is set, but APPTAINERENV_MASTER_ADDR is preferred
INFO:    Environment variable SINGULARITYENV_HF_HOME is set, but APPTAINERENV_HF_HOME is preferred
INFO:    Environment variable SINGULARITYENV_OMP_NUM_THREADS is set, but APPTAINERENV_OMP_NUM_THREADS is preferred
INFO:    Environment variable SINGULARITYENV_MASTER_PORT is set, but APPTAINERENV_MASTER_PORT is preferred
INFO:    Environment variable SINGULARITYENV_HUGGINGFACE_HUB_CACHE is set, but APPTAINERENV_HUGGINGFACE_HUB_CACHE is preferred
INFO:    Environment variable SINGULARITYENV_TRANSFORMERS_OFFLINE is set, but APPTAINERENV_TRANSFORMERS_OFFLINE is preferred
INFO:    Environment variable SINGULARITYENV_TRITON_LIBCUDA_PATH is set, but APPTAINERENV_TRITON_LIBCUDA_PATH is preferred
INFO:    Environment variable SINGULARITYENV_CUDA_DEVICE_MAX_CONNECTIONS is set, but APPTAINERENV_CUDA_DEVICE_MAX_CONNECTIONS is preferred
INFO:    Environment variable SINGULARITYENV_NCCL_IB_TIMEOUT is set, but APPTAINERENV_NCCL_IB_TIMEOUT is preferred
INFO:    Environment variable SINGULARITYENV_NCCL_DEBUG is set, but APPTAINERENV_NCCL_DEBUG is preferred
INFO:    Environment variable SINGULARITYENV_HF_HUB_CACHE is set, but APPTAINERENV_HF_HUB_CACHE is preferred
INFO:    Environment variable SINGULARITYENV_HF_HUB_OFFLINE is set, but APPTAINERENV_HF_HUB_OFFLINE is preferred
INFO:    Environment variable SINGULARITYENV_HF_DATASETS_OFFLINE is set, but APPTAINERENV_HF_DATASETS_OFFLINE is preferred
INFO:    Environment variable SINGULARITYENV_GPUS_PER_NODE is set, but APPTAINERENV_GPUS_PER_NODE is preferred
INFO:    Environment variable SINGULARITYENV_MASTER_ADDR is set, but APPTAINERENV_MASTER_ADDR is preferred
INFO:    Environment variable SINGULARITYENV_HF_HOME is set, but APPTAINERENV_HF_HOME is preferred
INFO:    Environment variable SINGULARITYENV_OMP_NUM_THREADS is set, but APPTAINERENV_OMP_NUM_THREADS is preferred
INFO:    Environment variable SINGULARITYENV_MASTER_PORT is set, but APPTAINERENV_MASTER_PORT is preferred
INFO:    Environment variable SINGULARITYENV_HUGGINGFACE_HUB_CACHE is set, but APPTAINERENV_HUGGINGFACE_HUB_CACHE is preferred
INFO:    Environment variable SINGULARITYENV_TRANSFORMERS_OFFLINE is set, but APPTAINERENV_TRANSFORMERS_OFFLINE is preferred
INFO:    Environment variable SINGULARITYENV_TRITON_LIBCUDA_PATH is set, but APPTAINERENV_TRITON_LIBCUDA_PATH is preferred
INFO:    Environment variable SINGULARITYENV_CUDA_DEVICE_MAX_CONNECTIONS is set, but APPTAINERENV_CUDA_DEVICE_MAX_CONNECTIONS is preferred
INFO:    Environment variable SINGULARITYENV_NCCL_IB_TIMEOUT is set, but APPTAINERENV_NCCL_IB_TIMEOUT is preferred
INFO:    Environment variable SINGULARITYENV_NCCL_DEBUG is set, but APPTAINERENV_NCCL_DEBUG is preferred
INFO:    Environment variable SINGULARITYENV_HF_HUB_CACHE is set, but APPTAINERENV_HF_HUB_CACHE is preferred
INFO:    Environment variable SINGULARITYENV_HF_HUB_OFFLINE is set, but APPTAINERENV_HF_HUB_OFFLINE is preferred
INFO:    Environment variable SINGULARITYENV_HF_DATASETS_OFFLINE is set, but APPTAINERENV_HF_DATASETS_OFFLINE is preferred
INFO:    Environment variable SINGULARITYENV_GPUS_PER_NODE is set, but APPTAINERENV_GPUS_PER_NODE is preferred
INFO:    Environment variable SINGULARITYENV_MASTER_ADDR is set, but APPTAINERENV_MASTER_ADDR is preferred
INFO:    Environment variable SINGULARITYENV_HF_HOME is set, but APPTAINERENV_HF_HOME is preferred
INFO:    Environment variable SINGULARITYENV_OMP_NUM_THREADS is set, but APPTAINERENV_OMP_NUM_THREADS is preferred
INFO:    Environment variable SINGULARITYENV_MASTER_PORT is set, but APPTAINERENV_MASTER_PORT is preferred
INFO:    Environment variable SINGULARITYENV_HUGGINGFACE_HUB_CACHE is set, but APPTAINERENV_HUGGINGFACE_HUB_CACHE is preferred
INFO:    Environment variable SINGULARITYENV_TRANSFORMERS_OFFLINE is set, but APPTAINERENV_TRANSFORMERS_OFFLINE is preferred
INFO:    Environment variable SINGULARITYENV_TRITON_LIBCUDA_PATH is set, but APPTAINERENV_TRITON_LIBCUDA_PATH is preferred
INFO:    Environment variable SINGULARITYENV_CUDA_DEVICE_MAX_CONNECTIONS is set, but APPTAINERENV_CUDA_DEVICE_MAX_CONNECTIONS is preferred
INFO:    Environment variable SINGULARITYENV_NCCL_IB_TIMEOUT is set, but APPTAINERENV_NCCL_IB_TIMEOUT is preferred
INFO:    Environment variable SINGULARITYENV_NCCL_DEBUG is set, but APPTAINERENV_NCCL_DEBUG is preferred
INFO:    Environment variable SINGULARITYENV_HF_HUB_CACHE is set, but APPTAINERENV_HF_HUB_CACHE is preferred
INFO:    Environment variable SINGULARITYENV_HF_HUB_OFFLINE is set, but APPTAINERENV_HF_HUB_OFFLINE is preferred
INFO:    Environment variable SINGULARITYENV_HF_DATASETS_OFFLINE is set, but APPTAINERENV_HF_DATASETS_OFFLINE is preferred
INFO:    Environment variable SINGULARITYENV_GPUS_PER_NODE is set, but APPTAINERENV_GPUS_PER_NODE is preferred
INFO:    Environment variable SINGULARITYENV_MASTER_ADDR is set, but APPTAINERENV_MASTER_ADDR is preferred
INFO:    Environment variable SINGULARITYENV_HF_HOME is set, but APPTAINERENV_HF_HOME is preferred
INFO:    Environment variable SINGULARITYENV_OMP_NUM_THREADS is set, but APPTAINERENV_OMP_NUM_THREADS is preferred
INFO:    Environment variable SINGULARITYENV_MASTER_PORT is set, but APPTAINERENV_MASTER_PORT is preferred
INFO:    Environment variable SINGULARITYENV_HUGGINGFACE_HUB_CACHE is set, but APPTAINERENV_HUGGINGFACE_HUB_CACHE is preferred
INFO:    Environment variable SINGULARITYENV_TRANSFORMERS_OFFLINE is set, but APPTAINERENV_TRANSFORMERS_OFFLINE is preferred
INFO:    Environment variable SINGULARITYENV_TRITON_LIBCUDA_PATH is set, but APPTAINERENV_TRITON_LIBCUDA_PATH is preferred
INFO:    Environment variable SINGULARITYENV_CUDA_DEVICE_MAX_CONNECTIONS is set, but APPTAINERENV_CUDA_DEVICE_MAX_CONNECTIONS is preferred
INFO:    Environment variable SINGULARITYENV_NCCL_IB_TIMEOUT is set, but APPTAINERENV_NCCL_IB_TIMEOUT is preferred
INFO:    Environment variable SINGULARITYENV_NCCL_DEBUG is set, but APPTAINERENV_NCCL_DEBUG is preferred
INFO:    Environment variable SINGULARITYENV_HF_HUB_CACHE is set, but APPTAINERENV_HF_HUB_CACHE is preferred
INFO:    Environment variable SINGULARITYENV_HF_HUB_OFFLINE is set, but APPTAINERENV_HF_HUB_OFFLINE is preferred
INFO:    Environment variable SINGULARITYENV_HF_DATASETS_OFFLINE is set, but APPTAINERENV_HF_DATASETS_OFFLINE is preferred
INFO:    Environment variable SINGULARITYENV_GPUS_PER_NODE is set, but APPTAINERENV_GPUS_PER_NODE is preferred
INFO:    Environment variable SINGULARITYENV_MASTER_ADDR is set, but APPTAINERENV_MASTER_ADDR is preferred
INFO:    Environment variable SINGULARITYENV_HF_HOME is set, but APPTAINERENV_HF_HOME is preferred
INFO:    Environment variable SINGULARITYENV_OMP_NUM_THREADS is set, but APPTAINERENV_OMP_NUM_THREADS is preferred
INFO:    Environment variable SINGULARITYENV_MASTER_PORT is set, but APPTAINERENV_MASTER_PORT is preferred
INFO:    Environment variable SINGULARITYENV_HUGGINGFACE_HUB_CACHE is set, but APPTAINERENV_HUGGINGFACE_HUB_CACHE is preferred
INFO:    Environment variable SINGULARITYENV_TRANSFORMERS_OFFLINE is set, but APPTAINERENV_TRANSFORMERS_OFFLINE is preferred
INFO:    Environment variable SINGULARITYENV_TRITON_LIBCUDA_PATH is set, but APPTAINERENV_TRITON_LIBCUDA_PATH is preferred
INFO:    Environment variable SINGULARITYENV_CUDA_DEVICE_MAX_CONNECTIONS is set, but APPTAINERENV_CUDA_DEVICE_MAX_CONNECTIONS is preferred
INFO:    Environment variable SINGULARITYENV_NCCL_IB_TIMEOUT is set, but APPTAINERENV_NCCL_IB_TIMEOUT is preferred
INFO:    Environment variable SINGULARITYENV_NCCL_DEBUG is set, but APPTAINERENV_NCCL_DEBUG is preferred
INFO:    Environment variable SINGULARITYENV_HF_HUB_CACHE is set, but APPTAINERENV_HF_HUB_CACHE is preferred
INFO:    Environment variable SINGULARITYENV_HF_HUB_OFFLINE is set, but APPTAINERENV_HF_HUB_OFFLINE is preferred
INFO:    Environment variable SINGULARITYENV_HF_DATASETS_OFFLINE is set, but APPTAINERENV_HF_DATASETS_OFFLINE is preferred
INFO:    Environment variable SINGULARITYENV_GPUS_PER_NODE is set, but APPTAINERENV_GPUS_PER_NODE is preferred
INFO:    Environment variable SINGULARITYENV_MASTER_ADDR is set, but APPTAINERENV_MASTER_ADDR is preferred
INFO:    Environment variable SINGULARITYENV_HF_HOME is set, but APPTAINERENV_HF_HOME is preferred
INFO:    Environment variable SINGULARITYENV_OMP_NUM_THREADS is set, but APPTAINERENV_OMP_NUM_THREADS is preferred
INFO:    Environment variable SINGULARITYENV_MASTER_PORT is set, but APPTAINERENV_MASTER_PORT is preferred
INFO:    Environment variable SINGULARITYENV_HUGGINGFACE_HUB_CACHE is set, but APPTAINERENV_HUGGINGFACE_HUB_CACHE is preferred
INFO:    Environment variable SINGULARITYENV_TRANSFORMERS_OFFLINE is set, but APPTAINERENV_TRANSFORMERS_OFFLINE is preferred
INFO:    Environment variable SINGULARITYENV_TRITON_LIBCUDA_PATH is set, but APPTAINERENV_TRITON_LIBCUDA_PATH is preferred
INFO:    Environment variable SINGULARITYENV_CUDA_DEVICE_MAX_CONNECTIONS is set, but APPTAINERENV_CUDA_DEVICE_MAX_CONNECTIONS is preferred
INFO:    Environment variable SINGULARITYENV_NCCL_IB_TIMEOUT is set, but APPTAINERENV_NCCL_IB_TIMEOUT is preferred
INFO:    Environment variable SINGULARITYENV_NCCL_DEBUG is set, but APPTAINERENV_NCCL_DEBUG is preferred
INFO:    Environment variable SINGULARITYENV_HF_HUB_CACHE is set, but APPTAINERENV_HF_HUB_CACHE is preferred
nvm is not compatible with the "NPM_CONFIG_PREFIX" environment variable: currently set to "/p/project1/laionize/harsh/.npm-global"
Run `unset NPM_CONFIG_PREFIX` to unset it.
nvm is not compatible with the "NPM_CONFIG_PREFIX" environment variable: currently set to "/p/project1/laionize/harsh/.npm-global"
Run `unset NPM_CONFIG_PREFIX` to unset it.
nvm is not compatible with the "NPM_CONFIG_PREFIX" environment variable: currently set to "/p/project1/laionize/harsh/.npm-global"
Run `unset NPM_CONFIG_PREFIX` to unset it.
nvm is not compatible with the "NPM_CONFIG_PREFIX" environment variable: currently set to "/p/project1/laionize/harsh/.npm-global"
Run `unset NPM_CONFIG_PREFIX` to unset it.
nvm is not compatible with the "NPM_CONFIG_PREFIX" environment variable: currently set to "/p/project1/laionize/harsh/.npm-global"
Run `unset NPM_CONFIG_PREFIX` to unset it.
nvm is not compatible with the "NPM_CONFIG_PREFIX" environment variable: currently set to "/p/project1/laionize/harsh/.npm-global"
Run `unset NPM_CONFIG_PREFIX` to unset it.
nvm is not compatible with the "NPM_CONFIG_PREFIX" environment variable: currently set to "/p/project1/laionize/harsh/.npm-global"
Run `unset NPM_CONFIG_PREFIX` to unset it.
nvm is not compatible with the "NPM_CONFIG_PREFIX" environment variable: currently set to "/p/project1/laionize/harsh/.npm-global"
Run `unset NPM_CONFIG_PREFIX` to unset it.
/opt/conda/lib/python3.11/site-packages/transformers/utils/hub.py:110: FutureWarning: Using `TRANSFORMERS_CACHE` is deprecated and will be removed in v5 of Transformers. Use `HF_HOME` instead.
  warnings.warn(
/opt/conda/lib/python3.11/site-packages/transformers/utils/hub.py:110: FutureWarning: Using `TRANSFORMERS_CACHE` is deprecated and will be removed in v5 of Transformers. Use `HF_HOME` instead.
  warnings.warn(
/opt/conda/lib/python3.11/site-packages/transformers/utils/hub.py:110: FutureWarning: Using `TRANSFORMERS_CACHE` is deprecated and will be removed in v5 of Transformers. Use `HF_HOME` instead.
  warnings.warn(
/opt/conda/lib/python3.11/site-packages/transformers/utils/hub.py:110: FutureWarning: Using `TRANSFORMERS_CACHE` is deprecated and will be removed in v5 of Transformers. Use `HF_HOME` instead.
  warnings.warn(
/opt/conda/lib/python3.11/site-packages/transformers/utils/hub.py:110: FutureWarning: Using `TRANSFORMERS_CACHE` is deprecated and will be removed in v5 of Transformers. Use `HF_HOME` instead.
  warnings.warn(
/opt/conda/lib/python3.11/site-packages/transformers/utils/hub.py:110: FutureWarning: Using `TRANSFORMERS_CACHE` is deprecated and will be removed in v5 of Transformers. Use `HF_HOME` instead.
  warnings.warn(
/opt/conda/lib/python3.11/site-packages/transformers/utils/hub.py:110: FutureWarning: Using `TRANSFORMERS_CACHE` is deprecated and will be removed in v5 of Transformers. Use `HF_HOME` instead.
  warnings.warn(
/opt/conda/lib/python3.11/site-packages/transformers/utils/hub.py:110: FutureWarning: Using `TRANSFORMERS_CACHE` is deprecated and will be removed in v5 of Transformers. Use `HF_HOME` instead.
  warnings.warn(
[INFO|2025-11-26 19:27:29] llamafactory.launcher:143 >> Initializing 4 distributed tasks at: 10.11.241.16:30805
[INFO|2025-11-26 19:27:29] llamafactory.launcher:143 >> Multi-node training enabled: num nodes: 8, node rank: 0
[INFO|2025-11-26 19:27:29] llamafactory.launcher:143 >> Initializing 4 distributed tasks at: 10.11.241.16:30805
[INFO|2025-11-26 19:27:29] llamafactory.launcher:143 >> Multi-node training enabled: num nodes: 8, node rank: 6
[INFO|2025-11-26 19:27:29] llamafactory.launcher:143 >> Initializing 4 distributed tasks at: 10.11.241.16:30805
[INFO|2025-11-26 19:27:29] llamafactory.launcher:143 >> Multi-node training enabled: num nodes: 8, node rank: 1
[INFO|2025-11-26 19:27:29] llamafactory.launcher:143 >> Initializing 4 distributed tasks at: 10.11.241.16:30805
[INFO|2025-11-26 19:27:29] llamafactory.launcher:143 >> Multi-node training enabled: num nodes: 8, node rank: 4
[INFO|2025-11-26 19:27:29] llamafactory.launcher:143 >> Initializing 4 distributed tasks at: 10.11.241.16:30805
[INFO|2025-11-26 19:27:29] llamafactory.launcher:143 >> Multi-node training enabled: num nodes: 8, node rank: 3
[INFO|2025-11-26 19:27:29] llamafactory.launcher:143 >> Initializing 4 distributed tasks at: 10.11.241.16:30805
[INFO|2025-11-26 19:27:29] llamafactory.launcher:143 >> Multi-node training enabled: num nodes: 8, node rank: 5
[INFO|2025-11-26 19:27:29] llamafactory.launcher:143 >> Initializing 4 distributed tasks at: 10.11.241.16:30805
[INFO|2025-11-26 19:27:29] llamafactory.launcher:143 >> Multi-node training enabled: num nodes: 8, node rank: 7
[INFO|2025-11-26 19:27:29] llamafactory.launcher:143 >> Initializing 4 distributed tasks at: 10.11.241.16:30805
[INFO|2025-11-26 19:27:29] llamafactory.launcher:143 >> Multi-node training enabled: num nodes: 8, node rank: 2
[W1126 19:27:30.772087576 socket.cpp:759] [c10d] The client socket cannot be initialized to connect to [jwb0006.juwels]:30805 (errno: 97 - Address family not supported by protocol).
[W1126 19:27:30.773275631 socket.cpp:759] [c10d] The client socket has failed to connect to jwb0006.juwels:30805 (errno: 113 - No route to host).
[E1126 19:27:30.773284981 socket.cpp:813] [c10d] The client socket has failed to connect to any network address of (10.11.241.16, 30805).
[W1126 19:27:30.845408012 socket.cpp:759] [c10d] The client socket cannot be initialized to connect to [jwb0006.juwels]:30805 (errno: 97 - Address family not supported by protocol).
[W1126 19:27:30.846410284 socket.cpp:759] [c10d] The client socket has failed to connect to jwb0006.juwels:30805 (errno: 113 - No route to host).
[E1126 19:27:30.846418054 socket.cpp:813] [c10d] The client socket has failed to connect to any network address of (10.11.241.16, 30805).
[W1126 19:27:30.790042146 socket.cpp:759] [c10d] The client socket cannot be initialized to connect to [jwb0006.juwels]:30805 (errno: 97 - Address family not supported by protocol).
[W1126 19:27:30.817892574 socket.cpp:759] [c10d] The client socket cannot be initialized to connect to [jwb0006.juwels]:30805 (errno: 97 - Address family not supported by protocol).
[W1126 19:27:30.837535273 socket.cpp:759] [c10d] The client socket cannot be initialized to connect to [jwb0006.juwels]:30805 (errno: 97 - Address family not supported by protocol).
[W1126 19:27:30.819835872 socket.cpp:759] [c10d] The client socket has failed to connect to jwb0006.juwels:30805 (errno: 113 - No route to host).
[E1126 19:27:30.819844983 socket.cpp:813] [c10d] The client socket has failed to connect to any network address of (10.11.241.16, 30805).
[W1126 19:27:30.810104309 socket.cpp:759] [c10d] The client socket cannot be initialized to connect to [jwb0006.juwels]:30805 (errno: 97 - Address family not supported by protocol).
[W1126 19:27:30.773310201 socket.cpp:759] [c10d] The client socket cannot be initialized to connect to [jwb0006.juwels]:30805 (errno: 97 - Address family not supported by protocol).
[W1126 19:27:30.810917736 socket.cpp:759] [c10d] The client socket has failed to connect to jwb0006.juwels:30805 (errno: 113 - No route to host).
[E1126 19:27:30.810926376 socket.cpp:813] [c10d] The client socket has failed to connect to any network address of (10.11.241.16, 30805).
[W1126 19:27:30.798911454 TCPStore.cpp:330] [c10d] TCP client failed to connect/validate to host 10.11.241.16:30805 - retrying (try=0, timeout=900000ms, delay=425ms): The client socket has failed to connect to any network address of (10.11.241.16, 30805). The client socket has failed to connect to jwb0006.juwels:30805 (errno: 113 - No route to host).
Exception raised from run at /pytorch/torch/csrc/distributed/c10d/socket.cpp:815 (most recent call first):
frame #0: c10::Error::Error(c10::SourceLocation, std::string) + 0x96 (0x1536b956c1b6 in /opt/conda/lib/python3.11/site-packages/torch/lib/libc10.so)
frame #1: <unknown function> + 0x16155eb (0x15369cdda5eb in /opt/conda/lib/python3.11/site-packages/torch/lib/libtorch_cpu.so)
frame #2: <unknown function> + 0x63507f4 (0x1536a1b157f4 in /opt/conda/lib/python3.11/site-packages/torch/lib/libtorch_cpu.so)
frame #3: <unknown function> + 0x630d216 (0x1536a1ad2216 in /opt/conda/lib/python3.11/site-packages/torch/lib/libtorch_cpu.so)
frame #4: c10d::TCPStore::TCPStore(std::string, c10d::TCPStoreOptions const&) + 0x20c (0x1536a1ad514c in /opt/conda/lib/python3.11/site-packages/torch/lib/libtorch_cpu.so)
frame #5: <unknown function> + 0xe486ef (0x1536b16c96ef in /opt/conda/lib/python3.11/site-packages/torch/lib/libtorch_python.so)
frame #6: <unknown function> + 0x51a017 (0x1536b0d9b017 in /opt/conda/lib/python3.11/site-packages/torch/lib/libtorch_python.so)
frame #7: <unknown function> + 0x1f9276 (0x555fd5327276 in /opt/conda/bin/python3.11)
frame #8: _PyObject_MakeTpCall + 0x29b (0x555fd530475b in /opt/conda/bin/python3.11)
frame #9: <unknown function> + 0x227206 (0x555fd5355206 in /opt/conda/bin/python3.11)
frame #10: _PyObject_Call + 0x12b (0x555fd5340b7b in /opt/conda/bin/python3.11)
frame #11: <unknown function> + 0x2101c4 (0x555fd533e1c4 in /opt/conda/bin/python3.11)
frame #12: <unknown function> + 0x1d6a11 (0x555fd5304a11 in /opt/conda/bin/python3.11)
frame #13: <unknown function> + 0x51880b (0x1536b0d9980b in /opt/conda/lib/python3.11/site-packages/torch/lib/libtorch_python.so)
frame #14: _PyObject_MakeTpCall + 0x29b (0x555fd530475b in /opt/conda/bin/python3.11)
frame #15: _PyEval_EvalFrameDefault + 0x70a (0x555fd5311dda in /opt/conda/bin/python3.11)
frame #16: _PyFunction_Vectorcall + 0x17f (0x555fd5336b4f in /opt/conda/bin/python3.11)
frame #17: _PyEval_EvalFrameDefault + 0x4ae4 (0x555fd53161b4 in /opt/conda/bin/python3.11)
frame #18: _PyFunction_Vectorcall + 0x17f (0x555fd5336b4f in /opt/conda/bin/python3.11)
frame #19: _PyEval_EvalFrameDefault + 0x4ae4 (0x555fd53161b4 in /opt/conda/bin/python3.11)
frame #20: _PyFunction_Vectorcall + 0x17f (0x555fd5336b4f in /opt/conda/bin/python3.11)
frame #21: _PyEval_EvalFrameDefault + 0x4ae4 (0x555fd53161b4 in /opt/conda/bin/python3.11)
frame #22: _PyFunction_Vectorcall + 0x17f (0x555fd5336b4f in /opt/conda/bin/python3.11)
frame #23: _PyObject_FastCallDictTstate + 0x63 (0x555fd5309353 in /opt/conda/bin/python3.11)
frame #24: _PyObject_Call_Prepend + 0x69 (0x555fd533e479 in /opt/conda/bin/python3.11)
frame #25: <unknown function> + 0x2df709 (0x555fd540d709 in /opt/conda/bin/python3.11)
frame #26: PyObject_Call + 0xbe (0x555fd534088e in /opt/conda/bin/python3.11)
frame #27: _PyEval_EvalFrameDefault + 0x4ae4 (0x555fd53161b4 in /opt/conda/bin/python3.11)
frame #28: _PyFunction_Vectorcall + 0x17f (0x555fd5336b4f in /opt/conda/bin/python3.11)
frame #29: _PyEval_EvalFrameDefault + 0x4ae4 (0x555fd53161b4 in /opt/conda/bin/python3.11)
frame #30: <unknown function> + 0x29b01d (0x555fd53c901d in /opt/conda/bin/python3.11)
frame #31: PyEval_EvalCode + 0x9f (0x555fd53c875f in /opt/conda/bin/python3.11)
frame #32: <unknown function> + 0x2b86ca (0x555fd53e66ca in /opt/conda/bin/python3.11)
frame #33: <unknown function> + 0x2b4353 (0x555fd53e2353 in /opt/conda/bin/python3.11)
frame #34: <unknown function> + 0x2c98f0 (0x555fd53f78f0 in /opt/conda/bin/python3.11)
frame #35: _PyRun_SimpleFileObject + 0x1bc (0x555fd53f727c in /opt/conda/bin/python3.11)
frame #36: _PyRun_AnyFileObject + 0x44 (0x555fd53f7014 in /opt/conda/bin/python3.11)
frame #37: Py_RunMain + 0x383 (0x555fd53f15e3 in /opt/conda/bin/python3.11)
frame #38: Py_BytesMain + 0x37 (0x555fd53b89d7 in /opt/conda/bin/python3.11)
frame #39: <unknown function> + 0x29d90 (0x1536ba2a5d90 in /lib/x86_64-linux-gnu/libc.so.6)
frame #40: __libc_start_main + 0x80 (0x1536ba2a5e40 in /lib/x86_64-linux-gnu/libc.so.6)
frame #41: <unknown function> + 0x28a88a (0x555fd53b888a in /opt/conda/bin/python3.11)

[W1126 19:27:30.787664771 socket.cpp:759] [c10d] The client socket cannot be initialized to connect to [jwb0006.juwels]:30805 (errno: 97 - Address family not supported by protocol).
[W1126 19:27:30.871936956 TCPStore.cpp:330] [c10d] TCP client failed to connect/validate to host 10.11.241.16:30805 - retrying (try=0, timeout=900000ms, delay=741ms): The client socket has failed to connect to any network address of (10.11.241.16, 30805). The client socket has failed to connect to jwb0006.juwels:30805 (errno: 113 - No route to host).
Exception raised from run at /pytorch/torch/csrc/distributed/c10d/socket.cpp:815 (most recent call first):
frame #0: c10::Error::Error(c10::SourceLocation, std::string) + 0x96 (0x150873d6c1b6 in /opt/conda/lib/python3.11/site-packages/torch/lib/libc10.so)
frame #1: <unknown function> + 0x16155eb (0x1508579da5eb in /opt/conda/lib/python3.11/site-packages/torch/lib/libtorch_cpu.so)
frame #2: <unknown function> + 0x63507f4 (0x15085c7157f4 in /opt/conda/lib/python3.11/site-packages/torch/lib/libtorch_cpu.so)
frame #3: <unknown function> + 0x630d216 (0x15085c6d2216 in /opt/conda/lib/python3.11/site-packages/torch/lib/libtorch_cpu.so)
frame #4: c10d::TCPStore::TCPStore(std::string, c10d::TCPStoreOptions const&) + 0x20c (0x15085c6d514c in /opt/conda/lib/python3.11/site-packages/torch/lib/libtorch_cpu.so)
frame #5: <unknown function> + 0xe486ef (0x15086c2c96ef in /opt/conda/lib/python3.11/site-packages/torch/lib/libtorch_python.so)
frame #6: <unknown function> + 0x51a017 (0x15086b99b017 in /opt/conda/lib/python3.11/site-packages/torch/lib/libtorch_python.so)
frame #7: <unknown function> + 0x1f9276 (0x561064099276 in /opt/conda/bin/python3.11)
frame #8: _PyObject_MakeTpCall + 0x29b (0x56106407675b in /opt/conda/bin/python3.11)
frame #9: <unknown function> + 0x227206 (0x5610640c7206 in /opt/conda/bin/python3.11)
frame #10: _PyObject_Call + 0x12b (0x5610640b2b7b in /opt/conda/bin/python3.11)
frame #11: <unknown function> + 0x2101c4 (0x5610640b01c4 in /opt/conda/bin/python3.11)
frame #12: <unknown function> + 0x1d6a11 (0x561064076a11 in /opt/conda/bin/python3.11)
frame #13: <unknown function> + 0x51880b (0x15086b99980b in /opt/conda/lib/python3.11/site-packages/torch/lib/libtorch_python.so)
frame #14: _PyObject_MakeTpCall + 0x29b (0x56106407675b in /opt/conda/bin/python3.11)
frame #15: _PyEval_EvalFrameDefault + 0x70a (0x561064083dda in /opt/conda/bin/python3.11)
frame #16: _PyFunction_Vectorcall + 0x17f (0x5610640a8b4f in /opt/conda/bin/python3.11)
frame #17: _PyEval_EvalFrameDefault + 0x4ae4 (0x5610640881b4 in /opt/conda/bin/python3.11)
frame #18: _PyFunction_Vectorcall + 0x17f (0x5610640a8b4f in /opt/conda/bin/python3.11)
frame #19: _PyEval_EvalFrameDefault + 0x4ae4 (0x5610640881b4 in /opt/conda/bin/python3.11)
frame #20: _PyFunction_Vectorcall + 0x17f (0x5610640a8b4f in /opt/conda/bin/python3.11)
frame #21: _PyEval_EvalFrameDefault + 0x4ae4 (0x5610640881b4 in /opt/conda/bin/python3.11)
frame #22: _PyFunction_Vectorcall + 0x17f (0x5610640a8b4f in /opt/conda/bin/python3.11)
frame #23: _PyObject_FastCallDictTstate + 0x63 (0x56106407b353 in /opt/conda/bin/python3.11)
frame #24: _PyObject_Call_Prepend + 0x69 (0x5610640b0479 in /opt/conda/bin/python3.11)
frame #25: <unknown function> + 0x2df709 (0x56106417f709 in /opt/conda/bin/python3.11)
frame #26: PyObject_Call + 0xbe (0x5610640b288e in /opt/conda/bin/python3.11)
frame #27: _PyEval_EvalFrameDefault + 0x4ae4 (0x5610640881b4 in /opt/conda/bin/python3.11)
frame #28: _PyFunction_Vectorcall + 0x17f (0x5610640a8b4f in /opt/conda/bin/python3.11)
frame #29: _PyEval_EvalFrameDefault + 0x4ae4 (0x5610640881b4 in /opt/conda/bin/python3.11)
frame #30: <unknown function> + 0x29b01d (0x56106413b01d in /opt/conda/bin/python3.11)
frame #31: PyEval_EvalCode + 0x9f (0x56106413a75f in /opt/conda/bin/python3.11)
frame #32: <unknown function> + 0x2b86ca (0x5610641586ca in /opt/conda/bin/python3.11)
frame #33: <unknown function> + 0x2b4353 (0x561064154353 in /opt/conda/bin/python3.11)
frame #34: <unknown function> + 0x2c98f0 (0x5610641698f0 in /opt/conda/bin/python3.11)
frame #35: _PyRun_SimpleFileObject + 0x1bc (0x56106416927c in /opt/conda/bin/python3.11)
frame #36: _PyRun_AnyFileObject + 0x44 (0x561064169014 in /opt/conda/bin/python3.11)
frame #37: Py_RunMain + 0x383 (0x5610641635e3 in /opt/conda/bin/python3.11)
frame #38: Py_BytesMain + 0x37 (0x56106412a9d7 in /opt/conda/bin/python3.11)
frame #39: <unknown function> + 0x29d90 (0x150874d40d90 in /lib/x86_64-linux-gnu/libc.so.6)
frame #40: __libc_start_main + 0x80 (0x150874d40e40 in /lib/x86_64-linux-gnu/libc.so.6)
frame #41: <unknown function> + 0x28a88a (0x56106412a88a in /opt/conda/bin/python3.11)

[W1126 19:27:30.835234966 TCPStore.cpp:330] [c10d] TCP client failed to connect/validate to host 10.11.241.16:30805 - retrying (try=0, timeout=900000ms, delay=352ms): The client socket has failed to connect to any network address of (10.11.241.16, 30805). The client socket has failed to connect to jwb0006.juwels:30805 (errno: 113 - No route to host).
Exception raised from run at /pytorch/torch/csrc/distributed/c10d/socket.cpp:815 (most recent call first):
frame #0: c10::Error::Error(c10::SourceLocation, std::string) + 0x96 (0x148707b6c1b6 in /opt/conda/lib/python3.11/site-packages/torch/lib/libc10.so)
frame #1: <unknown function> + 0x16155eb (0x1486eb7da5eb in /opt/conda/lib/python3.11/site-packages/torch/lib/libtorch_cpu.so)
frame #2: <unknown function> + 0x63507f4 (0x1486f05157f4 in /opt/conda/lib/python3.11/site-packages/torch/lib/libtorch_cpu.so)
frame #3: <unknown function> + 0x630d216 (0x1486f04d2216 in /opt/conda/lib/python3.11/site-packages/torch/lib/libtorch_cpu.so)
frame #4: c10d::TCPStore::TCPStore(std::string, c10d::TCPStoreOptions const&) + 0x20c (0x1486f04d514c in /opt/conda/lib/python3.11/site-packages/torch/lib/libtorch_cpu.so)
frame #5: <unknown function> + 0xe486ef (0x1487000c96ef in /opt/conda/lib/python3.11/site-packages/torch/lib/libtorch_python.so)
frame #6: <unknown function> + 0x51a017 (0x1486ff79b017 in /opt/conda/lib/python3.11/site-packages/torch/lib/libtorch_python.so)
frame #7: <unknown function> + 0x1f9276 (0x5605059c0276 in /opt/conda/bin/python3.11)
frame #8: _PyObject_MakeTpCall + 0x29b (0x56050599d75b in /opt/conda/bin/python3.11)
frame #9: <unknown function> + 0x227206 (0x5605059ee206 in /opt/conda/bin/python3.11)
frame #10: _PyObject_Call + 0x12b (0x5605059d9b7b in /opt/conda/bin/python3.11)
frame #11: <unknown function> + 0x2101c4 (0x5605059d71c4 in /opt/conda/bin/python3.11)
frame #12: <unknown function> + 0x1d6a11 (0x56050599da11 in /opt/conda/bin/python3.11)
frame #13: <unknown function> + 0x51880b (0x1486ff79980b in /opt/conda/lib/python3.11/site-packages/torch/lib/libtorch_python.so)
frame #14: _PyObject_MakeTpCall + 0x29b (0x56050599d75b in /opt/conda/bin/python3.11)
frame #15: _PyEval_EvalFrameDefault + 0x70a (0x5605059aadda in /opt/conda/bin/python3.11)
frame #16: _PyFunction_Vectorcall + 0x17f (0x5605059cfb4f in /opt/conda/bin/python3.11)
frame #17: _PyEval_EvalFrameDefault + 0x4ae4 (0x5605059af1b4 in /opt/conda/bin/python3.11)
frame #18: _PyFunction_Vectorcall + 0x17f (0x5605059cfb4f in /opt/conda/bin/python3.11)
frame #19: _PyEval_EvalFrameDefault + 0x4ae4 (0x5605059af1b4 in /opt/conda/bin/python3.11)
frame #20: _PyFunction_Vectorcall + 0x17f (0x5605059cfb4f in /opt/conda/bin/python3.11)
frame #21: _PyEval_EvalFrameDefault + 0x4ae4 (0x5605059af1b4 in /opt/conda/bin/python3.11)
frame #22: _PyFunction_Vectorcall + 0x17f (0x5605059cfb4f in /opt/conda/bin/python3.11)
frame #23: _PyObject_FastCallDictTstate + 0x63 (0x5605059a2353 in /opt/conda/bin/python3.11)
frame #24: _PyObject_Call_Prepend + 0x69 (0x5605059d7479 in /opt/conda/bin/python3.11)
frame #25: <unknown function> + 0x2df709 (0x560505aa6709 in /opt/conda/bin/python3.11)
frame #26: PyObject_Call + 0xbe (0x5605059d988e in /opt/conda/bin/python3.11)
frame #27: _PyEval_EvalFrameDefault + 0x4ae4 (0x5605059af1b4 in /opt/conda/bin/python3.11)
frame #28: _PyFunction_Vectorcall + 0x17f (0x5605059cfb4f in /opt/conda/bin/python3.11)
frame #29: _PyEval_EvalFrameDefault + 0x4ae4 (0x5605059af1b4 in /opt/conda/bin/python3.11)
frame #30: <unknown function> + 0x29b01d (0x560505a6201d in /opt/conda/bin/python3.11)
frame #31: PyEval_EvalCode + 0x9f (0x560505a6175f in /opt/conda/bin/python3.11)
frame #32: <unknown function> + 0x2b86ca (0x560505a7f6ca in /opt/conda/bin/python3.11)
frame #33: <unknown function> + 0x2b4353 (0x560505a7b353 in /opt/conda/bin/python3.11)
frame #34: <unknown function> + 0x2c98f0 (0x560505a908f0 in /opt/conda/bin/python3.11)
frame #35: _PyRun_SimpleFileObject + 0x1bc (0x560505a9027c in /opt/conda/bin/python3.11)
frame #36: _PyRun_AnyFileObject + 0x44 (0x560505a90014 in /opt/conda/bin/python3.11)
frame #37: Py_RunMain + 0x383 (0x560505a8a5e3 in /opt/conda/bin/python3.11)
frame #38: Py_BytesMain + 0x37 (0x560505a519d7 in /opt/conda/bin/python3.11)
frame #39: <unknown function> + 0x29d90 (0x148708b78d90 in /lib/x86_64-linux-gnu/libc.so.6)
frame #40: __libc_start_main + 0x80 (0x148708b78e40 in /lib/x86_64-linux-gnu/libc.so.6)
frame #41: <unknown function> + 0x28a88a (0x560505a5188a in /opt/conda/bin/python3.11)

[W1126 19:27:30.846597239 TCPStore.cpp:330] [c10d] TCP client failed to connect/validate to host 10.11.241.16:30805 - retrying (try=0, timeout=900000ms, delay=497ms): The client socket has failed to connect to any network address of (10.11.241.16, 30805). The client socket has failed to connect to jwb0006.juwels:30805 (errno: 113 - No route to host).
Exception raised from run at /pytorch/torch/csrc/distributed/c10d/socket.cpp:815 (most recent call first):
frame #0: c10::Error::Error(c10::SourceLocation, std::string) + 0x96 (0x14ee9ff6c1b6 in /opt/conda/lib/python3.11/site-packages/torch/lib/libc10.so)
frame #1: <unknown function> + 0x16155eb (0x14ee837da5eb in /opt/conda/lib/python3.11/site-packages/torch/lib/libtorch_cpu.so)
frame #2: <unknown function> + 0x63507f4 (0x14ee885157f4 in /opt/conda/lib/python3.11/site-packages/torch/lib/libtorch_cpu.so)
frame #3: <unknown function> + 0x630d216 (0x14ee884d2216 in /opt/conda/lib/python3.11/site-packages/torch/lib/libtorch_cpu.so)
frame #4: c10d::TCPStore::TCPStore(std::string, c10d::TCPStoreOptions const&) + 0x20c (0x14ee884d514c in /opt/conda/lib/python3.11/site-packages/torch/lib/libtorch_cpu.so)
frame #5: <unknown function> + 0xe486ef (0x14ee980c96ef in /opt/conda/lib/python3.11/site-packages/torch/lib/libtorch_python.so)
frame #6: <unknown function> + 0x51a017 (0x14ee9779b017 in /opt/conda/lib/python3.11/site-packages/torch/lib/libtorch_python.so)
frame #7: <unknown function> + 0x1f9276 (0x5596ebd77276 in /opt/conda/bin/python3.11)
frame #8: _PyObject_MakeTpCall + 0x29b (0x5596ebd5475b in /opt/conda/bin/python3.11)
frame #9: <unknown function> + 0x227206 (0x5596ebda5206 in /opt/conda/bin/python3.11)
frame #10: _PyObject_Call + 0x12b (0x5596ebd90b7b in /opt/conda/bin/python3.11)
frame #11: <unknown function> + 0x2101c4 (0x5596ebd8e1c4 in /opt/conda/bin/python3.11)
frame #12: <unknown function> + 0x1d6a11 (0x5596ebd54a11 in /opt/conda/bin/python3.11)
frame #13: <unknown function> + 0x51880b (0x14ee9779980b in /opt/conda/lib/python3.11/site-packages/torch/lib/libtorch_python.so)
frame #14: _PyObject_MakeTpCall + 0x29b (0x5596ebd5475b in /opt/conda/bin/python3.11)
frame #15: _PyEval_EvalFrameDefault + 0x70a (0x5596ebd61dda in /opt/conda/bin/python3.11)
frame #16: _PyFunction_Vectorcall + 0x17f (0x5596ebd86b4f in /opt/conda/bin/python3.11)
frame #17: _PyEval_EvalFrameDefault + 0x4ae4 (0x5596ebd661b4 in /opt/conda/bin/python3.11)
frame #18: _PyFunction_Vectorcall + 0x17f (0x5596ebd86b4f in /opt/conda/bin/python3.11)
frame #19: _PyEval_EvalFrameDefault + 0x4ae4 (0x5596ebd661b4 in /opt/conda/bin/python3.11)
frame #20: _PyFunction_Vectorcall + 0x17f (0x5596ebd86b4f in /opt/conda/bin/python3.11)
frame #21: _PyEval_EvalFrameDefault + 0x4ae4 (0x5596ebd661b4 in /opt/conda/bin/python3.11)
frame #22: _PyFunction_Vectorcall + 0x17f (0x5596ebd86b4f in /opt/conda/bin/python3.11)
frame #23: _PyObject_FastCallDictTstate + 0x63 (0x5596ebd59353 in /opt/conda/bin/python3.11)
frame #24: _PyObject_Call_Prepend + 0x69 (0x5596ebd8e479 in /opt/conda/bin/python3.11)
frame #25: <unknown function> + 0x2df709 (0x5596ebe5d709 in /opt/conda/bin/python3.11)
frame #26: PyObject_Call + 0xbe (0x5596ebd9088e in /opt/conda/bin/python3.11)
frame #27: _PyEval_EvalFrameDefault + 0x4ae4 (0x5596ebd661b4 in /opt/conda/bin/python3.11)
frame #28: _PyFunction_Vectorcall + 0x17f (0x5596ebd86b4f in /opt/conda/bin/python3.11)
frame #29: _PyEval_EvalFrameDefault + 0x4ae4 (0x5596ebd661b4 in /opt/conda/bin/python3.11)
frame #30: <unknown function> + 0x29b01d (0x5596ebe1901d in /opt/conda/bin/python3.11)
frame #31: PyEval_EvalCode + 0x9f (0x5596ebe1875f in /opt/conda/bin/python3.11)
frame #32: <unknown function> + 0x2b86ca (0x5596ebe366ca in /opt/conda/bin/python3.11)
frame #33: <unknown function> + 0x2b4353 (0x5596ebe32353 in /opt/conda/bin/python3.11)
frame #34: <unknown function> + 0x2c98f0 (0x5596ebe478f0 in /opt/conda/bin/python3.11)
frame #35: _PyRun_SimpleFileObject + 0x1bc (0x5596ebe4727c in /opt/conda/bin/python3.11)
frame #36: _PyRun_AnyFileObject + 0x44 (0x5596ebe47014 in /opt/conda/bin/python3.11)
frame #37: Py_RunMain + 0x383 (0x5596ebe415e3 in /opt/conda/bin/python3.11)
frame #38: Py_BytesMain + 0x37 (0x5596ebe089d7 in /opt/conda/bin/python3.11)
frame #39: <unknown function> + 0x29d90 (0x14eea0c18d90 in /lib/x86_64-linux-gnu/libc.so.6)
frame #40: __libc_start_main + 0x80 (0x14eea0c18e40 in /lib/x86_64-linux-gnu/libc.so.6)
frame #41: <unknown function> + 0x28a88a (0x5596ebe0888a in /opt/conda/bin/python3.11)

[W1126 19:27:30.193951275 socket.cpp:759] [c10d] The client socket cannot be initialized to connect to [jwb0006.juwels]:30805 (errno: 97 - Address family not supported by protocol).
[W1126 19:27:30.194957474 socket.cpp:759] [c10d] The client socket has failed to connect to jwb0006.juwels:30805 (errno: 113 - No route to host).
[E1126 19:27:30.194965834 socket.cpp:813] [c10d] The client socket has failed to connect to any network address of (10.11.241.16, 30805).
[W1126 19:27:30.195019635 TCPStore.cpp:330] [c10d] TCP client failed to connect/validate to host 10.11.241.16:30805 - retrying (try=1, timeout=900000ms, delay=1109ms): The client socket has failed to connect to any network address of (10.11.241.16, 30805). The client socket has failed to connect to jwb0006.juwels:30805 (errno: 113 - No route to host).
Exception raised from run at /pytorch/torch/csrc/distributed/c10d/socket.cpp:815 (most recent call first):
frame #0: c10::Error::Error(c10::SourceLocation, std::string) + 0x96 (0x148707b6c1b6 in /opt/conda/lib/python3.11/site-packages/torch/lib/libc10.so)
frame #1: <unknown function> + 0x16155eb (0x1486eb7da5eb in /opt/conda/lib/python3.11/site-packages/torch/lib/libtorch_cpu.so)
frame #2: <unknown function> + 0x63507f4 (0x1486f05157f4 in /opt/conda/lib/python3.11/site-packages/torch/lib/libtorch_cpu.so)
frame #3: <unknown function> + 0x630d216 (0x1486f04d2216 in /opt/conda/lib/python3.11/site-packages/torch/lib/libtorch_cpu.so)
frame #4: c10d::TCPStore::TCPStore(std::string, c10d::TCPStoreOptions const&) + 0x20c (0x1486f04d514c in /opt/conda/lib/python3.11/site-packages/torch/lib/libtorch_cpu.so)
frame #5: <unknown function> + 0xe486ef (0x1487000c96ef in /opt/conda/lib/python3.11/site-packages/torch/lib/libtorch_python.so)
frame #6: <unknown function> + 0x51a017 (0x1486ff79b017 in /opt/conda/lib/python3.11/site-packages/torch/lib/libtorch_python.so)
frame #7: <unknown function> + 0x1f9276 (0x5605059c0276 in /opt/conda/bin/python3.11)
frame #8: _PyObject_MakeTpCall + 0x29b (0x56050599d75b in /opt/conda/bin/python3.11)
frame #9: <unknown function> + 0x227206 (0x5605059ee206 in /opt/conda/bin/python3.11)
frame #10: _PyObject_Call + 0x12b (0x5605059d9b7b in /opt/conda/bin/python3.11)
frame #11: <unknown function> + 0x2101c4 (0x5605059d71c4 in /opt/conda/bin/python3.11)
frame #12: <unknown function> + 0x1d6a11 (0x56050599da11 in /opt/conda/bin/python3.11)
frame #13: <unknown function> + 0x51880b (0x1486ff79980b in /opt/conda/lib/python3.11/site-packages/torch/lib/libtorch_python.so)
frame #14: _PyObject_MakeTpCall + 0x29b (0x56050599d75b in /opt/conda/bin/python3.11)
frame #15: _PyEval_EvalFrameDefault + 0x70a (0x5605059aadda in /opt/conda/bin/python3.11)
frame #16: _PyFunction_Vectorcall + 0x17f (0x5605059cfb4f in /opt/conda/bin/python3.11)
frame #17: _PyEval_EvalFrameDefault + 0x4ae4 (0x5605059af1b4 in /opt/conda/bin/python3.11)
frame #18: _PyFunction_Vectorcall + 0x17f (0x5605059cfb4f in /opt/conda/bin/python3.11)
frame #19: _PyEval_EvalFrameDefault + 0x4ae4 (0x5605059af1b4 in /opt/conda/bin/python3.11)
frame #20: _PyFunction_Vectorcall + 0x17f (0x5605059cfb4f in /opt/conda/bin/python3.11)
frame #21: _PyEval_EvalFrameDefault + 0x4ae4 (0x5605059af1b4 in /opt/conda/bin/python3.11)
frame #22: _PyFunction_Vectorcall + 0x17f (0x5605059cfb4f in /opt/conda/bin/python3.11)
frame #23: _PyObject_FastCallDictTstate + 0x63 (0x5605059a2353 in /opt/conda/bin/python3.11)
frame #24: _PyObject_Call_Prepend + 0x69 (0x5605059d7479 in /opt/conda/bin/python3.11)
frame #25: <unknown function> + 0x2df709 (0x560505aa6709 in /opt/conda/bin/python3.11)
frame #26: PyObject_Call + 0xbe (0x5605059d988e in /opt/conda/bin/python3.11)
frame #27: _PyEval_EvalFrameDefault + 0x4ae4 (0x5605059af1b4 in /opt/conda/bin/python3.11)
frame #28: _PyFunction_Vectorcall + 0x17f (0x5605059cfb4f in /opt/conda/bin/python3.11)
frame #29: _PyEval_EvalFrameDefault + 0x4ae4 (0x5605059af1b4 in /opt/conda/bin/python3.11)
frame #30: <unknown function> + 0x29b01d (0x560505a6201d in /opt/conda/bin/python3.11)
frame #31: PyEval_EvalCode + 0x9f (0x560505a6175f in /opt/conda/bin/python3.11)
frame #32: <unknown function> + 0x2b86ca (0x560505a7f6ca in /opt/conda/bin/python3.11)
frame #33: <unknown function> + 0x2b4353 (0x560505a7b353 in /opt/conda/bin/python3.11)
frame #34: <unknown function> + 0x2c98f0 (0x560505a908f0 in /opt/conda/bin/python3.11)
frame #35: _PyRun_SimpleFileObject + 0x1bc (0x560505a9027c in /opt/conda/bin/python3.11)
frame #36: _PyRun_AnyFileObject + 0x44 (0x560505a90014 in /opt/conda/bin/python3.11)
frame #37: Py_RunMain + 0x383 (0x560505a8a5e3 in /opt/conda/bin/python3.11)
frame #38: Py_BytesMain + 0x37 (0x560505a519d7 in /opt/conda/bin/python3.11)
frame #39: <unknown function> + 0x29d90 (0x148708b78d90 in /lib/x86_64-linux-gnu/libc.so.6)
frame #40: __libc_start_main + 0x80 (0x148708b78e40 in /lib/x86_64-linux-gnu/libc.so.6)
frame #41: <unknown function> + 0x28a88a (0x560505a5188a in /opt/conda/bin/python3.11)

[W1126 19:27:31.230231183 socket.cpp:759] [c10d] The client socket cannot be initialized to connect to [jwb0006.juwels]:30805 (errno: 97 - Address family not supported by protocol).
[W1126 19:27:31.231101366 socket.cpp:759] [c10d] The client socket has failed to connect to jwb0006.juwels:30805 (errno: 113 - No route to host).
[E1126 19:27:31.231110426 socket.cpp:813] [c10d] The client socket has failed to connect to any network address of (10.11.241.16, 30805).
[W1126 19:27:31.231159627 TCPStore.cpp:330] [c10d] TCP client failed to connect/validate to host 10.11.241.16:30805 - retrying (try=1, timeout=900000ms, delay=435ms): The client socket has failed to connect to any network address of (10.11.241.16, 30805). The client socket has failed to connect to jwb0006.juwels:30805 (errno: 113 - No route to host).
Exception raised from run at /pytorch/torch/csrc/distributed/c10d/socket.cpp:815 (most recent call first):
frame #0: c10::Error::Error(c10::SourceLocation, std::string) + 0x96 (0x1536b956c1b6 in /opt/conda/lib/python3.11/site-packages/torch/lib/libc10.so)
frame #1: <unknown function> + 0x16155eb (0x15369cdda5eb in /opt/conda/lib/python3.11/site-packages/torch/lib/libtorch_cpu.so)
frame #2: <unknown function> + 0x63507f4 (0x1536a1b157f4 in /opt/conda/lib/python3.11/site-packages/torch/lib/libtorch_cpu.so)
frame #3: <unknown function> + 0x630d216 (0x1536a1ad2216 in /opt/conda/lib/python3.11/site-packages/torch/lib/libtorch_cpu.so)
frame #4: c10d::TCPStore::TCPStore(std::string, c10d::TCPStoreOptions const&) + 0x20c (0x1536a1ad514c in /opt/conda/lib/python3.11/site-packages/torch/lib/libtorch_cpu.so)
frame #5: <unknown function> + 0xe486ef (0x1536b16c96ef in /opt/conda/lib/python3.11/site-packages/torch/lib/libtorch_python.so)
frame #6: <unknown function> + 0x51a017 (0x1536b0d9b017 in /opt/conda/lib/python3.11/site-packages/torch/lib/libtorch_python.so)
frame #7: <unknown function> + 0x1f9276 (0x555fd5327276 in /opt/conda/bin/python3.11)
frame #8: _PyObject_MakeTpCall + 0x29b (0x555fd530475b in /opt/conda/bin/python3.11)
frame #9: <unknown function> + 0x227206 (0x555fd5355206 in /opt/conda/bin/python3.11)
frame #10: _PyObject_Call + 0x12b (0x555fd5340b7b in /opt/conda/bin/python3.11)
frame #11: <unknown function> + 0x2101c4 (0x555fd533e1c4 in /opt/conda/bin/python3.11)
frame #12: <unknown function> + 0x1d6a11 (0x555fd5304a11 in /opt/conda/bin/python3.11)
frame #13: <unknown function> + 0x51880b (0x1536b0d9980b in /opt/conda/lib/python3.11/site-packages/torch/lib/libtorch_python.so)
frame #14: _PyObject_MakeTpCall + 0x29b (0x555fd530475b in /opt/conda/bin/python3.11)
frame #15: _PyEval_EvalFrameDefault + 0x70a (0x555fd5311dda in /opt/conda/bin/python3.11)
frame #16: _PyFunction_Vectorcall + 0x17f (0x555fd5336b4f in /opt/conda/bin/python3.11)
frame #17: _PyEval_EvalFrameDefault + 0x4ae4 (0x555fd53161b4 in /opt/conda/bin/python3.11)
frame #18: _PyFunction_Vectorcall + 0x17f (0x555fd5336b4f in /opt/conda/bin/python3.11)
frame #19: _PyEval_EvalFrameDefault + 0x4ae4 (0x555fd53161b4 in /opt/conda/bin/python3.11)
frame #20: _PyFunction_Vectorcall + 0x17f (0x555fd5336b4f in /opt/conda/bin/python3.11)
frame #21: _PyEval_EvalFrameDefault + 0x4ae4 (0x555fd53161b4 in /opt/conda/bin/python3.11)
frame #22: _PyFunction_Vectorcall + 0x17f (0x555fd5336b4f in /opt/conda/bin/python3.11)
frame #23: _PyObject_FastCallDictTstate + 0x63 (0x555fd5309353 in /opt/conda/bin/python3.11)
frame #24: _PyObject_Call_Prepend + 0x69 (0x555fd533e479 in /opt/conda/bin/python3.11)
frame #25: <unknown function> + 0x2df709 (0x555fd540d709 in /opt/conda/bin/python3.11)
frame #26: PyObject_Call + 0xbe (0x555fd534088e in /opt/conda/bin/python3.11)
frame #27: _PyEval_EvalFrameDefault + 0x4ae4 (0x555fd53161b4 in /opt/conda/bin/python3.11)
frame #28: _PyFunction_Vectorcall + 0x17f (0x555fd5336b4f in /opt/conda/bin/python3.11)
frame #29: _PyEval_EvalFrameDefault + 0x4ae4 (0x555fd53161b4 in /opt/conda/bin/python3.11)
frame #30: <unknown function> + 0x29b01d (0x555fd53c901d in /opt/conda/bin/python3.11)
frame #31: PyEval_EvalCode + 0x9f (0x555fd53c875f in /opt/conda/bin/python3.11)
frame #32: <unknown function> + 0x2b86ca (0x555fd53e66ca in /opt/conda/bin/python3.11)
frame #33: <unknown function> + 0x2b4353 (0x555fd53e2353 in /opt/conda/bin/python3.11)
frame #34: <unknown function> + 0x2c98f0 (0x555fd53f78f0 in /opt/conda/bin/python3.11)
frame #35: _PyRun_SimpleFileObject + 0x1bc (0x555fd53f727c in /opt/conda/bin/python3.11)
frame #36: _PyRun_AnyFileObject + 0x44 (0x555fd53f7014 in /opt/conda/bin/python3.11)
frame #37: Py_RunMain + 0x383 (0x555fd53f15e3 in /opt/conda/bin/python3.11)
frame #38: Py_BytesMain + 0x37 (0x555fd53b89d7 in /opt/conda/bin/python3.11)
frame #39: <unknown function> + 0x29d90 (0x1536ba2a5d90 in /lib/x86_64-linux-gnu/libc.so.6)
frame #40: __libc_start_main + 0x80 (0x1536ba2a5e40 in /lib/x86_64-linux-gnu/libc.so.6)
frame #41: <unknown function> + 0x28a88a (0x555fd53b888a in /opt/conda/bin/python3.11)

[W1126 19:27:31.350719432 socket.cpp:759] [c10d] The client socket cannot be initialized to connect to [jwb0006.juwels]:30805 (errno: 97 - Address family not supported by protocol).
[W1126 19:27:31.351568496 socket.cpp:759] [c10d] The client socket has failed to connect to jwb0006.juwels:30805 (errno: 113 - No route to host).
[E1126 19:27:31.351580216 socket.cpp:813] [c10d] The client socket has failed to connect to any network address of (10.11.241.16, 30805).
[W1126 19:27:31.351635226 TCPStore.cpp:330] [c10d] TCP client failed to connect/validate to host 10.11.241.16:30805 - retrying (try=1, timeout=900000ms, delay=1009ms): The client socket has failed to connect to any network address of (10.11.241.16, 30805). The client socket has failed to connect to jwb0006.juwels:30805 (errno: 113 - No route to host).
Exception raised from run at /pytorch/torch/csrc/distributed/c10d/socket.cpp:815 (most recent call first):
frame #0: c10::Error::Error(c10::SourceLocation, std::string) + 0x96 (0x14ee9ff6c1b6 in /opt/conda/lib/python3.11/site-packages/torch/lib/libc10.so)
frame #1: <unknown function> + 0x16155eb (0x14ee837da5eb in /opt/conda/lib/python3.11/site-packages/torch/lib/libtorch_cpu.so)
frame #2: <unknown function> + 0x63507f4 (0x14ee885157f4 in /opt/conda/lib/python3.11/site-packages/torch/lib/libtorch_cpu.so)
frame #3: <unknown function> + 0x630d216 (0x14ee884d2216 in /opt/conda/lib/python3.11/site-packages/torch/lib/libtorch_cpu.so)
frame #4: c10d::TCPStore::TCPStore(std::string, c10d::TCPStoreOptions const&) + 0x20c (0x14ee884d514c in /opt/conda/lib/python3.11/site-packages/torch/lib/libtorch_cpu.so)
frame #5: <unknown function> + 0xe486ef (0x14ee980c96ef in /opt/conda/lib/python3.11/site-packages/torch/lib/libtorch_python.so)
frame #6: <unknown function> + 0x51a017 (0x14ee9779b017 in /opt/conda/lib/python3.11/site-packages/torch/lib/libtorch_python.so)
frame #7: <unknown function> + 0x1f9276 (0x5596ebd77276 in /opt/conda/bin/python3.11)
frame #8: _PyObject_MakeTpCall + 0x29b (0x5596ebd5475b in /opt/conda/bin/python3.11)
frame #9: <unknown function> + 0x227206 (0x5596ebda5206 in /opt/conda/bin/python3.11)
frame #10: _PyObject_Call + 0x12b (0x5596ebd90b7b in /opt/conda/bin/python3.11)
frame #11: <unknown function> + 0x2101c4 (0x5596ebd8e1c4 in /opt/conda/bin/python3.11)
frame #12: <unknown function> + 0x1d6a11 (0x5596ebd54a11 in /opt/conda/bin/python3.11)
frame #13: <unknown function> + 0x51880b (0x14ee9779980b in /opt/conda/lib/python3.11/site-packages/torch/lib/libtorch_python.so)
frame #14: _PyObject_MakeTpCall + 0x29b (0x5596ebd5475b in /opt/conda/bin/python3.11)
frame #15: _PyEval_EvalFrameDefault + 0x70a (0x5596ebd61dda in /opt/conda/bin/python3.11)
frame #16: _PyFunction_Vectorcall + 0x17f (0x5596ebd86b4f in /opt/conda/bin/python3.11)
frame #17: _PyEval_EvalFrameDefault + 0x4ae4 (0x5596ebd661b4 in /opt/conda/bin/python3.11)
frame #18: _PyFunction_Vectorcall + 0x17f (0x5596ebd86b4f in /opt/conda/bin/python3.11)
frame #19: _PyEval_EvalFrameDefault + 0x4ae4 (0x5596ebd661b4 in /opt/conda/bin/python3.11)
frame #20: _PyFunction_Vectorcall + 0x17f (0x5596ebd86b4f in /opt/conda/bin/python3.11)
frame #21: _PyEval_EvalFrameDefault + 0x4ae4 (0x5596ebd661b4 in /opt/conda/bin/python3.11)
frame #22: _PyFunction_Vectorcall + 0x17f (0x5596ebd86b4f in /opt/conda/bin/python3.11)
frame #23: _PyObject_FastCallDictTstate + 0x63 (0x5596ebd59353 in /opt/conda/bin/python3.11)
frame #24: _PyObject_Call_Prepend + 0x69 (0x5596ebd8e479 in /opt/conda/bin/python3.11)
frame #25: <unknown function> + 0x2df709 (0x5596ebe5d709 in /opt/conda/bin/python3.11)
frame #26: PyObject_Call + 0xbe (0x5596ebd9088e in /opt/conda/bin/python3.11)
frame #27: _PyEval_EvalFrameDefault + 0x4ae4 (0x5596ebd661b4 in /opt/conda/bin/python3.11)
frame #28: _PyFunction_Vectorcall + 0x17f (0x5596ebd86b4f in /opt/conda/bin/python3.11)
frame #29: _PyEval_EvalFrameDefault + 0x4ae4 (0x5596ebd661b4 in /opt/conda/bin/python3.11)
frame #30: <unknown function> + 0x29b01d (0x5596ebe1901d in /opt/conda/bin/python3.11)
frame #31: PyEval_EvalCode + 0x9f (0x5596ebe1875f in /opt/conda/bin/python3.11)
frame #32: <unknown function> + 0x2b86ca (0x5596ebe366ca in /opt/conda/bin/python3.11)
frame #33: <unknown function> + 0x2b4353 (0x5596ebe32353 in /opt/conda/bin/python3.11)
frame #34: <unknown function> + 0x2c98f0 (0x5596ebe478f0 in /opt/conda/bin/python3.11)
frame #35: _PyRun_SimpleFileObject + 0x1bc (0x5596ebe4727c in /opt/conda/bin/python3.11)
frame #36: _PyRun_AnyFileObject + 0x44 (0x5596ebe47014 in /opt/conda/bin/python3.11)
frame #37: Py_RunMain + 0x383 (0x5596ebe415e3 in /opt/conda/bin/python3.11)
frame #38: Py_BytesMain + 0x37 (0x5596ebe089d7 in /opt/conda/bin/python3.11)
frame #39: <unknown function> + 0x29d90 (0x14eea0c18d90 in /lib/x86_64-linux-gnu/libc.so.6)
frame #40: __libc_start_main + 0x80 (0x14eea0c18e40 in /lib/x86_64-linux-gnu/libc.so.6)
frame #41: <unknown function> + 0x28a88a (0x5596ebe0888a in /opt/conda/bin/python3.11)

[W1126 19:27:31.619522211 socket.cpp:759] [c10d] The client socket cannot be initialized to connect to [jwb0006.juwels]:30805 (errno: 97 - Address family not supported by protocol).
[W1126 19:27:31.620430871 socket.cpp:759] [c10d] The client socket has failed to connect to jwb0006.juwels:30805 (errno: 113 - No route to host).
[E1126 19:27:31.620439661 socket.cpp:813] [c10d] The client socket has failed to connect to any network address of (10.11.241.16, 30805).
[W1126 19:27:31.620501242 TCPStore.cpp:330] [c10d] TCP client failed to connect/validate to host 10.11.241.16:30805 - retrying (try=1, timeout=900000ms, delay=1047ms): The client socket has failed to connect to any network address of (10.11.241.16, 30805). The client socket has failed to connect to jwb0006.juwels:30805 (errno: 113 - No route to host).
Exception raised from run at /pytorch/torch/csrc/distributed/c10d/socket.cpp:815 (most recent call first):
frame #0: c10::Error::Error(c10::SourceLocation, std::string) + 0x96 (0x150873d6c1b6 in /opt/conda/lib/python3.11/site-packages/torch/lib/libc10.so)
frame #1: <unknown function> + 0x16155eb (0x1508579da5eb in /opt/conda/lib/python3.11/site-packages/torch/lib/libtorch_cpu.so)
frame #2: <unknown function> + 0x63507f4 (0x15085c7157f4 in /opt/conda/lib/python3.11/site-packages/torch/lib/libtorch_cpu.so)
frame #3: <unknown function> + 0x630d216 (0x15085c6d2216 in /opt/conda/lib/python3.11/site-packages/torch/lib/libtorch_cpu.so)
frame #4: c10d::TCPStore::TCPStore(std::string, c10d::TCPStoreOptions const&) + 0x20c (0x15085c6d514c in /opt/conda/lib/python3.11/site-packages/torch/lib/libtorch_cpu.so)
frame #5: <unknown function> + 0xe486ef (0x15086c2c96ef in /opt/conda/lib/python3.11/site-packages/torch/lib/libtorch_python.so)
frame #6: <unknown function> + 0x51a017 (0x15086b99b017 in /opt/conda/lib/python3.11/site-packages/torch/lib/libtorch_python.so)
frame #7: <unknown function> + 0x1f9276 (0x561064099276 in /opt/conda/bin/python3.11)
frame #8: _PyObject_MakeTpCall + 0x29b (0x56106407675b in /opt/conda/bin/python3.11)
frame #9: <unknown function> + 0x227206 (0x5610640c7206 in /opt/conda/bin/python3.11)
frame #10: _PyObject_Call + 0x12b (0x5610640b2b7b in /opt/conda/bin/python3.11)
frame #11: <unknown function> + 0x2101c4 (0x5610640b01c4 in /opt/conda/bin/python3.11)
frame #12: <unknown function> + 0x1d6a11 (0x561064076a11 in /opt/conda/bin/python3.11)
frame #13: <unknown function> + 0x51880b (0x15086b99980b in /opt/conda/lib/python3.11/site-packages/torch/lib/libtorch_python.so)
frame #14: _PyObject_MakeTpCall + 0x29b (0x56106407675b in /opt/conda/bin/python3.11)
frame #15: _PyEval_EvalFrameDefault + 0x70a (0x561064083dda in /opt/conda/bin/python3.11)
frame #16: _PyFunction_Vectorcall + 0x17f (0x5610640a8b4f in /opt/conda/bin/python3.11)
frame #17: _PyEval_EvalFrameDefault + 0x4ae4 (0x5610640881b4 in /opt/conda/bin/python3.11)
frame #18: _PyFunction_Vectorcall + 0x17f (0x5610640a8b4f in /opt/conda/bin/python3.11)
frame #19: _PyEval_EvalFrameDefault + 0x4ae4 (0x5610640881b4 in /opt/conda/bin/python3.11)
frame #20: _PyFunction_Vectorcall + 0x17f (0x5610640a8b4f in /opt/conda/bin/python3.11)
frame #21: _PyEval_EvalFrameDefault + 0x4ae4 (0x5610640881b4 in /opt/conda/bin/python3.11)
frame #22: _PyFunction_Vectorcall + 0x17f (0x5610640a8b4f in /opt/conda/bin/python3.11)
frame #23: _PyObject_FastCallDictTstate + 0x63 (0x56106407b353 in /opt/conda/bin/python3.11)
frame #24: _PyObject_Call_Prepend + 0x69 (0x5610640b0479 in /opt/conda/bin/python3.11)
frame #25: <unknown function> + 0x2df709 (0x56106417f709 in /opt/conda/bin/python3.11)
frame #26: PyObject_Call + 0xbe (0x5610640b288e in /opt/conda/bin/python3.11)
frame #27: _PyEval_EvalFrameDefault + 0x4ae4 (0x5610640881b4 in /opt/conda/bin/python3.11)
frame #28: _PyFunction_Vectorcall + 0x17f (0x5610640a8b4f in /opt/conda/bin/python3.11)
frame #29: _PyEval_EvalFrameDefault + 0x4ae4 (0x5610640881b4 in /opt/conda/bin/python3.11)
frame #30: <unknown function> + 0x29b01d (0x56106413b01d in /opt/conda/bin/python3.11)
frame #31: PyEval_EvalCode + 0x9f (0x56106413a75f in /opt/conda/bin/python3.11)
frame #32: <unknown function> + 0x2b86ca (0x5610641586ca in /opt/conda/bin/python3.11)
frame #33: <unknown function> + 0x2b4353 (0x561064154353 in /opt/conda/bin/python3.11)
frame #34: <unknown function> + 0x2c98f0 (0x5610641698f0 in /opt/conda/bin/python3.11)
frame #35: _PyRun_SimpleFileObject + 0x1bc (0x56106416927c in /opt/conda/bin/python3.11)
frame #36: _PyRun_AnyFileObject + 0x44 (0x561064169014 in /opt/conda/bin/python3.11)
frame #37: Py_RunMain + 0x383 (0x5610641635e3 in /opt/conda/bin/python3.11)
frame #38: Py_BytesMain + 0x37 (0x56106412a9d7 in /opt/conda/bin/python3.11)
frame #39: <unknown function> + 0x29d90 (0x150874d40d90 in /lib/x86_64-linux-gnu/libc.so.6)
frame #40: __libc_start_main + 0x80 (0x150874d40e40 in /lib/x86_64-linux-gnu/libc.so.6)
frame #41: <unknown function> + 0x28a88a (0x56106412a88a in /opt/conda/bin/python3.11)

[W1126 19:27:31.672340478 socket.cpp:759] [c10d] The client socket cannot be initialized to connect to [jwb0006.juwels]:30805 (errno: 97 - Address family not supported by protocol).
[W1126 19:27:31.673181552 socket.cpp:759] [c10d] The client socket has failed to connect to jwb0006.juwels:30805 (errno: 113 - No route to host).
[E1126 19:27:31.673191812 socket.cpp:813] [c10d] The client socket has failed to connect to any network address of (10.11.241.16, 30805).
[W1126 19:27:31.673243492 TCPStore.cpp:330] [c10d] TCP client failed to connect/validate to host 10.11.241.16:30805 - retrying (try=2, timeout=900000ms, delay=818ms): The client socket has failed to connect to any network address of (10.11.241.16, 30805). The client socket has failed to connect to jwb0006.juwels:30805 (errno: 113 - No route to host).
Exception raised from run at /pytorch/torch/csrc/distributed/c10d/socket.cpp:815 (most recent call first):
frame #0: c10::Error::Error(c10::SourceLocation, std::string) + 0x96 (0x1536b956c1b6 in /opt/conda/lib/python3.11/site-packages/torch/lib/libc10.so)
frame #1: <unknown function> + 0x16155eb (0x15369cdda5eb in /opt/conda/lib/python3.11/site-packages/torch/lib/libtorch_cpu.so)
frame #2: <unknown function> + 0x63507f4 (0x1536a1b157f4 in /opt/conda/lib/python3.11/site-packages/torch/lib/libtorch_cpu.so)
frame #3: <unknown function> + 0x630d216 (0x1536a1ad2216 in /opt/conda/lib/python3.11/site-packages/torch/lib/libtorch_cpu.so)
frame #4: c10d::TCPStore::TCPStore(std::string, c10d::TCPStoreOptions const&) + 0x20c (0x1536a1ad514c in /opt/conda/lib/python3.11/site-packages/torch/lib/libtorch_cpu.so)
frame #5: <unknown function> + 0xe486ef (0x1536b16c96ef in /opt/conda/lib/python3.11/site-packages/torch/lib/libtorch_python.so)
frame #6: <unknown function> + 0x51a017 (0x1536b0d9b017 in /opt/conda/lib/python3.11/site-packages/torch/lib/libtorch_python.so)
frame #7: <unknown function> + 0x1f9276 (0x555fd5327276 in /opt/conda/bin/python3.11)
frame #8: _PyObject_MakeTpCall + 0x29b (0x555fd530475b in /opt/conda/bin/python3.11)
frame #9: <unknown function> + 0x227206 (0x555fd5355206 in /opt/conda/bin/python3.11)
frame #10: _PyObject_Call + 0x12b (0x555fd5340b7b in /opt/conda/bin/python3.11)
frame #11: <unknown function> + 0x2101c4 (0x555fd533e1c4 in /opt/conda/bin/python3.11)
frame #12: <unknown function> + 0x1d6a11 (0x555fd5304a11 in /opt/conda/bin/python3.11)
frame #13: <unknown function> + 0x51880b (0x1536b0d9980b in /opt/conda/lib/python3.11/site-packages/torch/lib/libtorch_python.so)
frame #14: _PyObject_MakeTpCall + 0x29b (0x555fd530475b in /opt/conda/bin/python3.11)
frame #15: _PyEval_EvalFrameDefault + 0x70a (0x555fd5311dda in /opt/conda/bin/python3.11)
frame #16: _PyFunction_Vectorcall + 0x17f (0x555fd5336b4f in /opt/conda/bin/python3.11)
frame #17: _PyEval_EvalFrameDefault + 0x4ae4 (0x555fd53161b4 in /opt/conda/bin/python3.11)
frame #18: _PyFunction_Vectorcall + 0x17f (0x555fd5336b4f in /opt/conda/bin/python3.11)
frame #19: _PyEval_EvalFrameDefault + 0x4ae4 (0x555fd53161b4 in /opt/conda/bin/python3.11)
frame #20: _PyFunction_Vectorcall + 0x17f (0x555fd5336b4f in /opt/conda/bin/python3.11)
frame #21: _PyEval_EvalFrameDefault + 0x4ae4 (0x555fd53161b4 in /opt/conda/bin/python3.11)
frame #22: _PyFunction_Vectorcall + 0x17f (0x555fd5336b4f in /opt/conda/bin/python3.11)
frame #23: _PyObject_FastCallDictTstate + 0x63 (0x555fd5309353 in /opt/conda/bin/python3.11)
frame #24: _PyObject_Call_Prepend + 0x69 (0x555fd533e479 in /opt/conda/bin/python3.11)
frame #25: <unknown function> + 0x2df709 (0x555fd540d709 in /opt/conda/bin/python3.11)
frame #26: PyObject_Call + 0xbe (0x555fd534088e in /opt/conda/bin/python3.11)
frame #27: _PyEval_EvalFrameDefault + 0x4ae4 (0x555fd53161b4 in /opt/conda/bin/python3.11)
frame #28: _PyFunction_Vectorcall + 0x17f (0x555fd5336b4f in /opt/conda/bin/python3.11)
frame #29: _PyEval_EvalFrameDefault + 0x4ae4 (0x555fd53161b4 in /opt/conda/bin/python3.11)
frame #30: <unknown function> + 0x29b01d (0x555fd53c901d in /opt/conda/bin/python3.11)
frame #31: PyEval_EvalCode + 0x9f (0x555fd53c875f in /opt/conda/bin/python3.11)
frame #32: <unknown function> + 0x2b86ca (0x555fd53e66ca in /opt/conda/bin/python3.11)
frame #33: <unknown function> + 0x2b4353 (0x555fd53e2353 in /opt/conda/bin/python3.11)
frame #34: <unknown function> + 0x2c98f0 (0x555fd53f78f0 in /opt/conda/bin/python3.11)
frame #35: _PyRun_SimpleFileObject + 0x1bc (0x555fd53f727c in /opt/conda/bin/python3.11)
frame #36: _PyRun_AnyFileObject + 0x44 (0x555fd53f7014 in /opt/conda/bin/python3.11)
frame #37: Py_RunMain + 0x383 (0x555fd53f15e3 in /opt/conda/bin/python3.11)
frame #38: Py_BytesMain + 0x37 (0x555fd53b89d7 in /opt/conda/bin/python3.11)
frame #39: <unknown function> + 0x29d90 (0x1536ba2a5d90 in /lib/x86_64-linux-gnu/libc.so.6)
frame #40: __libc_start_main + 0x80 (0x1536ba2a5e40 in /lib/x86_64-linux-gnu/libc.so.6)
frame #41: <unknown function> + 0x28a88a (0x555fd53b888a in /opt/conda/bin/python3.11)

[W1126 19:27:32.310119360 socket.cpp:759] [c10d] The client socket cannot be initialized to connect to [jwb0006.juwels]:30805 (errno: 97 - Address family not supported by protocol).
[W1126 19:27:32.311048908 socket.cpp:759] [c10d] The client socket has failed to connect to jwb0006.juwels:30805 (errno: 113 - No route to host).
[E1126 19:27:32.311059958 socket.cpp:813] [c10d] The client socket has failed to connect to any network address of (10.11.241.16, 30805).
[W1126 19:27:32.311107988 TCPStore.cpp:330] [c10d] TCP client failed to connect/validate to host 10.11.241.16:30805 - retrying (try=2, timeout=900000ms, delay=1322ms): The client socket has failed to connect to any network address of (10.11.241.16, 30805). The client socket has failed to connect to jwb0006.juwels:30805 (errno: 113 - No route to host).
Exception raised from run at /pytorch/torch/csrc/distributed/c10d/socket.cpp:815 (most recent call first):
frame #0: c10::Error::Error(c10::SourceLocation, std::string) + 0x96 (0x148707b6c1b6 in /opt/conda/lib/python3.11/site-packages/torch/lib/libc10.so)
frame #1: <unknown function> + 0x16155eb (0x1486eb7da5eb in /opt/conda/lib/python3.11/site-packages/torch/lib/libtorch_cpu.so)
frame #2: <unknown function> + 0x63507f4 (0x1486f05157f4 in /opt/conda/lib/python3.11/site-packages/torch/lib/libtorch_cpu.so)
frame #3: <unknown function> + 0x630d216 (0x1486f04d2216 in /opt/conda/lib/python3.11/site-packages/torch/lib/libtorch_cpu.so)
frame #4: c10d::TCPStore::TCPStore(std::string, c10d::TCPStoreOptions const&) + 0x20c (0x1486f04d514c in /opt/conda/lib/python3.11/site-packages/torch/lib/libtorch_cpu.so)
frame #5: <unknown function> + 0xe486ef (0x1487000c96ef in /opt/conda/lib/python3.11/site-packages/torch/lib/libtorch_python.so)
frame #6: <unknown function> + 0x51a017 (0x1486ff79b017 in /opt/conda/lib/python3.11/site-packages/torch/lib/libtorch_python.so)
frame #7: <unknown function> + 0x1f9276 (0x5605059c0276 in /opt/conda/bin/python3.11)
frame #8: _PyObject_MakeTpCall + 0x29b (0x56050599d75b in /opt/conda/bin/python3.11)
frame #9: <unknown function> + 0x227206 (0x5605059ee206 in /opt/conda/bin/python3.11)
frame #10: _PyObject_Call + 0x12b (0x5605059d9b7b in /opt/conda/bin/python3.11)
frame #11: <unknown function> + 0x2101c4 (0x5605059d71c4 in /opt/conda/bin/python3.11)
frame #12: <unknown function> + 0x1d6a11 (0x56050599da11 in /opt/conda/bin/python3.11)
frame #13: <unknown function> + 0x51880b (0x1486ff79980b in /opt/conda/lib/python3.11/site-packages/torch/lib/libtorch_python.so)
frame #14: _PyObject_MakeTpCall + 0x29b (0x56050599d75b in /opt/conda/bin/python3.11)
frame #15: _PyEval_EvalFrameDefault + 0x70a (0x5605059aadda in /opt/conda/bin/python3.11)
frame #16: _PyFunction_Vectorcall + 0x17f (0x5605059cfb4f in /opt/conda/bin/python3.11)
frame #17: _PyEval_EvalFrameDefault + 0x4ae4 (0x5605059af1b4 in /opt/conda/bin/python3.11)
frame #18: _PyFunction_Vectorcall + 0x17f (0x5605059cfb4f in /opt/conda/bin/python3.11)
frame #19: _PyEval_EvalFrameDefault + 0x4ae4 (0x5605059af1b4 in /opt/conda/bin/python3.11)
frame #20: _PyFunction_Vectorcall + 0x17f (0x5605059cfb4f in /opt/conda/bin/python3.11)
frame #21: _PyEval_EvalFrameDefault + 0x4ae4 (0x5605059af1b4 in /opt/conda/bin/python3.11)
frame #22: _PyFunction_Vectorcall + 0x17f (0x5605059cfb4f in /opt/conda/bin/python3.11)
frame #23: _PyObject_FastCallDictTstate + 0x63 (0x5605059a2353 in /opt/conda/bin/python3.11)
frame #24: _PyObject_Call_Prepend + 0x69 (0x5605059d7479 in /opt/conda/bin/python3.11)
frame #25: <unknown function> + 0x2df709 (0x560505aa6709 in /opt/conda/bin/python3.11)
frame #26: PyObject_Call + 0xbe (0x5605059d988e in /opt/conda/bin/python3.11)
frame #27: _PyEval_EvalFrameDefault + 0x4ae4 (0x5605059af1b4 in /opt/conda/bin/python3.11)
frame #28: _PyFunction_Vectorcall + 0x17f (0x5605059cfb4f in /opt/conda/bin/python3.11)
frame #29: _PyEval_EvalFrameDefault + 0x4ae4 (0x5605059af1b4 in /opt/conda/bin/python3.11)
frame #30: <unknown function> + 0x29b01d (0x560505a6201d in /opt/conda/bin/python3.11)
frame #31: PyEval_EvalCode + 0x9f (0x560505a6175f in /opt/conda/bin/python3.11)
frame #32: <unknown function> + 0x2b86ca (0x560505a7f6ca in /opt/conda/bin/python3.11)
frame #33: <unknown function> + 0x2b4353 (0x560505a7b353 in /opt/conda/bin/python3.11)
frame #34: <unknown function> + 0x2c98f0 (0x560505a908f0 in /opt/conda/bin/python3.11)
frame #35: _PyRun_SimpleFileObject + 0x1bc (0x560505a9027c in /opt/conda/bin/python3.11)
frame #36: _PyRun_AnyFileObject + 0x44 (0x560505a90014 in /opt/conda/bin/python3.11)
frame #37: Py_RunMain + 0x383 (0x560505a8a5e3 in /opt/conda/bin/python3.11)
frame #38: Py_BytesMain + 0x37 (0x560505a519d7 in /opt/conda/bin/python3.11)
frame #39: <unknown function> + 0x29d90 (0x148708b78d90 in /lib/x86_64-linux-gnu/libc.so.6)
frame #40: __libc_start_main + 0x80 (0x148708b78e40 in /lib/x86_64-linux-gnu/libc.so.6)
frame #41: <unknown function> + 0x28a88a (0x560505a5188a in /opt/conda/bin/python3.11)

[W1126 19:27:32.366174609 socket.cpp:759] [c10d] The client socket cannot be initialized to connect to [jwb0006.juwels]:30805 (errno: 97 - Address family not supported by protocol).
[W1126 19:27:32.367039213 socket.cpp:759] [c10d] The client socket has failed to connect to jwb0006.juwels:30805 (errno: 113 - No route to host).
[E1126 19:27:32.367047393 socket.cpp:813] [c10d] The client socket has failed to connect to any network address of (10.11.241.16, 30805).
[W1126 19:27:32.367096633 TCPStore.cpp:330] [c10d] TCP client failed to connect/validate to host 10.11.241.16:30805 - retrying (try=2, timeout=900000ms, delay=839ms): The client socket has failed to connect to any network address of (10.11.241.16, 30805). The client socket has failed to connect to jwb0006.juwels:30805 (errno: 113 - No route to host).
Exception raised from run at /pytorch/torch/csrc/distributed/c10d/socket.cpp:815 (most recent call first):
frame #0: c10::Error::Error(c10::SourceLocation, std::string) + 0x96 (0x14ee9ff6c1b6 in /opt/conda/lib/python3.11/site-packages/torch/lib/libc10.so)
frame #1: <unknown function> + 0x16155eb (0x14ee837da5eb in /opt/conda/lib/python3.11/site-packages/torch/lib/libtorch_cpu.so)
frame #2: <unknown function> + 0x63507f4 (0x14ee885157f4 in /opt/conda/lib/python3.11/site-packages/torch/lib/libtorch_cpu.so)
frame #3: <unknown function> + 0x630d216 (0x14ee884d2216 in /opt/conda/lib/python3.11/site-packages/torch/lib/libtorch_cpu.so)
frame #4: c10d::TCPStore::TCPStore(std::string, c10d::TCPStoreOptions const&) + 0x20c (0x14ee884d514c in /opt/conda/lib/python3.11/site-packages/torch/lib/libtorch_cpu.so)
frame #5: <unknown function> + 0xe486ef (0x14ee980c96ef in /opt/conda/lib/python3.11/site-packages/torch/lib/libtorch_python.so)
frame #6: <unknown function> + 0x51a017 (0x14ee9779b017 in /opt/conda/lib/python3.11/site-packages/torch/lib/libtorch_python.so)
frame #7: <unknown function> + 0x1f9276 (0x5596ebd77276 in /opt/conda/bin/python3.11)
frame #8: _PyObject_MakeTpCall + 0x29b (0x5596ebd5475b in /opt/conda/bin/python3.11)
frame #9: <unknown function> + 0x227206 (0x5596ebda5206 in /opt/conda/bin/python3.11)
frame #10: _PyObject_Call + 0x12b (0x5596ebd90b7b in /opt/conda/bin/python3.11)
frame #11: <unknown function> + 0x2101c4 (0x5596ebd8e1c4 in /opt/conda/bin/python3.11)
frame #12: <unknown function> + 0x1d6a11 (0x5596ebd54a11 in /opt/conda/bin/python3.11)
frame #13: <unknown function> + 0x51880b (0x14ee9779980b in /opt/conda/lib/python3.11/site-packages/torch/lib/libtorch_python.so)
frame #14: _PyObject_MakeTpCall + 0x29b (0x5596ebd5475b in /opt/conda/bin/python3.11)
frame #15: _PyEval_EvalFrameDefault + 0x70a (0x5596ebd61dda in /opt/conda/bin/python3.11)
frame #16: _PyFunction_Vectorcall + 0x17f (0x5596ebd86b4f in /opt/conda/bin/python3.11)
frame #17: _PyEval_EvalFrameDefault + 0x4ae4 (0x5596ebd661b4 in /opt/conda/bin/python3.11)
frame #18: _PyFunction_Vectorcall + 0x17f (0x5596ebd86b4f in /opt/conda/bin/python3.11)
frame #19: _PyEval_EvalFrameDefault + 0x4ae4 (0x5596ebd661b4 in /opt/conda/bin/python3.11)
frame #20: _PyFunction_Vectorcall + 0x17f (0x5596ebd86b4f in /opt/conda/bin/python3.11)
frame #21: _PyEval_EvalFrameDefault + 0x4ae4 (0x5596ebd661b4 in /opt/conda/bin/python3.11)
frame #22: _PyFunction_Vectorcall + 0x17f (0x5596ebd86b4f in /opt/conda/bin/python3.11)
frame #23: _PyObject_FastCallDictTstate + 0x63 (0x5596ebd59353 in /opt/conda/bin/python3.11)
frame #24: _PyObject_Call_Prepend + 0x69 (0x5596ebd8e479 in /opt/conda/bin/python3.11)
frame #25: <unknown function> + 0x2df709 (0x5596ebe5d709 in /opt/conda/bin/python3.11)
frame #26: PyObject_Call + 0xbe (0x5596ebd9088e in /opt/conda/bin/python3.11)
frame #27: _PyEval_EvalFrameDefault + 0x4ae4 (0x5596ebd661b4 in /opt/conda/bin/python3.11)
frame #28: _PyFunction_Vectorcall + 0x17f (0x5596ebd86b4f in /opt/conda/bin/python3.11)
frame #29: _PyEval_EvalFrameDefault + 0x4ae4 (0x5596ebd661b4 in /opt/conda/bin/python3.11)
frame #30: <unknown function> + 0x29b01d (0x5596ebe1901d in /opt/conda/bin/python3.11)
frame #31: PyEval_EvalCode + 0x9f (0x5596ebe1875f in /opt/conda/bin/python3.11)
frame #32: <unknown function> + 0x2b86ca (0x5596ebe366ca in /opt/conda/bin/python3.11)
frame #33: <unknown function> + 0x2b4353 (0x5596ebe32353 in /opt/conda/bin/python3.11)
frame #34: <unknown function> + 0x2c98f0 (0x5596ebe478f0 in /opt/conda/bin/python3.11)
frame #35: _PyRun_SimpleFileObject + 0x1bc (0x5596ebe4727c in /opt/conda/bin/python3.11)
frame #36: _PyRun_AnyFileObject + 0x44 (0x5596ebe47014 in /opt/conda/bin/python3.11)
frame #37: Py_RunMain + 0x383 (0x5596ebe415e3 in /opt/conda/bin/python3.11)
frame #38: Py_BytesMain + 0x37 (0x5596ebe089d7 in /opt/conda/bin/python3.11)
frame #39: <unknown function> + 0x29d90 (0x14eea0c18d90 in /lib/x86_64-linux-gnu/libc.so.6)
frame #40: __libc_start_main + 0x80 (0x14eea0c18e40 in /lib/x86_64-linux-gnu/libc.so.6)
frame #41: <unknown function> + 0x28a88a (0x5596ebe0888a in /opt/conda/bin/python3.11)

[W1126 19:27:32.497752501 socket.cpp:759] [c10d] The client socket cannot be initialized to connect to [jwb0006.juwels]:30805 (errno: 97 - Address family not supported by protocol).
[W1126 19:27:32.499013276 socket.cpp:759] [c10d] The client socket has failed to connect to jwb0006.juwels:30805 (errno: 113 - No route to host).
[E1126 19:27:32.499023586 socket.cpp:813] [c10d] The client socket has failed to connect to any network address of (10.11.241.16, 30805).
[W1126 19:27:32.499071456 TCPStore.cpp:330] [c10d] TCP client failed to connect/validate to host 10.11.241.16:30805 - retrying (try=3, timeout=900000ms, delay=1150ms): The client socket has failed to connect to any network address of (10.11.241.16, 30805). The client socket has failed to connect to jwb0006.juwels:30805 (errno: 113 - No route to host).
Exception raised from run at /pytorch/torch/csrc/distributed/c10d/socket.cpp:815 (most recent call first):
frame #0: c10::Error::Error(c10::SourceLocation, std::string) + 0x96 (0x1536b956c1b6 in /opt/conda/lib/python3.11/site-packages/torch/lib/libc10.so)
frame #1: <unknown function> + 0x16155eb (0x15369cdda5eb in /opt/conda/lib/python3.11/site-packages/torch/lib/libtorch_cpu.so)
frame #2: <unknown function> + 0x63507f4 (0x1536a1b157f4 in /opt/conda/lib/python3.11/site-packages/torch/lib/libtorch_cpu.so)
frame #3: <unknown function> + 0x630d216 (0x1536a1ad2216 in /opt/conda/lib/python3.11/site-packages/torch/lib/libtorch_cpu.so)
frame #4: c10d::TCPStore::TCPStore(std::string, c10d::TCPStoreOptions const&) + 0x20c (0x1536a1ad514c in /opt/conda/lib/python3.11/site-packages/torch/lib/libtorch_cpu.so)
frame #5: <unknown function> + 0xe486ef (0x1536b16c96ef in /opt/conda/lib/python3.11/site-packages/torch/lib/libtorch_python.so)
frame #6: <unknown function> + 0x51a017 (0x1536b0d9b017 in /opt/conda/lib/python3.11/site-packages/torch/lib/libtorch_python.so)
frame #7: <unknown function> + 0x1f9276 (0x555fd5327276 in /opt/conda/bin/python3.11)
frame #8: _PyObject_MakeTpCall + 0x29b (0x555fd530475b in /opt/conda/bin/python3.11)
frame #9: <unknown function> + 0x227206 (0x555fd5355206 in /opt/conda/bin/python3.11)
frame #10: _PyObject_Call + 0x12b (0x555fd5340b7b in /opt/conda/bin/python3.11)
frame #11: <unknown function> + 0x2101c4 (0x555fd533e1c4 in /opt/conda/bin/python3.11)
frame #12: <unknown function> + 0x1d6a11 (0x555fd5304a11 in /opt/conda/bin/python3.11)
frame #13: <unknown function> + 0x51880b (0x1536b0d9980b in /opt/conda/lib/python3.11/site-packages/torch/lib/libtorch_python.so)
frame #14: _PyObject_MakeTpCall + 0x29b (0x555fd530475b in /opt/conda/bin/python3.11)
frame #15: _PyEval_EvalFrameDefault + 0x70a (0x555fd5311dda in /opt/conda/bin/python3.11)
frame #16: _PyFunction_Vectorcall + 0x17f (0x555fd5336b4f in /opt/conda/bin/python3.11)
frame #17: _PyEval_EvalFrameDefault + 0x4ae4 (0x555fd53161b4 in /opt/conda/bin/python3.11)
frame #18: _PyFunction_Vectorcall + 0x17f (0x555fd5336b4f in /opt/conda/bin/python3.11)
frame #19: _PyEval_EvalFrameDefault + 0x4ae4 (0x555fd53161b4 in /opt/conda/bin/python3.11)
frame #20: _PyFunction_Vectorcall + 0x17f (0x555fd5336b4f in /opt/conda/bin/python3.11)
frame #21: _PyEval_EvalFrameDefault + 0x4ae4 (0x555fd53161b4 in /opt/conda/bin/python3.11)
frame #22: _PyFunction_Vectorcall + 0x17f (0x555fd5336b4f in /opt/conda/bin/python3.11)
frame #23: _PyObject_FastCallDictTstate + 0x63 (0x555fd5309353 in /opt/conda/bin/python3.11)
frame #24: _PyObject_Call_Prepend + 0x69 (0x555fd533e479 in /opt/conda/bin/python3.11)
frame #25: <unknown function> + 0x2df709 (0x555fd540d709 in /opt/conda/bin/python3.11)
frame #26: PyObject_Call + 0xbe (0x555fd534088e in /opt/conda/bin/python3.11)
frame #27: _PyEval_EvalFrameDefault + 0x4ae4 (0x555fd53161b4 in /opt/conda/bin/python3.11)
frame #28: _PyFunction_Vectorcall + 0x17f (0x555fd5336b4f in /opt/conda/bin/python3.11)
frame #29: _PyEval_EvalFrameDefault + 0x4ae4 (0x555fd53161b4 in /opt/conda/bin/python3.11)
frame #30: <unknown function> + 0x29b01d (0x555fd53c901d in /opt/conda/bin/python3.11)
frame #31: PyEval_EvalCode + 0x9f (0x555fd53c875f in /opt/conda/bin/python3.11)
frame #32: <unknown function> + 0x2b86ca (0x555fd53e66ca in /opt/conda/bin/python3.11)
frame #33: <unknown function> + 0x2b4353 (0x555fd53e2353 in /opt/conda/bin/python3.11)
frame #34: <unknown function> + 0x2c98f0 (0x555fd53f78f0 in /opt/conda/bin/python3.11)
frame #35: _PyRun_SimpleFileObject + 0x1bc (0x555fd53f727c in /opt/conda/bin/python3.11)
frame #36: _PyRun_AnyFileObject + 0x44 (0x555fd53f7014 in /opt/conda/bin/python3.11)
frame #37: Py_RunMain + 0x383 (0x555fd53f15e3 in /opt/conda/bin/python3.11)
frame #38: Py_BytesMain + 0x37 (0x555fd53b89d7 in /opt/conda/bin/python3.11)
frame #39: <unknown function> + 0x29d90 (0x1536ba2a5d90 in /lib/x86_64-linux-gnu/libc.so.6)
frame #40: __libc_start_main + 0x80 (0x1536ba2a5e40 in /lib/x86_64-linux-gnu/libc.so.6)
frame #41: <unknown function> + 0x28a88a (0x555fd53b888a in /opt/conda/bin/python3.11)

[W1126 19:27:32.673813575 socket.cpp:759] [c10d] The client socket cannot be initialized to connect to [jwb0006.juwels]:30805 (errno: 97 - Address family not supported by protocol).
[W1126 19:27:32.674657925 socket.cpp:759] [c10d] The client socket has failed to connect to jwb0006.juwels:30805 (errno: 113 - No route to host).
[E1126 19:27:32.674666165 socket.cpp:813] [c10d] The client socket has failed to connect to any network address of (10.11.241.16, 30805).
[W1126 19:27:32.674714105 TCPStore.cpp:330] [c10d] TCP client failed to connect/validate to host 10.11.241.16:30805 - retrying (try=2, timeout=900000ms, delay=615ms): The client socket has failed to connect to any network address of (10.11.241.16, 30805). The client socket has failed to connect to jwb0006.juwels:30805 (errno: 113 - No route to host).
Exception raised from run at /pytorch/torch/csrc/distributed/c10d/socket.cpp:815 (most recent call first):
frame #0: c10::Error::Error(c10::SourceLocation, std::string) + 0x96 (0x150873d6c1b6 in /opt/conda/lib/python3.11/site-packages/torch/lib/libc10.so)
frame #1: <unknown function> + 0x16155eb (0x1508579da5eb in /opt/conda/lib/python3.11/site-packages/torch/lib/libtorch_cpu.so)
frame #2: <unknown function> + 0x63507f4 (0x15085c7157f4 in /opt/conda/lib/python3.11/site-packages/torch/lib/libtorch_cpu.so)
frame #3: <unknown function> + 0x630d216 (0x15085c6d2216 in /opt/conda/lib/python3.11/site-packages/torch/lib/libtorch_cpu.so)
frame #4: c10d::TCPStore::TCPStore(std::string, c10d::TCPStoreOptions const&) + 0x20c (0x15085c6d514c in /opt/conda/lib/python3.11/site-packages/torch/lib/libtorch_cpu.so)
frame #5: <unknown function> + 0xe486ef (0x15086c2c96ef in /opt/conda/lib/python3.11/site-packages/torch/lib/libtorch_python.so)
frame #6: <unknown function> + 0x51a017 (0x15086b99b017 in /opt/conda/lib/python3.11/site-packages/torch/lib/libtorch_python.so)
frame #7: <unknown function> + 0x1f9276 (0x561064099276 in /opt/conda/bin/python3.11)
frame #8: _PyObject_MakeTpCall + 0x29b (0x56106407675b in /opt/conda/bin/python3.11)
frame #9: <unknown function> + 0x227206 (0x5610640c7206 in /opt/conda/bin/python3.11)
frame #10: _PyObject_Call + 0x12b (0x5610640b2b7b in /opt/conda/bin/python3.11)
frame #11: <unknown function> + 0x2101c4 (0x5610640b01c4 in /opt/conda/bin/python3.11)
frame #12: <unknown function> + 0x1d6a11 (0x561064076a11 in /opt/conda/bin/python3.11)
frame #13: <unknown function> + 0x51880b (0x15086b99980b in /opt/conda/lib/python3.11/site-packages/torch/lib/libtorch_python.so)
frame #14: _PyObject_MakeTpCall + 0x29b (0x56106407675b in /opt/conda/bin/python3.11)
frame #15: _PyEval_EvalFrameDefault + 0x70a (0x561064083dda in /opt/conda/bin/python3.11)
frame #16: _PyFunction_Vectorcall + 0x17f (0x5610640a8b4f in /opt/conda/bin/python3.11)
frame #17: _PyEval_EvalFrameDefault + 0x4ae4 (0x5610640881b4 in /opt/conda/bin/python3.11)
frame #18: _PyFunction_Vectorcall + 0x17f (0x5610640a8b4f in /opt/conda/bin/python3.11)
frame #19: _PyEval_EvalFrameDefault + 0x4ae4 (0x5610640881b4 in /opt/conda/bin/python3.11)
frame #20: _PyFunction_Vectorcall + 0x17f (0x5610640a8b4f in /opt/conda/bin/python3.11)
frame #21: _PyEval_EvalFrameDefault + 0x4ae4 (0x5610640881b4 in /opt/conda/bin/python3.11)
frame #22: _PyFunction_Vectorcall + 0x17f (0x5610640a8b4f in /opt/conda/bin/python3.11)
frame #23: _PyObject_FastCallDictTstate + 0x63 (0x56106407b353 in /opt/conda/bin/python3.11)
frame #24: _PyObject_Call_Prepend + 0x69 (0x5610640b0479 in /opt/conda/bin/python3.11)
frame #25: <unknown function> + 0x2df709 (0x56106417f709 in /opt/conda/bin/python3.11)
frame #26: PyObject_Call + 0xbe (0x5610640b288e in /opt/conda/bin/python3.11)
frame #27: _PyEval_EvalFrameDefault + 0x4ae4 (0x5610640881b4 in /opt/conda/bin/python3.11)
frame #28: _PyFunction_Vectorcall + 0x17f (0x5610640a8b4f in /opt/conda/bin/python3.11)
frame #29: _PyEval_EvalFrameDefault + 0x4ae4 (0x5610640881b4 in /opt/conda/bin/python3.11)
frame #30: <unknown function> + 0x29b01d (0x56106413b01d in /opt/conda/bin/python3.11)
frame #31: PyEval_EvalCode + 0x9f (0x56106413a75f in /opt/conda/bin/python3.11)
frame #32: <unknown function> + 0x2b86ca (0x5610641586ca in /opt/conda/bin/python3.11)
frame #33: <unknown function> + 0x2b4353 (0x561064154353 in /opt/conda/bin/python3.11)
frame #34: <unknown function> + 0x2c98f0 (0x5610641698f0 in /opt/conda/bin/python3.11)
frame #35: _PyRun_SimpleFileObject + 0x1bc (0x56106416927c in /opt/conda/bin/python3.11)
frame #36: _PyRun_AnyFileObject + 0x44 (0x561064169014 in /opt/conda/bin/python3.11)
frame #37: Py_RunMain + 0x383 (0x5610641635e3 in /opt/conda/bin/python3.11)
frame #38: Py_BytesMain + 0x37 (0x56106412a9d7 in /opt/conda/bin/python3.11)
frame #39: <unknown function> + 0x29d90 (0x150874d40d90 in /lib/x86_64-linux-gnu/libc.so.6)
frame #40: __libc_start_main + 0x80 (0x150874d40e40 in /lib/x86_64-linux-gnu/libc.so.6)
frame #41: <unknown function> + 0x28a88a (0x56106412a88a in /opt/conda/bin/python3.11)

[W1126 19:27:33.212409581 socket.cpp:759] [c10d] The client socket cannot be initialized to connect to [jwb0006.juwels]:30805 (errno: 97 - Address family not supported by protocol).
[W1126 19:27:33.213599246 socket.cpp:759] [c10d] The client socket has failed to connect to jwb0006.juwels:30805 (errno: 113 - No route to host).
[E1126 19:27:33.213606696 socket.cpp:813] [c10d] The client socket has failed to connect to any network address of (10.11.241.16, 30805).
[W1126 19:27:33.213653556 TCPStore.cpp:330] [c10d] TCP client failed to connect/validate to host 10.11.241.16:30805 - retrying (try=3, timeout=900000ms, delay=927ms): The client socket has failed to connect to any network address of (10.11.241.16, 30805). The client socket has failed to connect to jwb0006.juwels:30805 (errno: 113 - No route to host).
Exception raised from run at /pytorch/torch/csrc/distributed/c10d/socket.cpp:815 (most recent call first):
frame #0: c10::Error::Error(c10::SourceLocation, std::string) + 0x96 (0x14ee9ff6c1b6 in /opt/conda/lib/python3.11/site-packages/torch/lib/libc10.so)
frame #1: <unknown function> + 0x16155eb (0x14ee837da5eb in /opt/conda/lib/python3.11/site-packages/torch/lib/libtorch_cpu.so)
frame #2: <unknown function> + 0x63507f4 (0x14ee885157f4 in /opt/conda/lib/python3.11/site-packages/torch/lib/libtorch_cpu.so)
frame #3: <unknown function> + 0x630d216 (0x14ee884d2216 in /opt/conda/lib/python3.11/site-packages/torch/lib/libtorch_cpu.so)
frame #4: c10d::TCPStore::TCPStore(std::string, c10d::TCPStoreOptions const&) + 0x20c (0x14ee884d514c in /opt/conda/lib/python3.11/site-packages/torch/lib/libtorch_cpu.so)
frame #5: <unknown function> + 0xe486ef (0x14ee980c96ef in /opt/conda/lib/python3.11/site-packages/torch/lib/libtorch_python.so)
frame #6: <unknown function> + 0x51a017 (0x14ee9779b017 in /opt/conda/lib/python3.11/site-packages/torch/lib/libtorch_python.so)
frame #7: <unknown function> + 0x1f9276 (0x5596ebd77276 in /opt/conda/bin/python3.11)
frame #8: _PyObject_MakeTpCall + 0x29b (0x5596ebd5475b in /opt/conda/bin/python3.11)
frame #9: <unknown function> + 0x227206 (0x5596ebda5206 in /opt/conda/bin/python3.11)
frame #10: _PyObject_Call + 0x12b (0x5596ebd90b7b in /opt/conda/bin/python3.11)
frame #11: <unknown function> + 0x2101c4 (0x5596ebd8e1c4 in /opt/conda/bin/python3.11)
frame #12: <unknown function> + 0x1d6a11 (0x5596ebd54a11 in /opt/conda/bin/python3.11)
frame #13: <unknown function> + 0x51880b (0x14ee9779980b in /opt/conda/lib/python3.11/site-packages/torch/lib/libtorch_python.so)
frame #14: _PyObject_MakeTpCall + 0x29b (0x5596ebd5475b in /opt/conda/bin/python3.11)
frame #15: _PyEval_EvalFrameDefault + 0x70a (0x5596ebd61dda in /opt/conda/bin/python3.11)
frame #16: _PyFunction_Vectorcall + 0x17f (0x5596ebd86b4f in /opt/conda/bin/python3.11)
frame #17: _PyEval_EvalFrameDefault + 0x4ae4 (0x5596ebd661b4 in /opt/conda/bin/python3.11)
frame #18: _PyFunction_Vectorcall + 0x17f (0x5596ebd86b4f in /opt/conda/bin/python3.11)
frame #19: _PyEval_EvalFrameDefault + 0x4ae4 (0x5596ebd661b4 in /opt/conda/bin/python3.11)
frame #20: _PyFunction_Vectorcall + 0x17f (0x5596ebd86b4f in /opt/conda/bin/python3.11)
frame #21: _PyEval_EvalFrameDefault + 0x4ae4 (0x5596ebd661b4 in /opt/conda/bin/python3.11)
frame #22: _PyFunction_Vectorcall + 0x17f (0x5596ebd86b4f in /opt/conda/bin/python3.11)
frame #23: _PyObject_FastCallDictTstate + 0x63 (0x5596ebd59353 in /opt/conda/bin/python3.11)
frame #24: _PyObject_Call_Prepend + 0x69 (0x5596ebd8e479 in /opt/conda/bin/python3.11)
frame #25: <unknown function> + 0x2df709 (0x5596ebe5d709 in /opt/conda/bin/python3.11)
frame #26: PyObject_Call + 0xbe (0x5596ebd9088e in /opt/conda/bin/python3.11)
frame #27: _PyEval_EvalFrameDefault + 0x4ae4 (0x5596ebd661b4 in /opt/conda/bin/python3.11)
frame #28: _PyFunction_Vectorcall + 0x17f (0x5596ebd86b4f in /opt/conda/bin/python3.11)
frame #29: _PyEval_EvalFrameDefault + 0x4ae4 (0x5596ebd661b4 in /opt/conda/bin/python3.11)
frame #30: <unknown function> + 0x29b01d (0x5596ebe1901d in /opt/conda/bin/python3.11)
frame #31: PyEval_EvalCode + 0x9f (0x5596ebe1875f in /opt/conda/bin/python3.11)
frame #32: <unknown function> + 0x2b86ca (0x5596ebe366ca in /opt/conda/bin/python3.11)
frame #33: <unknown function> + 0x2b4353 (0x5596ebe32353 in /opt/conda/bin/python3.11)
frame #34: <unknown function> + 0x2c98f0 (0x5596ebe478f0 in /opt/conda/bin/python3.11)
frame #35: _PyRun_SimpleFileObject + 0x1bc (0x5596ebe4727c in /opt/conda/bin/python3.11)
frame #36: _PyRun_AnyFileObject + 0x44 (0x5596ebe47014 in /opt/conda/bin/python3.11)
frame #37: Py_RunMain + 0x383 (0x5596ebe415e3 in /opt/conda/bin/python3.11)
frame #38: Py_BytesMain + 0x37 (0x5596ebe089d7 in /opt/conda/bin/python3.11)
frame #39: <unknown function> + 0x29d90 (0x14eea0c18d90 in /lib/x86_64-linux-gnu/libc.so.6)
frame #40: __libc_start_main + 0x80 (0x14eea0c18e40 in /lib/x86_64-linux-gnu/libc.so.6)
frame #41: <unknown function> + 0x28a88a (0x5596ebe0888a in /opt/conda/bin/python3.11)

[W1126 19:27:33.296133466 socket.cpp:759] [c10d] The client socket cannot be initialized to connect to [jwb0006.juwels]:30805 (errno: 97 - Address family not supported by protocol).
[W1126 19:27:33.297029756 socket.cpp:759] [c10d] The client socket has failed to connect to jwb0006.juwels:30805 (errno: 113 - No route to host).
[E1126 19:27:33.297043246 socket.cpp:813] [c10d] The client socket has failed to connect to any network address of (10.11.241.16, 30805).
[W1126 19:27:33.297134737 TCPStore.cpp:330] [c10d] TCP client failed to connect/validate to host 10.11.241.16:30805 - retrying (try=3, timeout=900000ms, delay=1912ms): The client socket has failed to connect to any network address of (10.11.241.16, 30805). The client socket has failed to connect to jwb0006.juwels:30805 (errno: 113 - No route to host).
Exception raised from run at /pytorch/torch/csrc/distributed/c10d/socket.cpp:815 (most recent call first):
frame #0: c10::Error::Error(c10::SourceLocation, std::string) + 0x96 (0x150873d6c1b6 in /opt/conda/lib/python3.11/site-packages/torch/lib/libc10.so)
frame #1: <unknown function> + 0x16155eb (0x1508579da5eb in /opt/conda/lib/python3.11/site-packages/torch/lib/libtorch_cpu.so)
frame #2: <unknown function> + 0x63507f4 (0x15085c7157f4 in /opt/conda/lib/python3.11/site-packages/torch/lib/libtorch_cpu.so)
frame #3: <unknown function> + 0x630d216 (0x15085c6d2216 in /opt/conda/lib/python3.11/site-packages/torch/lib/libtorch_cpu.so)
frame #4: c10d::TCPStore::TCPStore(std::string, c10d::TCPStoreOptions const&) + 0x20c (0x15085c6d514c in /opt/conda/lib/python3.11/site-packages/torch/lib/libtorch_cpu.so)
frame #5: <unknown function> + 0xe486ef (0x15086c2c96ef in /opt/conda/lib/python3.11/site-packages/torch/lib/libtorch_python.so)
frame #6: <unknown function> + 0x51a017 (0x15086b99b017 in /opt/conda/lib/python3.11/site-packages/torch/lib/libtorch_python.so)
frame #7: <unknown function> + 0x1f9276 (0x561064099276 in /opt/conda/bin/python3.11)
frame #8: _PyObject_MakeTpCall + 0x29b (0x56106407675b in /opt/conda/bin/python3.11)
frame #9: <unknown function> + 0x227206 (0x5610640c7206 in /opt/conda/bin/python3.11)
frame #10: _PyObject_Call + 0x12b (0x5610640b2b7b in /opt/conda/bin/python3.11)
frame #11: <unknown function> + 0x2101c4 (0x5610640b01c4 in /opt/conda/bin/python3.11)
frame #12: <unknown function> + 0x1d6a11 (0x561064076a11 in /opt/conda/bin/python3.11)
frame #13: <unknown function> + 0x51880b (0x15086b99980b in /opt/conda/lib/python3.11/site-packages/torch/lib/libtorch_python.so)
frame #14: _PyObject_MakeTpCall + 0x29b (0x56106407675b in /opt/conda/bin/python3.11)
frame #15: _PyEval_EvalFrameDefault + 0x70a (0x561064083dda in /opt/conda/bin/python3.11)
frame #16: _PyFunction_Vectorcall + 0x17f (0x5610640a8b4f in /opt/conda/bin/python3.11)
frame #17: _PyEval_EvalFrameDefault + 0x4ae4 (0x5610640881b4 in /opt/conda/bin/python3.11)
frame #18: _PyFunction_Vectorcall + 0x17f (0x5610640a8b4f in /opt/conda/bin/python3.11)
frame #19: _PyEval_EvalFrameDefault + 0x4ae4 (0x5610640881b4 in /opt/conda/bin/python3.11)
frame #20: _PyFunction_Vectorcall + 0x17f (0x5610640a8b4f in /opt/conda/bin/python3.11)
frame #21: _PyEval_EvalFrameDefault + 0x4ae4 (0x5610640881b4 in /opt/conda/bin/python3.11)
frame #22: _PyFunction_Vectorcall + 0x17f (0x5610640a8b4f in /opt/conda/bin/python3.11)
frame #23: _PyObject_FastCallDictTstate + 0x63 (0x56106407b353 in /opt/conda/bin/python3.11)
frame #24: _PyObject_Call_Prepend + 0x69 (0x5610640b0479 in /opt/conda/bin/python3.11)
frame #25: <unknown function> + 0x2df709 (0x56106417f709 in /opt/conda/bin/python3.11)
frame #26: PyObject_Call + 0xbe (0x5610640b288e in /opt/conda/bin/python3.11)
frame #27: _PyEval_EvalFrameDefault + 0x4ae4 (0x5610640881b4 in /opt/conda/bin/python3.11)
frame #28: _PyFunction_Vectorcall + 0x17f (0x5610640a8b4f in /opt/conda/bin/python3.11)
frame #29: _PyEval_EvalFrameDefault + 0x4ae4 (0x5610640881b4 in /opt/conda/bin/python3.11)
frame #30: <unknown function> + 0x29b01d (0x56106413b01d in /opt/conda/bin/python3.11)
frame #31: PyEval_EvalCode + 0x9f (0x56106413a75f in /opt/conda/bin/python3.11)
frame #32: <unknown function> + 0x2b86ca (0x5610641586ca in /opt/conda/bin/python3.11)
frame #33: <unknown function> + 0x2b4353 (0x561064154353 in /opt/conda/bin/python3.11)
frame #34: <unknown function> + 0x2c98f0 (0x5610641698f0 in /opt/conda/bin/python3.11)
frame #35: _PyRun_SimpleFileObject + 0x1bc (0x56106416927c in /opt/conda/bin/python3.11)
frame #36: _PyRun_AnyFileObject + 0x44 (0x561064169014 in /opt/conda/bin/python3.11)
frame #37: Py_RunMain + 0x383 (0x5610641635e3 in /opt/conda/bin/python3.11)
frame #38: Py_BytesMain + 0x37 (0x56106412a9d7 in /opt/conda/bin/python3.11)
frame #39: <unknown function> + 0x29d90 (0x150874d40d90 in /lib/x86_64-linux-gnu/libc.so.6)
frame #40: __libc_start_main + 0x80 (0x150874d40e40 in /lib/x86_64-linux-gnu/libc.so.6)
frame #41: <unknown function> + 0x28a88a (0x56106412a88a in /opt/conda/bin/python3.11)

[W1126 19:27:33.639333036 socket.cpp:759] [c10d] The client socket cannot be initialized to connect to [jwb0006.juwels]:30805 (errno: 97 - Address family not supported by protocol).
[W1126 19:27:33.640657707 socket.cpp:759] [c10d] The client socket has failed to connect to jwb0006.juwels:30805 (errno: 113 - No route to host).
[E1126 19:27:33.640665767 socket.cpp:813] [c10d] The client socket has failed to connect to any network address of (10.11.241.16, 30805).
[W1126 19:27:33.640711578 TCPStore.cpp:330] [c10d] TCP client failed to connect/validate to host 10.11.241.16:30805 - retrying (try=3, timeout=900000ms, delay=2474ms): The client socket has failed to connect to any network address of (10.11.241.16, 30805). The client socket has failed to connect to jwb0006.juwels:30805 (errno: 113 - No route to host).
Exception raised from run at /pytorch/torch/csrc/distributed/c10d/socket.cpp:815 (most recent call first):
frame #0: c10::Error::Error(c10::SourceLocation, std::string) + 0x96 (0x148707b6c1b6 in /opt/conda/lib/python3.11/site-packages/torch/lib/libc10.so)
frame #1: <unknown function> + 0x16155eb (0x1486eb7da5eb in /opt/conda/lib/python3.11/site-packages/torch/lib/libtorch_cpu.so)
frame #2: <unknown function> + 0x63507f4 (0x1486f05157f4 in /opt/conda/lib/python3.11/site-packages/torch/lib/libtorch_cpu.so)
frame #3: <unknown function> + 0x630d216 (0x1486f04d2216 in /opt/conda/lib/python3.11/site-packages/torch/lib/libtorch_cpu.so)
frame #4: c10d::TCPStore::TCPStore(std::string, c10d::TCPStoreOptions const&) + 0x20c (0x1486f04d514c in /opt/conda/lib/python3.11/site-packages/torch/lib/libtorch_cpu.so)
frame #5: <unknown function> + 0xe486ef (0x1487000c96ef in /opt/conda/lib/python3.11/site-packages/torch/lib/libtorch_python.so)
frame #6: <unknown function> + 0x51a017 (0x1486ff79b017 in /opt/conda/lib/python3.11/site-packages/torch/lib/libtorch_python.so)
frame #7: <unknown function> + 0x1f9276 (0x5605059c0276 in /opt/conda/bin/python3.11)
frame #8: _PyObject_MakeTpCall + 0x29b (0x56050599d75b in /opt/conda/bin/python3.11)
frame #9: <unknown function> + 0x227206 (0x5605059ee206 in /opt/conda/bin/python3.11)
frame #10: _PyObject_Call + 0x12b (0x5605059d9b7b in /opt/conda/bin/python3.11)
frame #11: <unknown function> + 0x2101c4 (0x5605059d71c4 in /opt/conda/bin/python3.11)
frame #12: <unknown function> + 0x1d6a11 (0x56050599da11 in /opt/conda/bin/python3.11)
frame #13: <unknown function> + 0x51880b (0x1486ff79980b in /opt/conda/lib/python3.11/site-packages/torch/lib/libtorch_python.so)
frame #14: _PyObject_MakeTpCall + 0x29b (0x56050599d75b in /opt/conda/bin/python3.11)
frame #15: _PyEval_EvalFrameDefault + 0x70a (0x5605059aadda in /opt/conda/bin/python3.11)
frame #16: _PyFunction_Vectorcall + 0x17f (0x5605059cfb4f in /opt/conda/bin/python3.11)
frame #17: _PyEval_EvalFrameDefault + 0x4ae4 (0x5605059af1b4 in /opt/conda/bin/python3.11)
frame #18: _PyFunction_Vectorcall + 0x17f (0x5605059cfb4f in /opt/conda/bin/python3.11)
frame #19: _PyEval_EvalFrameDefault + 0x4ae4 (0x5605059af1b4 in /opt/conda/bin/python3.11)
frame #20: _PyFunction_Vectorcall + 0x17f (0x5605059cfb4f in /opt/conda/bin/python3.11)
frame #21: _PyEval_EvalFrameDefault + 0x4ae4 (0x5605059af1b4 in /opt/conda/bin/python3.11)
frame #22: _PyFunction_Vectorcall + 0x17f (0x5605059cfb4f in /opt/conda/bin/python3.11)
frame #23: _PyObject_FastCallDictTstate + 0x63 (0x5605059a2353 in /opt/conda/bin/python3.11)
frame #24: _PyObject_Call_Prepend + 0x69 (0x5605059d7479 in /opt/conda/bin/python3.11)
frame #25: <unknown function> + 0x2df709 (0x560505aa6709 in /opt/conda/bin/python3.11)
frame #26: PyObject_Call + 0xbe (0x5605059d988e in /opt/conda/bin/python3.11)
frame #27: _PyEval_EvalFrameDefault + 0x4ae4 (0x5605059af1b4 in /opt/conda/bin/python3.11)
frame #28: _PyFunction_Vectorcall + 0x17f (0x5605059cfb4f in /opt/conda/bin/python3.11)
frame #29: _PyEval_EvalFrameDefault + 0x4ae4 (0x5605059af1b4 in /opt/conda/bin/python3.11)
frame #30: <unknown function> + 0x29b01d (0x560505a6201d in /opt/conda/bin/python3.11)
frame #31: PyEval_EvalCode + 0x9f (0x560505a6175f in /opt/conda/bin/python3.11)
frame #32: <unknown function> + 0x2b86ca (0x560505a7f6ca in /opt/conda/bin/python3.11)
frame #33: <unknown function> + 0x2b4353 (0x560505a7b353 in /opt/conda/bin/python3.11)
frame #34: <unknown function> + 0x2c98f0 (0x560505a908f0 in /opt/conda/bin/python3.11)
frame #35: _PyRun_SimpleFileObject + 0x1bc (0x560505a9027c in /opt/conda/bin/python3.11)
frame #36: _PyRun_AnyFileObject + 0x44 (0x560505a90014 in /opt/conda/bin/python3.11)
frame #37: Py_RunMain + 0x383 (0x560505a8a5e3 in /opt/conda/bin/python3.11)
frame #38: Py_BytesMain + 0x37 (0x560505a519d7 in /opt/conda/bin/python3.11)
frame #39: <unknown function> + 0x29d90 (0x148708b78d90 in /lib/x86_64-linux-gnu/libc.so.6)
frame #40: __libc_start_main + 0x80 (0x148708b78e40 in /lib/x86_64-linux-gnu/libc.so.6)
frame #41: <unknown function> + 0x28a88a (0x560505a5188a in /opt/conda/bin/python3.11)

[W1126 19:27:33.655328205 socket.cpp:759] [c10d] The client socket cannot be initialized to connect to [jwb0006.juwels]:30805 (errno: 97 - Address family not supported by protocol).
[W1126 19:27:33.656234239 socket.cpp:759] [c10d] The client socket has failed to connect to jwb0006.juwels:30805 (errno: 113 - No route to host).
[E1126 19:27:33.656243479 socket.cpp:813] [c10d] The client socket has failed to connect to any network address of (10.11.241.16, 30805).
[W1126 19:27:33.656292729 TCPStore.cpp:330] [c10d] TCP client failed to connect/validate to host 10.11.241.16:30805 - retrying (try=4, timeout=900000ms, delay=3286ms): The client socket has failed to connect to any network address of (10.11.241.16, 30805). The client socket has failed to connect to jwb0006.juwels:30805 (errno: 113 - No route to host).
Exception raised from run at /pytorch/torch/csrc/distributed/c10d/socket.cpp:815 (most recent call first):
frame #0: c10::Error::Error(c10::SourceLocation, std::string) + 0x96 (0x1536b956c1b6 in /opt/conda/lib/python3.11/site-packages/torch/lib/libc10.so)
frame #1: <unknown function> + 0x16155eb (0x15369cdda5eb in /opt/conda/lib/python3.11/site-packages/torch/lib/libtorch_cpu.so)
frame #2: <unknown function> + 0x63507f4 (0x1536a1b157f4 in /opt/conda/lib/python3.11/site-packages/torch/lib/libtorch_cpu.so)
frame #3: <unknown function> + 0x630d216 (0x1536a1ad2216 in /opt/conda/lib/python3.11/site-packages/torch/lib/libtorch_cpu.so)
frame #4: c10d::TCPStore::TCPStore(std::string, c10d::TCPStoreOptions const&) + 0x20c (0x1536a1ad514c in /opt/conda/lib/python3.11/site-packages/torch/lib/libtorch_cpu.so)
frame #5: <unknown function> + 0xe486ef (0x1536b16c96ef in /opt/conda/lib/python3.11/site-packages/torch/lib/libtorch_python.so)
frame #6: <unknown function> + 0x51a017 (0x1536b0d9b017 in /opt/conda/lib/python3.11/site-packages/torch/lib/libtorch_python.so)
frame #7: <unknown function> + 0x1f9276 (0x555fd5327276 in /opt/conda/bin/python3.11)
frame #8: _PyObject_MakeTpCall + 0x29b (0x555fd530475b in /opt/conda/bin/python3.11)
frame #9: <unknown function> + 0x227206 (0x555fd5355206 in /opt/conda/bin/python3.11)
frame #10: _PyObject_Call + 0x12b (0x555fd5340b7b in /opt/conda/bin/python3.11)
frame #11: <unknown function> + 0x2101c4 (0x555fd533e1c4 in /opt/conda/bin/python3.11)
frame #12: <unknown function> + 0x1d6a11 (0x555fd5304a11 in /opt/conda/bin/python3.11)
frame #13: <unknown function> + 0x51880b (0x1536b0d9980b in /opt/conda/lib/python3.11/site-packages/torch/lib/libtorch_python.so)
frame #14: _PyObject_MakeTpCall + 0x29b (0x555fd530475b in /opt/conda/bin/python3.11)
frame #15: _PyEval_EvalFrameDefault + 0x70a (0x555fd5311dda in /opt/conda/bin/python3.11)
frame #16: _PyFunction_Vectorcall + 0x17f (0x555fd5336b4f in /opt/conda/bin/python3.11)
frame #17: _PyEval_EvalFrameDefault + 0x4ae4 (0x555fd53161b4 in /opt/conda/bin/python3.11)
frame #18: _PyFunction_Vectorcall + 0x17f (0x555fd5336b4f in /opt/conda/bin/python3.11)
frame #19: _PyEval_EvalFrameDefault + 0x4ae4 (0x555fd53161b4 in /opt/conda/bin/python3.11)
frame #20: _PyFunction_Vectorcall + 0x17f (0x555fd5336b4f in /opt/conda/bin/python3.11)
frame #21: _PyEval_EvalFrameDefault + 0x4ae4 (0x555fd53161b4 in /opt/conda/bin/python3.11)
frame #22: _PyFunction_Vectorcall + 0x17f (0x555fd5336b4f in /opt/conda/bin/python3.11)
frame #23: _PyObject_FastCallDictTstate + 0x63 (0x555fd5309353 in /opt/conda/bin/python3.11)
frame #24: _PyObject_Call_Prepend + 0x69 (0x555fd533e479 in /opt/conda/bin/python3.11)
frame #25: <unknown function> + 0x2df709 (0x555fd540d709 in /opt/conda/bin/python3.11)
frame #26: PyObject_Call + 0xbe (0x555fd534088e in /opt/conda/bin/python3.11)
frame #27: _PyEval_EvalFrameDefault + 0x4ae4 (0x555fd53161b4 in /opt/conda/bin/python3.11)
frame #28: _PyFunction_Vectorcall + 0x17f (0x555fd5336b4f in /opt/conda/bin/python3.11)
frame #29: _PyEval_EvalFrameDefault + 0x4ae4 (0x555fd53161b4 in /opt/conda/bin/python3.11)
frame #30: <unknown function> + 0x29b01d (0x555fd53c901d in /opt/conda/bin/python3.11)
frame #31: PyEval_EvalCode + 0x9f (0x555fd53c875f in /opt/conda/bin/python3.11)
frame #32: <unknown function> + 0x2b86ca (0x555fd53e66ca in /opt/conda/bin/python3.11)
frame #33: <unknown function> + 0x2b4353 (0x555fd53e2353 in /opt/conda/bin/python3.11)
frame #34: <unknown function> + 0x2c98f0 (0x555fd53f78f0 in /opt/conda/bin/python3.11)
frame #35: _PyRun_SimpleFileObject + 0x1bc (0x555fd53f727c in /opt/conda/bin/python3.11)
frame #36: _PyRun_AnyFileObject + 0x44 (0x555fd53f7014 in /opt/conda/bin/python3.11)
frame #37: Py_RunMain + 0x383 (0x555fd53f15e3 in /opt/conda/bin/python3.11)
frame #38: Py_BytesMain + 0x37 (0x555fd53b89d7 in /opt/conda/bin/python3.11)
frame #39: <unknown function> + 0x29d90 (0x1536ba2a5d90 in /lib/x86_64-linux-gnu/libc.so.6)
frame #40: __libc_start_main + 0x80 (0x1536ba2a5e40 in /lib/x86_64-linux-gnu/libc.so.6)
frame #41: <unknown function> + 0x28a88a (0x555fd53b888a in /opt/conda/bin/python3.11)

[W1126 19:27:33.146896986 socket.cpp:759] [c10d] The client socket cannot be initialized to connect to [jwb0006.juwels]:30805 (errno: 97 - Address family not supported by protocol).
[W1126 19:27:33.147872830 socket.cpp:759] [c10d] The client socket has failed to connect to jwb0006.juwels:30805 (errno: 113 - No route to host).
[E1126 19:27:33.147880370 socket.cpp:813] [c10d] The client socket has failed to connect to any network address of (10.11.241.16, 30805).
[W1126 19:27:33.147926691 TCPStore.cpp:330] [c10d] TCP client failed to connect/validate to host 10.11.241.16:30805 - retrying (try=4, timeout=900000ms, delay=2841ms): The client socket has failed to connect to any network address of (10.11.241.16, 30805). The client socket has failed to connect to jwb0006.juwels:30805 (errno: 113 - No route to host).
Exception raised from run at /pytorch/torch/csrc/distributed/c10d/socket.cpp:815 (most recent call first):
frame #0: c10::Error::Error(c10::SourceLocation, std::string) + 0x96 (0x14ee9ff6c1b6 in /opt/conda/lib/python3.11/site-packages/torch/lib/libc10.so)
frame #1: <unknown function> + 0x16155eb (0x14ee837da5eb in /opt/conda/lib/python3.11/site-packages/torch/lib/libtorch_cpu.so)
frame #2: <unknown function> + 0x63507f4 (0x14ee885157f4 in /opt/conda/lib/python3.11/site-packages/torch/lib/libtorch_cpu.so)
frame #3: <unknown function> + 0x630d216 (0x14ee884d2216 in /opt/conda/lib/python3.11/site-packages/torch/lib/libtorch_cpu.so)
frame #4: c10d::TCPStore::TCPStore(std::string, c10d::TCPStoreOptions const&) + 0x20c (0x14ee884d514c in /opt/conda/lib/python3.11/site-packages/torch/lib/libtorch_cpu.so)
frame #5: <unknown function> + 0xe486ef (0x14ee980c96ef in /opt/conda/lib/python3.11/site-packages/torch/lib/libtorch_python.so)
frame #6: <unknown function> + 0x51a017 (0x14ee9779b017 in /opt/conda/lib/python3.11/site-packages/torch/lib/libtorch_python.so)
frame #7: <unknown function> + 0x1f9276 (0x5596ebd77276 in /opt/conda/bin/python3.11)
frame #8: _PyObject_MakeTpCall + 0x29b (0x5596ebd5475b in /opt/conda/bin/python3.11)
frame #9: <unknown function> + 0x227206 (0x5596ebda5206 in /opt/conda/bin/python3.11)
frame #10: _PyObject_Call + 0x12b (0x5596ebd90b7b in /opt/conda/bin/python3.11)
frame #11: <unknown function> + 0x2101c4 (0x5596ebd8e1c4 in /opt/conda/bin/python3.11)
frame #12: <unknown function> + 0x1d6a11 (0x5596ebd54a11 in /opt/conda/bin/python3.11)
frame #13: <unknown function> + 0x51880b (0x14ee9779980b in /opt/conda/lib/python3.11/site-packages/torch/lib/libtorch_python.so)
frame #14: _PyObject_MakeTpCall + 0x29b (0x5596ebd5475b in /opt/conda/bin/python3.11)
frame #15: _PyEval_EvalFrameDefault + 0x70a (0x5596ebd61dda in /opt/conda/bin/python3.11)
frame #16: _PyFunction_Vectorcall + 0x17f (0x5596ebd86b4f in /opt/conda/bin/python3.11)
frame #17: _PyEval_EvalFrameDefault + 0x4ae4 (0x5596ebd661b4 in /opt/conda/bin/python3.11)
frame #18: _PyFunction_Vectorcall + 0x17f (0x5596ebd86b4f in /opt/conda/bin/python3.11)
frame #19: _PyEval_EvalFrameDefault + 0x4ae4 (0x5596ebd661b4 in /opt/conda/bin/python3.11)
frame #20: _PyFunction_Vectorcall + 0x17f (0x5596ebd86b4f in /opt/conda/bin/python3.11)
frame #21: _PyEval_EvalFrameDefault + 0x4ae4 (0x5596ebd661b4 in /opt/conda/bin/python3.11)
frame #22: _PyFunction_Vectorcall + 0x17f (0x5596ebd86b4f in /opt/conda/bin/python3.11)
frame #23: _PyObject_FastCallDictTstate + 0x63 (0x5596ebd59353 in /opt/conda/bin/python3.11)
frame #24: _PyObject_Call_Prepend + 0x69 (0x5596ebd8e479 in /opt/conda/bin/python3.11)
frame #25: <unknown function> + 0x2df709 (0x5596ebe5d709 in /opt/conda/bin/python3.11)
frame #26: PyObject_Call + 0xbe (0x5596ebd9088e in /opt/conda/bin/python3.11)
frame #27: _PyEval_EvalFrameDefault + 0x4ae4 (0x5596ebd661b4 in /opt/conda/bin/python3.11)
frame #28: _PyFunction_Vectorcall + 0x17f (0x5596ebd86b4f in /opt/conda/bin/python3.11)
frame #29: _PyEval_EvalFrameDefault + 0x4ae4 (0x5596ebd661b4 in /opt/conda/bin/python3.11)
frame #30: <unknown function> + 0x29b01d (0x5596ebe1901d in /opt/conda/bin/python3.11)
frame #31: PyEval_EvalCode + 0x9f (0x5596ebe1875f in /opt/conda/bin/python3.11)
frame #32: <unknown function> + 0x2b86ca (0x5596ebe366ca in /opt/conda/bin/python3.11)
frame #33: <unknown function> + 0x2b4353 (0x5596ebe32353 in /opt/conda/bin/python3.11)
frame #34: <unknown function> + 0x2c98f0 (0x5596ebe478f0 in /opt/conda/bin/python3.11)
frame #35: _PyRun_SimpleFileObject + 0x1bc (0x5596ebe4727c in /opt/conda/bin/python3.11)
frame #36: _PyRun_AnyFileObject + 0x44 (0x5596ebe47014 in /opt/conda/bin/python3.11)
frame #37: Py_RunMain + 0x383 (0x5596ebe415e3 in /opt/conda/bin/python3.11)
frame #38: Py_BytesMain + 0x37 (0x5596ebe089d7 in /opt/conda/bin/python3.11)
frame #39: <unknown function> + 0x29d90 (0x14eea0c18d90 in /lib/x86_64-linux-gnu/libc.so.6)
frame #40: __libc_start_main + 0x80 (0x14eea0c18e40 in /lib/x86_64-linux-gnu/libc.so.6)
frame #41: <unknown function> + 0x28a88a (0x5596ebe0888a in /opt/conda/bin/python3.11)

[W1126 19:27:34.215271465 socket.cpp:759] [c10d] The client socket cannot be initialized to connect to [jwb0006.juwels]:30805 (errno: 97 - Address family not supported by protocol).
[W1126 19:27:34.216511449 socket.cpp:759] [c10d] The client socket has failed to connect to jwb0006.juwels:30805 (errno: 113 - No route to host).
[E1126 19:27:34.216520589 socket.cpp:813] [c10d] The client socket has failed to connect to any network address of (10.11.241.16, 30805).
[W1126 19:27:34.216578480 TCPStore.cpp:330] [c10d] TCP client failed to connect/validate to host 10.11.241.16:30805 - retrying (try=4, timeout=900000ms, delay=1952ms): The client socket has failed to connect to any network address of (10.11.241.16, 30805). The client socket has failed to connect to jwb0006.juwels:30805 (errno: 113 - No route to host).
Exception raised from run at /pytorch/torch/csrc/distributed/c10d/socket.cpp:815 (most recent call first):
frame #0: c10::Error::Error(c10::SourceLocation, std::string) + 0x96 (0x150873d6c1b6 in /opt/conda/lib/python3.11/site-packages/torch/lib/libc10.so)
frame #1: <unknown function> + 0x16155eb (0x1508579da5eb in /opt/conda/lib/python3.11/site-packages/torch/lib/libtorch_cpu.so)
frame #2: <unknown function> + 0x63507f4 (0x15085c7157f4 in /opt/conda/lib/python3.11/site-packages/torch/lib/libtorch_cpu.so)
frame #3: <unknown function> + 0x630d216 (0x15085c6d2216 in /opt/conda/lib/python3.11/site-packages/torch/lib/libtorch_cpu.so)
frame #4: c10d::TCPStore::TCPStore(std::string, c10d::TCPStoreOptions const&) + 0x20c (0x15085c6d514c in /opt/conda/lib/python3.11/site-packages/torch/lib/libtorch_cpu.so)
frame #5: <unknown function> + 0xe486ef (0x15086c2c96ef in /opt/conda/lib/python3.11/site-packages/torch/lib/libtorch_python.so)
frame #6: <unknown function> + 0x51a017 (0x15086b99b017 in /opt/conda/lib/python3.11/site-packages/torch/lib/libtorch_python.so)
frame #7: <unknown function> + 0x1f9276 (0x561064099276 in /opt/conda/bin/python3.11)
frame #8: _PyObject_MakeTpCall + 0x29b (0x56106407675b in /opt/conda/bin/python3.11)
frame #9: <unknown function> + 0x227206 (0x5610640c7206 in /opt/conda/bin/python3.11)
frame #10: _PyObject_Call + 0x12b (0x5610640b2b7b in /opt/conda/bin/python3.11)
frame #11: <unknown function> + 0x2101c4 (0x5610640b01c4 in /opt/conda/bin/python3.11)
frame #12: <unknown function> + 0x1d6a11 (0x561064076a11 in /opt/conda/bin/python3.11)
frame #13: <unknown function> + 0x51880b (0x15086b99980b in /opt/conda/lib/python3.11/site-packages/torch/lib/libtorch_python.so)
frame #14: _PyObject_MakeTpCall + 0x29b (0x56106407675b in /opt/conda/bin/python3.11)
frame #15: _PyEval_EvalFrameDefault + 0x70a (0x561064083dda in /opt/conda/bin/python3.11)
frame #16: _PyFunction_Vectorcall + 0x17f (0x5610640a8b4f in /opt/conda/bin/python3.11)
frame #17: _PyEval_EvalFrameDefault + 0x4ae4 (0x5610640881b4 in /opt/conda/bin/python3.11)
frame #18: _PyFunction_Vectorcall + 0x17f (0x5610640a8b4f in /opt/conda/bin/python3.11)
frame #19: _PyEval_EvalFrameDefault + 0x4ae4 (0x5610640881b4 in /opt/conda/bin/python3.11)
frame #20: _PyFunction_Vectorcall + 0x17f (0x5610640a8b4f in /opt/conda/bin/python3.11)
frame #21: _PyEval_EvalFrameDefault + 0x4ae4 (0x5610640881b4 in /opt/conda/bin/python3.11)
frame #22: _PyFunction_Vectorcall + 0x17f (0x5610640a8b4f in /opt/conda/bin/python3.11)
frame #23: _PyObject_FastCallDictTstate + 0x63 (0x56106407b353 in /opt/conda/bin/python3.11)
frame #24: _PyObject_Call_Prepend + 0x69 (0x5610640b0479 in /opt/conda/bin/python3.11)
frame #25: <unknown function> + 0x2df709 (0x56106417f709 in /opt/conda/bin/python3.11)
frame #26: PyObject_Call + 0xbe (0x5610640b288e in /opt/conda/bin/python3.11)
frame #27: _PyEval_EvalFrameDefault + 0x4ae4 (0x5610640881b4 in /opt/conda/bin/python3.11)
frame #28: _PyFunction_Vectorcall + 0x17f (0x5610640a8b4f in /opt/conda/bin/python3.11)
frame #29: _PyEval_EvalFrameDefault + 0x4ae4 (0x5610640881b4 in /opt/conda/bin/python3.11)
frame #30: <unknown function> + 0x29b01d (0x56106413b01d in /opt/conda/bin/python3.11)
frame #31: PyEval_EvalCode + 0x9f (0x56106413a75f in /opt/conda/bin/python3.11)
frame #32: <unknown function> + 0x2b86ca (0x5610641586ca in /opt/conda/bin/python3.11)
frame #33: <unknown function> + 0x2b4353 (0x561064154353 in /opt/conda/bin/python3.11)
frame #34: <unknown function> + 0x2c98f0 (0x5610641698f0 in /opt/conda/bin/python3.11)
frame #35: _PyRun_SimpleFileObject + 0x1bc (0x56106416927c in /opt/conda/bin/python3.11)
frame #36: _PyRun_AnyFileObject + 0x44 (0x561064169014 in /opt/conda/bin/python3.11)
frame #37: Py_RunMain + 0x383 (0x5610641635e3 in /opt/conda/bin/python3.11)
frame #38: Py_BytesMain + 0x37 (0x56106412a9d7 in /opt/conda/bin/python3.11)
frame #39: <unknown function> + 0x29d90 (0x150874d40d90 in /lib/x86_64-linux-gnu/libc.so.6)
frame #40: __libc_start_main + 0x80 (0x150874d40e40 in /lib/x86_64-linux-gnu/libc.so.6)
frame #41: <unknown function> + 0x28a88a (0x56106412a88a in /opt/conda/bin/python3.11)

[W1126 19:27:35.121302063 socket.cpp:759] [c10d] The client socket cannot be initialized to connect to [jwb0006.juwels]:30805 (errno: 97 - Address family not supported by protocol).
[W1126 19:27:35.122075990 socket.cpp:759] [c10d] The client socket has failed to connect to jwb0006.juwels:30805 (errno: 113 - No route to host).
[E1126 19:27:35.122084250 socket.cpp:813] [c10d] The client socket has failed to connect to any network address of (10.11.241.16, 30805).
[W1126 19:27:35.122130060 TCPStore.cpp:330] [c10d] TCP client failed to connect/validate to host 10.11.241.16:30805 - retrying (try=4, timeout=900000ms, delay=1921ms): The client socket has failed to connect to any network address of (10.11.241.16, 30805). The client socket has failed to connect to jwb0006.juwels:30805 (errno: 113 - No route to host).
Exception raised from run at /pytorch/torch/csrc/distributed/c10d/socket.cpp:815 (most recent call first):
frame #0: c10::Error::Error(c10::SourceLocation, std::string) + 0x96 (0x148707b6c1b6 in /opt/conda/lib/python3.11/site-packages/torch/lib/libc10.so)
frame #1: <unknown function> + 0x16155eb (0x1486eb7da5eb in /opt/conda/lib/python3.11/site-packages/torch/lib/libtorch_cpu.so)
frame #2: <unknown function> + 0x63507f4 (0x1486f05157f4 in /opt/conda/lib/python3.11/site-packages/torch/lib/libtorch_cpu.so)
frame #3: <unknown function> + 0x630d216 (0x1486f04d2216 in /opt/conda/lib/python3.11/site-packages/torch/lib/libtorch_cpu.so)
frame #4: c10d::TCPStore::TCPStore(std::string, c10d::TCPStoreOptions const&) + 0x20c (0x1486f04d514c in /opt/conda/lib/python3.11/site-packages/torch/lib/libtorch_cpu.so)
frame #5: <unknown function> + 0xe486ef (0x1487000c96ef in /opt/conda/lib/python3.11/site-packages/torch/lib/libtorch_python.so)
frame #6: <unknown function> + 0x51a017 (0x1486ff79b017 in /opt/conda/lib/python3.11/site-packages/torch/lib/libtorch_python.so)
frame #7: <unknown function> + 0x1f9276 (0x5605059c0276 in /opt/conda/bin/python3.11)
frame #8: _PyObject_MakeTpCall + 0x29b (0x56050599d75b in /opt/conda/bin/python3.11)
frame #9: <unknown function> + 0x227206 (0x5605059ee206 in /opt/conda/bin/python3.11)
frame #10: _PyObject_Call + 0x12b (0x5605059d9b7b in /opt/conda/bin/python3.11)
frame #11: <unknown function> + 0x2101c4 (0x5605059d71c4 in /opt/conda/bin/python3.11)
frame #12: <unknown function> + 0x1d6a11 (0x56050599da11 in /opt/conda/bin/python3.11)
frame #13: <unknown function> + 0x51880b (0x1486ff79980b in /opt/conda/lib/python3.11/site-packages/torch/lib/libtorch_python.so)
frame #14: _PyObject_MakeTpCall + 0x29b (0x56050599d75b in /opt/conda/bin/python3.11)
frame #15: _PyEval_EvalFrameDefault + 0x70a (0x5605059aadda in /opt/conda/bin/python3.11)
frame #16: _PyFunction_Vectorcall + 0x17f (0x5605059cfb4f in /opt/conda/bin/python3.11)
frame #17: _PyEval_EvalFrameDefault + 0x4ae4 (0x5605059af1b4 in /opt/conda/bin/python3.11)
frame #18: _PyFunction_Vectorcall + 0x17f (0x5605059cfb4f in /opt/conda/bin/python3.11)
frame #19: _PyEval_EvalFrameDefault + 0x4ae4 (0x5605059af1b4 in /opt/conda/bin/python3.11)
frame #20: _PyFunction_Vectorcall + 0x17f (0x5605059cfb4f in /opt/conda/bin/python3.11)
frame #21: _PyEval_EvalFrameDefault + 0x4ae4 (0x5605059af1b4 in /opt/conda/bin/python3.11)
frame #22: _PyFunction_Vectorcall + 0x17f (0x5605059cfb4f in /opt/conda/bin/python3.11)
frame #23: _PyObject_FastCallDictTstate + 0x63 (0x5605059a2353 in /opt/conda/bin/python3.11)
frame #24: _PyObject_Call_Prepend + 0x69 (0x5605059d7479 in /opt/conda/bin/python3.11)
frame #25: <unknown function> + 0x2df709 (0x560505aa6709 in /opt/conda/bin/python3.11)
frame #26: PyObject_Call + 0xbe (0x5605059d988e in /opt/conda/bin/python3.11)
frame #27: _PyEval_EvalFrameDefault + 0x4ae4 (0x5605059af1b4 in /opt/conda/bin/python3.11)
frame #28: _PyFunction_Vectorcall + 0x17f (0x5605059cfb4f in /opt/conda/bin/python3.11)
frame #29: _PyEval_EvalFrameDefault + 0x4ae4 (0x5605059af1b4 in /opt/conda/bin/python3.11)
frame #30: <unknown function> + 0x29b01d (0x560505a6201d in /opt/conda/bin/python3.11)
frame #31: PyEval_EvalCode + 0x9f (0x560505a6175f in /opt/conda/bin/python3.11)
frame #32: <unknown function> + 0x2b86ca (0x560505a7f6ca in /opt/conda/bin/python3.11)
frame #33: <unknown function> + 0x2b4353 (0x560505a7b353 in /opt/conda/bin/python3.11)
frame #34: <unknown function> + 0x2c98f0 (0x560505a908f0 in /opt/conda/bin/python3.11)
frame #35: _PyRun_SimpleFileObject + 0x1bc (0x560505a9027c in /opt/conda/bin/python3.11)
frame #36: _PyRun_AnyFileObject + 0x44 (0x560505a90014 in /opt/conda/bin/python3.11)
frame #37: Py_RunMain + 0x383 (0x560505a8a5e3 in /opt/conda/bin/python3.11)
frame #38: Py_BytesMain + 0x37 (0x560505a519d7 in /opt/conda/bin/python3.11)
frame #39: <unknown function> + 0x29d90 (0x148708b78d90 in /lib/x86_64-linux-gnu/libc.so.6)
frame #40: __libc_start_main + 0x80 (0x148708b78e40 in /lib/x86_64-linux-gnu/libc.so.6)
frame #41: <unknown function> + 0x28a88a (0x560505a5188a in /opt/conda/bin/python3.11)

[W1126 19:27:36.948560158 socket.cpp:759] [c10d] The client socket cannot be initialized to connect to [jwb0006.juwels]:30805 (errno: 97 - Address family not supported by protocol).
[W1126 19:27:36.949933814 socket.cpp:759] [c10d] The client socket has failed to connect to jwb0006.juwels:30805 (errno: 113 - No route to host).
[E1126 19:27:36.949943324 socket.cpp:813] [c10d] The client socket has failed to connect to any network address of (10.11.241.16, 30805).
[W1126 19:27:36.949992494 TCPStore.cpp:330] [c10d] TCP client failed to connect/validate to host 10.11.241.16:30805 - retrying (try=5, timeout=900000ms, delay=4457ms): The client socket has failed to connect to any network address of (10.11.241.16, 30805). The client socket has failed to connect to jwb0006.juwels:30805 (errno: 113 - No route to host).
Exception raised from run at /pytorch/torch/csrc/distributed/c10d/socket.cpp:815 (most recent call first):
frame #0: c10::Error::Error(c10::SourceLocation, std::string) + 0x96 (0x1536b956c1b6 in /opt/conda/lib/python3.11/site-packages/torch/lib/libc10.so)
frame #1: <unknown function> + 0x16155eb (0x15369cdda5eb in /opt/conda/lib/python3.11/site-packages/torch/lib/libtorch_cpu.so)
frame #2: <unknown function> + 0x63507f4 (0x1536a1b157f4 in /opt/conda/lib/python3.11/site-packages/torch/lib/libtorch_cpu.so)
frame #3: <unknown function> + 0x630d216 (0x1536a1ad2216 in /opt/conda/lib/python3.11/site-packages/torch/lib/libtorch_cpu.so)
frame #4: c10d::TCPStore::TCPStore(std::string, c10d::TCPStoreOptions const&) + 0x20c (0x1536a1ad514c in /opt/conda/lib/python3.11/site-packages/torch/lib/libtorch_cpu.so)
frame #5: <unknown function> + 0xe486ef (0x1536b16c96ef in /opt/conda/lib/python3.11/site-packages/torch/lib/libtorch_python.so)
frame #6: <unknown function> + 0x51a017 (0x1536b0d9b017 in /opt/conda/lib/python3.11/site-packages/torch/lib/libtorch_python.so)
frame #7: <unknown function> + 0x1f9276 (0x555fd5327276 in /opt/conda/bin/python3.11)
frame #8: _PyObject_MakeTpCall + 0x29b (0x555fd530475b in /opt/conda/bin/python3.11)
frame #9: <unknown function> + 0x227206 (0x555fd5355206 in /opt/conda/bin/python3.11)
frame #10: _PyObject_Call + 0x12b (0x555fd5340b7b in /opt/conda/bin/python3.11)
frame #11: <unknown function> + 0x2101c4 (0x555fd533e1c4 in /opt/conda/bin/python3.11)
frame #12: <unknown function> + 0x1d6a11 (0x555fd5304a11 in /opt/conda/bin/python3.11)
frame #13: <unknown function> + 0x51880b (0x1536b0d9980b in /opt/conda/lib/python3.11/site-packages/torch/lib/libtorch_python.so)
frame #14: _PyObject_MakeTpCall + 0x29b (0x555fd530475b in /opt/conda/bin/python3.11)
frame #15: _PyEval_EvalFrameDefault + 0x70a (0x555fd5311dda in /opt/conda/bin/python3.11)
frame #16: _PyFunction_Vectorcall + 0x17f (0x555fd5336b4f in /opt/conda/bin/python3.11)
frame #17: _PyEval_EvalFrameDefault + 0x4ae4 (0x555fd53161b4 in /opt/conda/bin/python3.11)
frame #18: _PyFunction_Vectorcall + 0x17f (0x555fd5336b4f in /opt/conda/bin/python3.11)
frame #19: _PyEval_EvalFrameDefault + 0x4ae4 (0x555fd53161b4 in /opt/conda/bin/python3.11)
frame #20: _PyFunction_Vectorcall + 0x17f (0x555fd5336b4f in /opt/conda/bin/python3.11)
frame #21: _PyEval_EvalFrameDefault + 0x4ae4 (0x555fd53161b4 in /opt/conda/bin/python3.11)
frame #22: _PyFunction_Vectorcall + 0x17f (0x555fd5336b4f in /opt/conda/bin/python3.11)
frame #23: _PyObject_FastCallDictTstate + 0x63 (0x555fd5309353 in /opt/conda/bin/python3.11)
frame #24: _PyObject_Call_Prepend + 0x69 (0x555fd533e479 in /opt/conda/bin/python3.11)
frame #25: <unknown function> + 0x2df709 (0x555fd540d709 in /opt/conda/bin/python3.11)
frame #26: PyObject_Call + 0xbe (0x555fd534088e in /opt/conda/bin/python3.11)
frame #27: _PyEval_EvalFrameDefault + 0x4ae4 (0x555fd53161b4 in /opt/conda/bin/python3.11)
frame #28: _PyFunction_Vectorcall + 0x17f (0x555fd5336b4f in /opt/conda/bin/python3.11)
frame #29: _PyEval_EvalFrameDefault + 0x4ae4 (0x555fd53161b4 in /opt/conda/bin/python3.11)
frame #30: <unknown function> + 0x29b01d (0x555fd53c901d in /opt/conda/bin/python3.11)
frame #31: PyEval_EvalCode + 0x9f (0x555fd53c875f in /opt/conda/bin/python3.11)
frame #32: <unknown function> + 0x2b86ca (0x555fd53e66ca in /opt/conda/bin/python3.11)
frame #33: <unknown function> + 0x2b4353 (0x555fd53e2353 in /opt/conda/bin/python3.11)
frame #34: <unknown function> + 0x2c98f0 (0x555fd53f78f0 in /opt/conda/bin/python3.11)
frame #35: _PyRun_SimpleFileObject + 0x1bc (0x555fd53f727c in /opt/conda/bin/python3.11)
frame #36: _PyRun_AnyFileObject + 0x44 (0x555fd53f7014 in /opt/conda/bin/python3.11)
frame #37: Py_RunMain + 0x383 (0x555fd53f15e3 in /opt/conda/bin/python3.11)
frame #38: Py_BytesMain + 0x37 (0x555fd53b89d7 in /opt/conda/bin/python3.11)
frame #39: <unknown function> + 0x29d90 (0x1536ba2a5d90 in /lib/x86_64-linux-gnu/libc.so.6)
frame #40: __libc_start_main + 0x80 (0x1536ba2a5e40 in /lib/x86_64-linux-gnu/libc.so.6)
frame #41: <unknown function> + 0x28a88a (0x555fd53b888a in /opt/conda/bin/python3.11)

[W1126 19:27:36.995320317 socket.cpp:759] [c10d] The client socket cannot be initialized to connect to [jwb0006.juwels]:30805 (errno: 97 - Address family not supported by protocol).
[W1126 19:27:36.996125100 socket.cpp:759] [c10d] The client socket has failed to connect to jwb0006.juwels:30805 (errno: 113 - No route to host).
[E1126 19:27:36.996132780 socket.cpp:813] [c10d] The client socket has failed to connect to any network address of (10.11.241.16, 30805).
[W1126 19:27:36.996185431 TCPStore.cpp:330] [c10d] TCP client failed to connect/validate to host 10.11.241.16:30805 - retrying (try=5, timeout=900000ms, delay=4283ms): The client socket has failed to connect to any network address of (10.11.241.16, 30805). The client socket has failed to connect to jwb0006.juwels:30805 (errno: 113 - No route to host).
Exception raised from run at /pytorch/torch/csrc/distributed/c10d/socket.cpp:815 (most recent call first):
frame #0: c10::Error::Error(c10::SourceLocation, std::string) + 0x96 (0x14ee9ff6c1b6 in /opt/conda/lib/python3.11/site-packages/torch/lib/libc10.so)
frame #1: <unknown function> + 0x16155eb (0x14ee837da5eb in /opt/conda/lib/python3.11/site-packages/torch/lib/libtorch_cpu.so)
frame #2: <unknown function> + 0x63507f4 (0x14ee885157f4 in /opt/conda/lib/python3.11/site-packages/torch/lib/libtorch_cpu.so)
frame #3: <unknown function> + 0x630d216 (0x14ee884d2216 in /opt/conda/lib/python3.11/site-packages/torch/lib/libtorch_cpu.so)
frame #4: c10d::TCPStore::TCPStore(std::string, c10d::TCPStoreOptions const&) + 0x20c (0x14ee884d514c in /opt/conda/lib/python3.11/site-packages/torch/lib/libtorch_cpu.so)
frame #5: <unknown function> + 0xe486ef (0x14ee980c96ef in /opt/conda/lib/python3.11/site-packages/torch/lib/libtorch_python.so)
frame #6: <unknown function> + 0x51a017 (0x14ee9779b017 in /opt/conda/lib/python3.11/site-packages/torch/lib/libtorch_python.so)
frame #7: <unknown function> + 0x1f9276 (0x5596ebd77276 in /opt/conda/bin/python3.11)
frame #8: _PyObject_MakeTpCall + 0x29b (0x5596ebd5475b in /opt/conda/bin/python3.11)
frame #9: <unknown function> + 0x227206 (0x5596ebda5206 in /opt/conda/bin/python3.11)
frame #10: _PyObject_Call + 0x12b (0x5596ebd90b7b in /opt/conda/bin/python3.11)
frame #11: <unknown function> + 0x2101c4 (0x5596ebd8e1c4 in /opt/conda/bin/python3.11)
frame #12: <unknown function> + 0x1d6a11 (0x5596ebd54a11 in /opt/conda/bin/python3.11)
frame #13: <unknown function> + 0x51880b (0x14ee9779980b in /opt/conda/lib/python3.11/site-packages/torch/lib/libtorch_python.so)
frame #14: _PyObject_MakeTpCall + 0x29b (0x5596ebd5475b in /opt/conda/bin/python3.11)
frame #15: _PyEval_EvalFrameDefault + 0x70a (0x5596ebd61dda in /opt/conda/bin/python3.11)
frame #16: _PyFunction_Vectorcall + 0x17f (0x5596ebd86b4f in /opt/conda/bin/python3.11)
frame #17: _PyEval_EvalFrameDefault + 0x4ae4 (0x5596ebd661b4 in /opt/conda/bin/python3.11)
frame #18: _PyFunction_Vectorcall + 0x17f (0x5596ebd86b4f in /opt/conda/bin/python3.11)
frame #19: _PyEval_EvalFrameDefault + 0x4ae4 (0x5596ebd661b4 in /opt/conda/bin/python3.11)
frame #20: _PyFunction_Vectorcall + 0x17f (0x5596ebd86b4f in /opt/conda/bin/python3.11)
frame #21: _PyEval_EvalFrameDefault + 0x4ae4 (0x5596ebd661b4 in /opt/conda/bin/python3.11)
frame #22: _PyFunction_Vectorcall + 0x17f (0x5596ebd86b4f in /opt/conda/bin/python3.11)
frame #23: _PyObject_FastCallDictTstate + 0x63 (0x5596ebd59353 in /opt/conda/bin/python3.11)
frame #24: _PyObject_Call_Prepend + 0x69 (0x5596ebd8e479 in /opt/conda/bin/python3.11)
frame #25: <unknown function> + 0x2df709 (0x5596ebe5d709 in /opt/conda/bin/python3.11)
frame #26: PyObject_Call + 0xbe (0x5596ebd9088e in /opt/conda/bin/python3.11)
frame #27: _PyEval_EvalFrameDefault + 0x4ae4 (0x5596ebd661b4 in /opt/conda/bin/python3.11)
frame #28: _PyFunction_Vectorcall + 0x17f (0x5596ebd86b4f in /opt/conda/bin/python3.11)
frame #29: _PyEval_EvalFrameDefault + 0x4ae4 (0x5596ebd661b4 in /opt/conda/bin/python3.11)
frame #30: <unknown function> + 0x29b01d (0x5596ebe1901d in /opt/conda/bin/python3.11)
frame #31: PyEval_EvalCode + 0x9f (0x5596ebe1875f in /opt/conda/bin/python3.11)
frame #32: <unknown function> + 0x2b86ca (0x5596ebe366ca in /opt/conda/bin/python3.11)
frame #33: <unknown function> + 0x2b4353 (0x5596ebe32353 in /opt/conda/bin/python3.11)
frame #34: <unknown function> + 0x2c98f0 (0x5596ebe478f0 in /opt/conda/bin/python3.11)
frame #35: _PyRun_SimpleFileObject + 0x1bc (0x5596ebe4727c in /opt/conda/bin/python3.11)
frame #36: _PyRun_AnyFileObject + 0x44 (0x5596ebe47014 in /opt/conda/bin/python3.11)
frame #37: Py_RunMain + 0x383 (0x5596ebe415e3 in /opt/conda/bin/python3.11)
frame #38: Py_BytesMain + 0x37 (0x5596ebe089d7 in /opt/conda/bin/python3.11)
frame #39: <unknown function> + 0x29d90 (0x14eea0c18d90 in /lib/x86_64-linux-gnu/libc.so.6)
frame #40: __libc_start_main + 0x80 (0x14eea0c18e40 in /lib/x86_64-linux-gnu/libc.so.6)
frame #41: <unknown function> + 0x28a88a (0x5596ebe0888a in /opt/conda/bin/python3.11)

[W1126 19:27:36.174913979 socket.cpp:759] [c10d] The client socket cannot be initialized to connect to [jwb0006.juwels]:30805 (errno: 97 - Address family not supported by protocol).
[W1126 19:27:36.175864970 socket.cpp:759] [c10d] The client socket has failed to connect to jwb0006.juwels:30805 (errno: 113 - No route to host).
[E1126 19:27:36.175872850 socket.cpp:813] [c10d] The client socket has failed to connect to any network address of (10.11.241.16, 30805).
[W1126 19:27:36.175919910 TCPStore.cpp:330] [c10d] TCP client failed to connect/validate to host 10.11.241.16:30805 - retrying (try=5, timeout=900000ms, delay=3358ms): The client socket has failed to connect to any network address of (10.11.241.16, 30805). The client socket has failed to connect to jwb0006.juwels:30805 (errno: 113 - No route to host).
Exception raised from run at /pytorch/torch/csrc/distributed/c10d/socket.cpp:815 (most recent call first):
frame #0: c10::Error::Error(c10::SourceLocation, std::string) + 0x96 (0x150873d6c1b6 in /opt/conda/lib/python3.11/site-packages/torch/lib/libc10.so)
frame #1: <unknown function> + 0x16155eb (0x1508579da5eb in /opt/conda/lib/python3.11/site-packages/torch/lib/libtorch_cpu.so)
frame #2: <unknown function> + 0x63507f4 (0x15085c7157f4 in /opt/conda/lib/python3.11/site-packages/torch/lib/libtorch_cpu.so)
frame #3: <unknown function> + 0x630d216 (0x15085c6d2216 in /opt/conda/lib/python3.11/site-packages/torch/lib/libtorch_cpu.so)
frame #4: c10d::TCPStore::TCPStore(std::string, c10d::TCPStoreOptions const&) + 0x20c (0x15085c6d514c in /opt/conda/lib/python3.11/site-packages/torch/lib/libtorch_cpu.so)
frame #5: <unknown function> + 0xe486ef (0x15086c2c96ef in /opt/conda/lib/python3.11/site-packages/torch/lib/libtorch_python.so)
frame #6: <unknown function> + 0x51a017 (0x15086b99b017 in /opt/conda/lib/python3.11/site-packages/torch/lib/libtorch_python.so)
frame #7: <unknown function> + 0x1f9276 (0x561064099276 in /opt/conda/bin/python3.11)
frame #8: _PyObject_MakeTpCall + 0x29b (0x56106407675b in /opt/conda/bin/python3.11)
frame #9: <unknown function> + 0x227206 (0x5610640c7206 in /opt/conda/bin/python3.11)
frame #10: _PyObject_Call + 0x12b (0x5610640b2b7b in /opt/conda/bin/python3.11)
frame #11: <unknown function> + 0x2101c4 (0x5610640b01c4 in /opt/conda/bin/python3.11)
frame #12: <unknown function> + 0x1d6a11 (0x561064076a11 in /opt/conda/bin/python3.11)
frame #13: <unknown function> + 0x51880b (0x15086b99980b in /opt/conda/lib/python3.11/site-packages/torch/lib/libtorch_python.so)
frame #14: _PyObject_MakeTpCall + 0x29b (0x56106407675b in /opt/conda/bin/python3.11)
frame #15: _PyEval_EvalFrameDefault + 0x70a (0x561064083dda in /opt/conda/bin/python3.11)
frame #16: _PyFunction_Vectorcall + 0x17f (0x5610640a8b4f in /opt/conda/bin/python3.11)
frame #17: _PyEval_EvalFrameDefault + 0x4ae4 (0x5610640881b4 in /opt/conda/bin/python3.11)
frame #18: _PyFunction_Vectorcall + 0x17f (0x5610640a8b4f in /opt/conda/bin/python3.11)
frame #19: _PyEval_EvalFrameDefault + 0x4ae4 (0x5610640881b4 in /opt/conda/bin/python3.11)
frame #20: _PyFunction_Vectorcall + 0x17f (0x5610640a8b4f in /opt/conda/bin/python3.11)
frame #21: _PyEval_EvalFrameDefault + 0x4ae4 (0x5610640881b4 in /opt/conda/bin/python3.11)
frame #22: _PyFunction_Vectorcall + 0x17f (0x5610640a8b4f in /opt/conda/bin/python3.11)
frame #23: _PyObject_FastCallDictTstate + 0x63 (0x56106407b353 in /opt/conda/bin/python3.11)
frame #24: _PyObject_Call_Prepend + 0x69 (0x5610640b0479 in /opt/conda/bin/python3.11)
frame #25: <unknown function> + 0x2df709 (0x56106417f709 in /opt/conda/bin/python3.11)
frame #26: PyObject_Call + 0xbe (0x5610640b288e in /opt/conda/bin/python3.11)
frame #27: _PyEval_EvalFrameDefault + 0x4ae4 (0x5610640881b4 in /opt/conda/bin/python3.11)
frame #28: _PyFunction_Vectorcall + 0x17f (0x5610640a8b4f in /opt/conda/bin/python3.11)
frame #29: _PyEval_EvalFrameDefault + 0x4ae4 (0x5610640881b4 in /opt/conda/bin/python3.11)
frame #30: <unknown function> + 0x29b01d (0x56106413b01d in /opt/conda/bin/python3.11)
frame #31: PyEval_EvalCode + 0x9f (0x56106413a75f in /opt/conda/bin/python3.11)
frame #32: <unknown function> + 0x2b86ca (0x5610641586ca in /opt/conda/bin/python3.11)
frame #33: <unknown function> + 0x2b4353 (0x561064154353 in /opt/conda/bin/python3.11)
frame #34: <unknown function> + 0x2c98f0 (0x5610641698f0 in /opt/conda/bin/python3.11)
frame #35: _PyRun_SimpleFileObject + 0x1bc (0x56106416927c in /opt/conda/bin/python3.11)
frame #36: _PyRun_AnyFileObject + 0x44 (0x561064169014 in /opt/conda/bin/python3.11)
frame #37: Py_RunMain + 0x383 (0x5610641635e3 in /opt/conda/bin/python3.11)
frame #38: Py_BytesMain + 0x37 (0x56106412a9d7 in /opt/conda/bin/python3.11)
frame #39: <unknown function> + 0x29d90 (0x150874d40d90 in /lib/x86_64-linux-gnu/libc.so.6)
frame #40: __libc_start_main + 0x80 (0x150874d40e40 in /lib/x86_64-linux-gnu/libc.so.6)
frame #41: <unknown function> + 0x28a88a (0x56106412a88a in /opt/conda/bin/python3.11)

[W1126 19:27:37.049312552 socket.cpp:759] [c10d] The client socket cannot be initialized to connect to [jwb0006.juwels]:30805 (errno: 97 - Address family not supported by protocol).
[W1126 19:27:37.050094189 socket.cpp:759] [c10d] The client socket has failed to connect to jwb0006.juwels:30805 (errno: 113 - No route to host).
[E1126 19:27:37.050102539 socket.cpp:813] [c10d] The client socket has failed to connect to any network address of (10.11.241.16, 30805).
[W1126 19:27:37.050151499 TCPStore.cpp:330] [c10d] TCP client failed to connect/validate to host 10.11.241.16:30805 - retrying (try=5, timeout=900000ms, delay=4430ms): The client socket has failed to connect to any network address of (10.11.241.16, 30805). The client socket has failed to connect to jwb0006.juwels:30805 (errno: 113 - No route to host).
Exception raised from run at /pytorch/torch/csrc/distributed/c10d/socket.cpp:815 (most recent call first):
frame #0: c10::Error::Error(c10::SourceLocation, std::string) + 0x96 (0x148707b6c1b6 in /opt/conda/lib/python3.11/site-packages/torch/lib/libc10.so)
frame #1: <unknown function> + 0x16155eb (0x1486eb7da5eb in /opt/conda/lib/python3.11/site-packages/torch/lib/libtorch_cpu.so)
frame #2: <unknown function> + 0x63507f4 (0x1486f05157f4 in /opt/conda/lib/python3.11/site-packages/torch/lib/libtorch_cpu.so)
frame #3: <unknown function> + 0x630d216 (0x1486f04d2216 in /opt/conda/lib/python3.11/site-packages/torch/lib/libtorch_cpu.so)
frame #4: c10d::TCPStore::TCPStore(std::string, c10d::TCPStoreOptions const&) + 0x20c (0x1486f04d514c in /opt/conda/lib/python3.11/site-packages/torch/lib/libtorch_cpu.so)
frame #5: <unknown function> + 0xe486ef (0x1487000c96ef in /opt/conda/lib/python3.11/site-packages/torch/lib/libtorch_python.so)
frame #6: <unknown function> + 0x51a017 (0x1486ff79b017 in /opt/conda/lib/python3.11/site-packages/torch/lib/libtorch_python.so)
frame #7: <unknown function> + 0x1f9276 (0x5605059c0276 in /opt/conda/bin/python3.11)
frame #8: _PyObject_MakeTpCall + 0x29b (0x56050599d75b in /opt/conda/bin/python3.11)
frame #9: <unknown function> + 0x227206 (0x5605059ee206 in /opt/conda/bin/python3.11)
frame #10: _PyObject_Call + 0x12b (0x5605059d9b7b in /opt/conda/bin/python3.11)
frame #11: <unknown function> + 0x2101c4 (0x5605059d71c4 in /opt/conda/bin/python3.11)
frame #12: <unknown function> + 0x1d6a11 (0x56050599da11 in /opt/conda/bin/python3.11)
frame #13: <unknown function> + 0x51880b (0x1486ff79980b in /opt/conda/lib/python3.11/site-packages/torch/lib/libtorch_python.so)
frame #14: _PyObject_MakeTpCall + 0x29b (0x56050599d75b in /opt/conda/bin/python3.11)
frame #15: _PyEval_EvalFrameDefault + 0x70a (0x5605059aadda in /opt/conda/bin/python3.11)
frame #16: _PyFunction_Vectorcall + 0x17f (0x5605059cfb4f in /opt/conda/bin/python3.11)
frame #17: _PyEval_EvalFrameDefault + 0x4ae4 (0x5605059af1b4 in /opt/conda/bin/python3.11)
frame #18: _PyFunction_Vectorcall + 0x17f (0x5605059cfb4f in /opt/conda/bin/python3.11)
frame #19: _PyEval_EvalFrameDefault + 0x4ae4 (0x5605059af1b4 in /opt/conda/bin/python3.11)
frame #20: _PyFunction_Vectorcall + 0x17f (0x5605059cfb4f in /opt/conda/bin/python3.11)
frame #21: _PyEval_EvalFrameDefault + 0x4ae4 (0x5605059af1b4 in /opt/conda/bin/python3.11)
frame #22: _PyFunction_Vectorcall + 0x17f (0x5605059cfb4f in /opt/conda/bin/python3.11)
frame #23: _PyObject_FastCallDictTstate + 0x63 (0x5605059a2353 in /opt/conda/bin/python3.11)
frame #24: _PyObject_Call_Prepend + 0x69 (0x5605059d7479 in /opt/conda/bin/python3.11)
frame #25: <unknown function> + 0x2df709 (0x560505aa6709 in /opt/conda/bin/python3.11)
frame #26: PyObject_Call + 0xbe (0x5605059d988e in /opt/conda/bin/python3.11)
frame #27: _PyEval_EvalFrameDefault + 0x4ae4 (0x5605059af1b4 in /opt/conda/bin/python3.11)
frame #28: _PyFunction_Vectorcall + 0x17f (0x5605059cfb4f in /opt/conda/bin/python3.11)
frame #29: _PyEval_EvalFrameDefault + 0x4ae4 (0x5605059af1b4 in /opt/conda/bin/python3.11)
frame #30: <unknown function> + 0x29b01d (0x560505a6201d in /opt/conda/bin/python3.11)
frame #31: PyEval_EvalCode + 0x9f (0x560505a6175f in /opt/conda/bin/python3.11)
frame #32: <unknown function> + 0x2b86ca (0x560505a7f6ca in /opt/conda/bin/python3.11)
frame #33: <unknown function> + 0x2b4353 (0x560505a7b353 in /opt/conda/bin/python3.11)
frame #34: <unknown function> + 0x2c98f0 (0x560505a908f0 in /opt/conda/bin/python3.11)
frame #35: _PyRun_SimpleFileObject + 0x1bc (0x560505a9027c in /opt/conda/bin/python3.11)
frame #36: _PyRun_AnyFileObject + 0x44 (0x560505a90014 in /opt/conda/bin/python3.11)
frame #37: Py_RunMain + 0x383 (0x560505a8a5e3 in /opt/conda/bin/python3.11)
frame #38: Py_BytesMain + 0x37 (0x560505a519d7 in /opt/conda/bin/python3.11)
frame #39: <unknown function> + 0x29d90 (0x148708b78d90 in /lib/x86_64-linux-gnu/libc.so.6)
frame #40: __libc_start_main + 0x80 (0x148708b78e40 in /lib/x86_64-linux-gnu/libc.so.6)
frame #41: <unknown function> + 0x28a88a (0x560505a5188a in /opt/conda/bin/python3.11)

[W1126 19:27:40.540529971 socket.cpp:759] [c10d] The client socket cannot be initialized to connect to [jwb0006.juwels]:30805 (errno: 97 - Address family not supported by protocol).
[W1126 19:27:40.541853376 socket.cpp:759] [c10d] The client socket has failed to connect to jwb0006.juwels:30805 (errno: 113 - No route to host).
[E1126 19:27:40.541864016 socket.cpp:813] [c10d] The client socket has failed to connect to any network address of (10.11.241.16, 30805).
[W1126 19:27:40.541911727 TCPStore.cpp:330] [c10d] TCP client failed to connect/validate to host 10.11.241.16:30805 - retrying (try=6, timeout=900000ms, delay=6984ms): The client socket has failed to connect to any network address of (10.11.241.16, 30805). The client socket has failed to connect to jwb0006.juwels:30805 (errno: 113 - No route to host).
Exception raised from run at /pytorch/torch/csrc/distributed/c10d/socket.cpp:815 (most recent call first):
frame #0: c10::Error::Error(c10::SourceLocation, std::string) + 0x96 (0x150873d6c1b6 in /opt/conda/lib/python3.11/site-packages/torch/lib/libc10.so)
frame #1: <unknown function> + 0x16155eb (0x1508579da5eb in /opt/conda/lib/python3.11/site-packages/torch/lib/libtorch_cpu.so)
frame #2: <unknown function> + 0x63507f4 (0x15085c7157f4 in /opt/conda/lib/python3.11/site-packages/torch/lib/libtorch_cpu.so)
frame #3: <unknown function> + 0x630d216 (0x15085c6d2216 in /opt/conda/lib/python3.11/site-packages/torch/lib/libtorch_cpu.so)
frame #4: c10d::TCPStore::TCPStore(std::string, c10d::TCPStoreOptions const&) + 0x20c (0x15085c6d514c in /opt/conda/lib/python3.11/site-packages/torch/lib/libtorch_cpu.so)
frame #5: <unknown function> + 0xe486ef (0x15086c2c96ef in /opt/conda/lib/python3.11/site-packages/torch/lib/libtorch_python.so)
frame #6: <unknown function> + 0x51a017 (0x15086b99b017 in /opt/conda/lib/python3.11/site-packages/torch/lib/libtorch_python.so)
frame #7: <unknown function> + 0x1f9276 (0x561064099276 in /opt/conda/bin/python3.11)
frame #8: _PyObject_MakeTpCall + 0x29b (0x56106407675b in /opt/conda/bin/python3.11)
frame #9: <unknown function> + 0x227206 (0x5610640c7206 in /opt/conda/bin/python3.11)
frame #10: _PyObject_Call + 0x12b (0x5610640b2b7b in /opt/conda/bin/python3.11)
frame #11: <unknown function> + 0x2101c4 (0x5610640b01c4 in /opt/conda/bin/python3.11)
frame #12: <unknown function> + 0x1d6a11 (0x561064076a11 in /opt/conda/bin/python3.11)
frame #13: <unknown function> + 0x51880b (0x15086b99980b in /opt/conda/lib/python3.11/site-packages/torch/lib/libtorch_python.so)
frame #14: _PyObject_MakeTpCall + 0x29b (0x56106407675b in /opt/conda/bin/python3.11)
frame #15: _PyEval_EvalFrameDefault + 0x70a (0x561064083dda in /opt/conda/bin/python3.11)
frame #16: _PyFunction_Vectorcall + 0x17f (0x5610640a8b4f in /opt/conda/bin/python3.11)
frame #17: _PyEval_EvalFrameDefault + 0x4ae4 (0x5610640881b4 in /opt/conda/bin/python3.11)
frame #18: _PyFunction_Vectorcall + 0x17f (0x5610640a8b4f in /opt/conda/bin/python3.11)
frame #19: _PyEval_EvalFrameDefault + 0x4ae4 (0x5610640881b4 in /opt/conda/bin/python3.11)
frame #20: _PyFunction_Vectorcall + 0x17f (0x5610640a8b4f in /opt/conda/bin/python3.11)
frame #21: _PyEval_EvalFrameDefault + 0x4ae4 (0x5610640881b4 in /opt/conda/bin/python3.11)
frame #22: _PyFunction_Vectorcall + 0x17f (0x5610640a8b4f in /opt/conda/bin/python3.11)
frame #23: _PyObject_FastCallDictTstate + 0x63 (0x56106407b353 in /opt/conda/bin/python3.11)
frame #24: _PyObject_Call_Prepend + 0x69 (0x5610640b0479 in /opt/conda/bin/python3.11)
frame #25: <unknown function> + 0x2df709 (0x56106417f709 in /opt/conda/bin/python3.11)
frame #26: PyObject_Call + 0xbe (0x5610640b288e in /opt/conda/bin/python3.11)
frame #27: _PyEval_EvalFrameDefault + 0x4ae4 (0x5610640881b4 in /opt/conda/bin/python3.11)
frame #28: _PyFunction_Vectorcall + 0x17f (0x5610640a8b4f in /opt/conda/bin/python3.11)
frame #29: _PyEval_EvalFrameDefault + 0x4ae4 (0x5610640881b4 in /opt/conda/bin/python3.11)
frame #30: <unknown function> + 0x29b01d (0x56106413b01d in /opt/conda/bin/python3.11)
frame #31: PyEval_EvalCode + 0x9f (0x56106413a75f in /opt/conda/bin/python3.11)
frame #32: <unknown function> + 0x2b86ca (0x5610641586ca in /opt/conda/bin/python3.11)
frame #33: <unknown function> + 0x2b4353 (0x561064154353 in /opt/conda/bin/python3.11)
frame #34: <unknown function> + 0x2c98f0 (0x5610641698f0 in /opt/conda/bin/python3.11)
frame #35: _PyRun_SimpleFileObject + 0x1bc (0x56106416927c in /opt/conda/bin/python3.11)
frame #36: _PyRun_AnyFileObject + 0x44 (0x561064169014 in /opt/conda/bin/python3.11)
frame #37: Py_RunMain + 0x383 (0x5610641635e3 in /opt/conda/bin/python3.11)
frame #38: Py_BytesMain + 0x37 (0x56106412a9d7 in /opt/conda/bin/python3.11)
frame #39: <unknown function> + 0x29d90 (0x150874d40d90 in /lib/x86_64-linux-gnu/libc.so.6)
frame #40: __libc_start_main + 0x80 (0x150874d40e40 in /lib/x86_64-linux-gnu/libc.so.6)
frame #41: <unknown function> + 0x28a88a (0x56106412a88a in /opt/conda/bin/python3.11)

[W1126 19:27:41.285647470 socket.cpp:759] [c10d] The client socket cannot be initialized to connect to [jwb0006.juwels]:30805 (errno: 97 - Address family not supported by protocol).
[W1126 19:27:41.286528564 socket.cpp:759] [c10d] The client socket has failed to connect to jwb0006.juwels:30805 (errno: 113 - No route to host).
[E1126 19:27:41.286536294 socket.cpp:813] [c10d] The client socket has failed to connect to any network address of (10.11.241.16, 30805).
[W1126 19:27:41.286588604 TCPStore.cpp:330] [c10d] TCP client failed to connect/validate to host 10.11.241.16:30805 - retrying (try=6, timeout=900000ms, delay=5112ms): The client socket has failed to connect to any network address of (10.11.241.16, 30805). The client socket has failed to connect to jwb0006.juwels:30805 (errno: 113 - No route to host).
Exception raised from run at /pytorch/torch/csrc/distributed/c10d/socket.cpp:815 (most recent call first):
frame #0: c10::Error::Error(c10::SourceLocation, std::string) + 0x96 (0x14ee9ff6c1b6 in /opt/conda/lib/python3.11/site-packages/torch/lib/libc10.so)
frame #1: <unknown function> + 0x16155eb (0x14ee837da5eb in /opt/conda/lib/python3.11/site-packages/torch/lib/libtorch_cpu.so)
frame #2: <unknown function> + 0x63507f4 (0x14ee885157f4 in /opt/conda/lib/python3.11/site-packages/torch/lib/libtorch_cpu.so)
frame #3: <unknown function> + 0x630d216 (0x14ee884d2216 in /opt/conda/lib/python3.11/site-packages/torch/lib/libtorch_cpu.so)
frame #4: c10d::TCPStore::TCPStore(std::string, c10d::TCPStoreOptions const&) + 0x20c (0x14ee884d514c in /opt/conda/lib/python3.11/site-packages/torch/lib/libtorch_cpu.so)
frame #5: <unknown function> + 0xe486ef (0x14ee980c96ef in /opt/conda/lib/python3.11/site-packages/torch/lib/libtorch_python.so)
frame #6: <unknown function> + 0x51a017 (0x14ee9779b017 in /opt/conda/lib/python3.11/site-packages/torch/lib/libtorch_python.so)
frame #7: <unknown function> + 0x1f9276 (0x5596ebd77276 in /opt/conda/bin/python3.11)
frame #8: _PyObject_MakeTpCall + 0x29b (0x5596ebd5475b in /opt/conda/bin/python3.11)
frame #9: <unknown function> + 0x227206 (0x5596ebda5206 in /opt/conda/bin/python3.11)
frame #10: _PyObject_Call + 0x12b (0x5596ebd90b7b in /opt/conda/bin/python3.11)
frame #11: <unknown function> + 0x2101c4 (0x5596ebd8e1c4 in /opt/conda/bin/python3.11)
frame #12: <unknown function> + 0x1d6a11 (0x5596ebd54a11 in /opt/conda/bin/python3.11)
frame #13: <unknown function> + 0x51880b (0x14ee9779980b in /opt/conda/lib/python3.11/site-packages/torch/lib/libtorch_python.so)
frame #14: _PyObject_MakeTpCall + 0x29b (0x5596ebd5475b in /opt/conda/bin/python3.11)
frame #15: _PyEval_EvalFrameDefault + 0x70a (0x5596ebd61dda in /opt/conda/bin/python3.11)
frame #16: _PyFunction_Vectorcall + 0x17f (0x5596ebd86b4f in /opt/conda/bin/python3.11)
frame #17: _PyEval_EvalFrameDefault + 0x4ae4 (0x5596ebd661b4 in /opt/conda/bin/python3.11)
frame #18: _PyFunction_Vectorcall + 0x17f (0x5596ebd86b4f in /opt/conda/bin/python3.11)
frame #19: _PyEval_EvalFrameDefault + 0x4ae4 (0x5596ebd661b4 in /opt/conda/bin/python3.11)
frame #20: _PyFunction_Vectorcall + 0x17f (0x5596ebd86b4f in /opt/conda/bin/python3.11)
frame #21: _PyEval_EvalFrameDefault + 0x4ae4 (0x5596ebd661b4 in /opt/conda/bin/python3.11)
frame #22: _PyFunction_Vectorcall + 0x17f (0x5596ebd86b4f in /opt/conda/bin/python3.11)
frame #23: _PyObject_FastCallDictTstate + 0x63 (0x5596ebd59353 in /opt/conda/bin/python3.11)
frame #24: _PyObject_Call_Prepend + 0x69 (0x5596ebd8e479 in /opt/conda/bin/python3.11)
frame #25: <unknown function> + 0x2df709 (0x5596ebe5d709 in /opt/conda/bin/python3.11)
frame #26: PyObject_Call + 0xbe (0x5596ebd9088e in /opt/conda/bin/python3.11)
frame #27: _PyEval_EvalFrameDefault + 0x4ae4 (0x5596ebd661b4 in /opt/conda/bin/python3.11)
frame #28: _PyFunction_Vectorcall + 0x17f (0x5596ebd86b4f in /opt/conda/bin/python3.11)
frame #29: _PyEval_EvalFrameDefault + 0x4ae4 (0x5596ebd661b4 in /opt/conda/bin/python3.11)
frame #30: <unknown function> + 0x29b01d (0x5596ebe1901d in /opt/conda/bin/python3.11)
frame #31: PyEval_EvalCode + 0x9f (0x5596ebe1875f in /opt/conda/bin/python3.11)
frame #32: <unknown function> + 0x2b86ca (0x5596ebe366ca in /opt/conda/bin/python3.11)
frame #33: <unknown function> + 0x2b4353 (0x5596ebe32353 in /opt/conda/bin/python3.11)
frame #34: <unknown function> + 0x2c98f0 (0x5596ebe478f0 in /opt/conda/bin/python3.11)
frame #35: _PyRun_SimpleFileObject + 0x1bc (0x5596ebe4727c in /opt/conda/bin/python3.11)
frame #36: _PyRun_AnyFileObject + 0x44 (0x5596ebe47014 in /opt/conda/bin/python3.11)
frame #37: Py_RunMain + 0x383 (0x5596ebe415e3 in /opt/conda/bin/python3.11)
frame #38: Py_BytesMain + 0x37 (0x5596ebe089d7 in /opt/conda/bin/python3.11)
frame #39: <unknown function> + 0x29d90 (0x14eea0c18d90 in /lib/x86_64-linux-gnu/libc.so.6)
frame #40: __libc_start_main + 0x80 (0x14eea0c18e40 in /lib/x86_64-linux-gnu/libc.so.6)
frame #41: <unknown function> + 0x28a88a (0x5596ebe0888a in /opt/conda/bin/python3.11)

[W1126 19:27:41.413265964 socket.cpp:759] [c10d] The client socket cannot be initialized to connect to [jwb0006.juwels]:30805 (errno: 97 - Address family not supported by protocol).
[W1126 19:27:41.414330459 socket.cpp:759] [c10d] The client socket has failed to connect to jwb0006.juwels:30805 (errno: 113 - No route to host).
[E1126 19:27:41.414339489 socket.cpp:813] [c10d] The client socket has failed to connect to any network address of (10.11.241.16, 30805).
[W1126 19:27:41.414394169 TCPStore.cpp:330] [c10d] TCP client failed to connect/validate to host 10.11.241.16:30805 - retrying (try=6, timeout=900000ms, delay=3042ms): The client socket has failed to connect to any network address of (10.11.241.16, 30805). The client socket has failed to connect to jwb0006.juwels:30805 (errno: 113 - No route to host).
Exception raised from run at /pytorch/torch/csrc/distributed/c10d/socket.cpp:815 (most recent call first):
frame #0: c10::Error::Error(c10::SourceLocation, std::string) + 0x96 (0x1536b956c1b6 in /opt/conda/lib/python3.11/site-packages/torch/lib/libc10.so)
frame #1: <unknown function> + 0x16155eb (0x15369cdda5eb in /opt/conda/lib/python3.11/site-packages/torch/lib/libtorch_cpu.so)
frame #2: <unknown function> + 0x63507f4 (0x1536a1b157f4 in /opt/conda/lib/python3.11/site-packages/torch/lib/libtorch_cpu.so)
frame #3: <unknown function> + 0x630d216 (0x1536a1ad2216 in /opt/conda/lib/python3.11/site-packages/torch/lib/libtorch_cpu.so)
frame #4: c10d::TCPStore::TCPStore(std::string, c10d::TCPStoreOptions const&) + 0x20c (0x1536a1ad514c in /opt/conda/lib/python3.11/site-packages/torch/lib/libtorch_cpu.so)
frame #5: <unknown function> + 0xe486ef (0x1536b16c96ef in /opt/conda/lib/python3.11/site-packages/torch/lib/libtorch_python.so)
frame #6: <unknown function> + 0x51a017 (0x1536b0d9b017 in /opt/conda/lib/python3.11/site-packages/torch/lib/libtorch_python.so)
frame #7: <unknown function> + 0x1f9276 (0x555fd5327276 in /opt/conda/bin/python3.11)
frame #8: _PyObject_MakeTpCall + 0x29b (0x555fd530475b in /opt/conda/bin/python3.11)
frame #9: <unknown function> + 0x227206 (0x555fd5355206 in /opt/conda/bin/python3.11)
frame #10: _PyObject_Call + 0x12b (0x555fd5340b7b in /opt/conda/bin/python3.11)
frame #11: <unknown function> + 0x2101c4 (0x555fd533e1c4 in /opt/conda/bin/python3.11)
frame #12: <unknown function> + 0x1d6a11 (0x555fd5304a11 in /opt/conda/bin/python3.11)
frame #13: <unknown function> + 0x51880b (0x1536b0d9980b in /opt/conda/lib/python3.11/site-packages/torch/lib/libtorch_python.so)
frame #14: _PyObject_MakeTpCall + 0x29b (0x555fd530475b in /opt/conda/bin/python3.11)
frame #15: _PyEval_EvalFrameDefault + 0x70a (0x555fd5311dda in /opt/conda/bin/python3.11)
frame #16: _PyFunction_Vectorcall + 0x17f (0x555fd5336b4f in /opt/conda/bin/python3.11)
frame #17: _PyEval_EvalFrameDefault + 0x4ae4 (0x555fd53161b4 in /opt/conda/bin/python3.11)
frame #18: _PyFunction_Vectorcall + 0x17f (0x555fd5336b4f in /opt/conda/bin/python3.11)
frame #19: _PyEval_EvalFrameDefault + 0x4ae4 (0x555fd53161b4 in /opt/conda/bin/python3.11)
frame #20: _PyFunction_Vectorcall + 0x17f (0x555fd5336b4f in /opt/conda/bin/python3.11)
frame #21: _PyEval_EvalFrameDefault + 0x4ae4 (0x555fd53161b4 in /opt/conda/bin/python3.11)
frame #22: _PyFunction_Vectorcall + 0x17f (0x555fd5336b4f in /opt/conda/bin/python3.11)
frame #23: _PyObject_FastCallDictTstate + 0x63 (0x555fd5309353 in /opt/conda/bin/python3.11)
frame #24: _PyObject_Call_Prepend + 0x69 (0x555fd533e479 in /opt/conda/bin/python3.11)
frame #25: <unknown function> + 0x2df709 (0x555fd540d709 in /opt/conda/bin/python3.11)
frame #26: PyObject_Call + 0xbe (0x555fd534088e in /opt/conda/bin/python3.11)
frame #27: _PyEval_EvalFrameDefault + 0x4ae4 (0x555fd53161b4 in /opt/conda/bin/python3.11)
frame #28: _PyFunction_Vectorcall + 0x17f (0x555fd5336b4f in /opt/conda/bin/python3.11)
frame #29: _PyEval_EvalFrameDefault + 0x4ae4 (0x555fd53161b4 in /opt/conda/bin/python3.11)
frame #30: <unknown function> + 0x29b01d (0x555fd53c901d in /opt/conda/bin/python3.11)
frame #31: PyEval_EvalCode + 0x9f (0x555fd53c875f in /opt/conda/bin/python3.11)
frame #32: <unknown function> + 0x2b86ca (0x555fd53e66ca in /opt/conda/bin/python3.11)
frame #33: <unknown function> + 0x2b4353 (0x555fd53e2353 in /opt/conda/bin/python3.11)
frame #34: <unknown function> + 0x2c98f0 (0x555fd53f78f0 in /opt/conda/bin/python3.11)
frame #35: _PyRun_SimpleFileObject + 0x1bc (0x555fd53f727c in /opt/conda/bin/python3.11)
frame #36: _PyRun_AnyFileObject + 0x44 (0x555fd53f7014 in /opt/conda/bin/python3.11)
frame #37: Py_RunMain + 0x383 (0x555fd53f15e3 in /opt/conda/bin/python3.11)
frame #38: Py_BytesMain + 0x37 (0x555fd53b89d7 in /opt/conda/bin/python3.11)
frame #39: <unknown function> + 0x29d90 (0x1536ba2a5d90 in /lib/x86_64-linux-gnu/libc.so.6)
frame #40: __libc_start_main + 0x80 (0x1536ba2a5e40 in /lib/x86_64-linux-gnu/libc.so.6)
frame #41: <unknown function> + 0x28a88a (0x555fd53b888a in /opt/conda/bin/python3.11)

[W1126 19:27:42.486175894 socket.cpp:759] [c10d] The client socket cannot be initialized to connect to [jwb0006.juwels]:30805 (errno: 97 - Address family not supported by protocol).
[W1126 19:27:42.487432655 socket.cpp:759] [c10d] The client socket has failed to connect to jwb0006.juwels:30805 (errno: 113 - No route to host).
[E1126 19:27:42.487440775 socket.cpp:813] [c10d] The client socket has failed to connect to any network address of (10.11.241.16, 30805).
[W1126 19:27:42.487489616 TCPStore.cpp:330] [c10d] TCP client failed to connect/validate to host 10.11.241.16:30805 - retrying (try=6, timeout=900000ms, delay=3369ms): The client socket has failed to connect to any network address of (10.11.241.16, 30805). The client socket has failed to connect to jwb0006.juwels:30805 (errno: 113 - No route to host).
Exception raised from run at /pytorch/torch/csrc/distributed/c10d/socket.cpp:815 (most recent call first):
frame #0: c10::Error::Error(c10::SourceLocation, std::string) + 0x96 (0x148707b6c1b6 in /opt/conda/lib/python3.11/site-packages/torch/lib/libc10.so)
frame #1: <unknown function> + 0x16155eb (0x1486eb7da5eb in /opt/conda/lib/python3.11/site-packages/torch/lib/libtorch_cpu.so)
frame #2: <unknown function> + 0x63507f4 (0x1486f05157f4 in /opt/conda/lib/python3.11/site-packages/torch/lib/libtorch_cpu.so)
frame #3: <unknown function> + 0x630d216 (0x1486f04d2216 in /opt/conda/lib/python3.11/site-packages/torch/lib/libtorch_cpu.so)
frame #4: c10d::TCPStore::TCPStore(std::string, c10d::TCPStoreOptions const&) + 0x20c (0x1486f04d514c in /opt/conda/lib/python3.11/site-packages/torch/lib/libtorch_cpu.so)
frame #5: <unknown function> + 0xe486ef (0x1487000c96ef in /opt/conda/lib/python3.11/site-packages/torch/lib/libtorch_python.so)
frame #6: <unknown function> + 0x51a017 (0x1486ff79b017 in /opt/conda/lib/python3.11/site-packages/torch/lib/libtorch_python.so)
frame #7: <unknown function> + 0x1f9276 (0x5605059c0276 in /opt/conda/bin/python3.11)
frame #8: _PyObject_MakeTpCall + 0x29b (0x56050599d75b in /opt/conda/bin/python3.11)
frame #9: <unknown function> + 0x227206 (0x5605059ee206 in /opt/conda/bin/python3.11)
frame #10: _PyObject_Call + 0x12b (0x5605059d9b7b in /opt/conda/bin/python3.11)
frame #11: <unknown function> + 0x2101c4 (0x5605059d71c4 in /opt/conda/bin/python3.11)
frame #12: <unknown function> + 0x1d6a11 (0x56050599da11 in /opt/conda/bin/python3.11)
frame #13: <unknown function> + 0x51880b (0x1486ff79980b in /opt/conda/lib/python3.11/site-packages/torch/lib/libtorch_python.so)
frame #14: _PyObject_MakeTpCall + 0x29b (0x56050599d75b in /opt/conda/bin/python3.11)
frame #15: _PyEval_EvalFrameDefault + 0x70a (0x5605059aadda in /opt/conda/bin/python3.11)
frame #16: _PyFunction_Vectorcall + 0x17f (0x5605059cfb4f in /opt/conda/bin/python3.11)
frame #17: _PyEval_EvalFrameDefault + 0x4ae4 (0x5605059af1b4 in /opt/conda/bin/python3.11)
frame #18: _PyFunction_Vectorcall + 0x17f (0x5605059cfb4f in /opt/conda/bin/python3.11)
frame #19: _PyEval_EvalFrameDefault + 0x4ae4 (0x5605059af1b4 in /opt/conda/bin/python3.11)
frame #20: _PyFunction_Vectorcall + 0x17f (0x5605059cfb4f in /opt/conda/bin/python3.11)
frame #21: _PyEval_EvalFrameDefault + 0x4ae4 (0x5605059af1b4 in /opt/conda/bin/python3.11)
frame #22: _PyFunction_Vectorcall + 0x17f (0x5605059cfb4f in /opt/conda/bin/python3.11)
frame #23: _PyObject_FastCallDictTstate + 0x63 (0x5605059a2353 in /opt/conda/bin/python3.11)
frame #24: _PyObject_Call_Prepend + 0x69 (0x5605059d7479 in /opt/conda/bin/python3.11)
frame #25: <unknown function> + 0x2df709 (0x560505aa6709 in /opt/conda/bin/python3.11)
frame #26: PyObject_Call + 0xbe (0x5605059d988e in /opt/conda/bin/python3.11)
frame #27: _PyEval_EvalFrameDefault + 0x4ae4 (0x5605059af1b4 in /opt/conda/bin/python3.11)
frame #28: _PyFunction_Vectorcall + 0x17f (0x5605059cfb4f in /opt/conda/bin/python3.11)
frame #29: _PyEval_EvalFrameDefault + 0x4ae4 (0x5605059af1b4 in /opt/conda/bin/python3.11)
frame #30: <unknown function> + 0x29b01d (0x560505a6201d in /opt/conda/bin/python3.11)
frame #31: PyEval_EvalCode + 0x9f (0x560505a6175f in /opt/conda/bin/python3.11)
frame #32: <unknown function> + 0x2b86ca (0x560505a7f6ca in /opt/conda/bin/python3.11)
frame #33: <unknown function> + 0x2b4353 (0x560505a7b353 in /opt/conda/bin/python3.11)
frame #34: <unknown function> + 0x2c98f0 (0x560505a908f0 in /opt/conda/bin/python3.11)
frame #35: _PyRun_SimpleFileObject + 0x1bc (0x560505a9027c in /opt/conda/bin/python3.11)
frame #36: _PyRun_AnyFileObject + 0x44 (0x560505a90014 in /opt/conda/bin/python3.11)
frame #37: Py_RunMain + 0x383 (0x560505a8a5e3 in /opt/conda/bin/python3.11)
frame #38: Py_BytesMain + 0x37 (0x560505a519d7 in /opt/conda/bin/python3.11)
frame #39: <unknown function> + 0x29d90 (0x148708b78d90 in /lib/x86_64-linux-gnu/libc.so.6)
frame #40: __libc_start_main + 0x80 (0x148708b78e40 in /lib/x86_64-linux-gnu/libc.so.6)
frame #41: <unknown function> + 0x28a88a (0x560505a5188a in /opt/conda/bin/python3.11)

[W1126 19:27:44.462771283 socket.cpp:759] [c10d] The client socket cannot be initialized to connect to [jwb0006.juwels]:30805 (errno: 97 - Address family not supported by protocol).
[W1126 19:27:44.463748958 socket.cpp:759] [c10d] The client socket has failed to connect to jwb0006.juwels:30805 (errno: 113 - No route to host).
[E1126 19:27:44.463758308 socket.cpp:813] [c10d] The client socket has failed to connect to any network address of (10.11.241.16, 30805).
[W1126 19:27:44.463811508 TCPStore.cpp:330] [c10d] TCP client failed to connect/validate to host 10.11.241.16:30805 - retrying (try=7, timeout=900000ms, delay=5517ms): The client socket has failed to connect to any network address of (10.11.241.16, 30805). The client socket has failed to connect to jwb0006.juwels:30805 (errno: 113 - No route to host).
Exception raised from run at /pytorch/torch/csrc/distributed/c10d/socket.cpp:815 (most recent call first):
frame #0: c10::Error::Error(c10::SourceLocation, std::string) + 0x96 (0x1536b956c1b6 in /opt/conda/lib/python3.11/site-packages/torch/lib/libc10.so)
frame #1: <unknown function> + 0x16155eb (0x15369cdda5eb in /opt/conda/lib/python3.11/site-packages/torch/lib/libtorch_cpu.so)
frame #2: <unknown function> + 0x63507f4 (0x1536a1b157f4 in /opt/conda/lib/python3.11/site-packages/torch/lib/libtorch_cpu.so)
frame #3: <unknown function> + 0x630d216 (0x1536a1ad2216 in /opt/conda/lib/python3.11/site-packages/torch/lib/libtorch_cpu.so)
frame #4: c10d::TCPStore::TCPStore(std::string, c10d::TCPStoreOptions const&) + 0x20c (0x1536a1ad514c in /opt/conda/lib/python3.11/site-packages/torch/lib/libtorch_cpu.so)
frame #5: <unknown function> + 0xe486ef (0x1536b16c96ef in /opt/conda/lib/python3.11/site-packages/torch/lib/libtorch_python.so)
frame #6: <unknown function> + 0x51a017 (0x1536b0d9b017 in /opt/conda/lib/python3.11/site-packages/torch/lib/libtorch_python.so)
frame #7: <unknown function> + 0x1f9276 (0x555fd5327276 in /opt/conda/bin/python3.11)
frame #8: _PyObject_MakeTpCall + 0x29b (0x555fd530475b in /opt/conda/bin/python3.11)
frame #9: <unknown function> + 0x227206 (0x555fd5355206 in /opt/conda/bin/python3.11)
frame #10: _PyObject_Call + 0x12b (0x555fd5340b7b in /opt/conda/bin/python3.11)
frame #11: <unknown function> + 0x2101c4 (0x555fd533e1c4 in /opt/conda/bin/python3.11)
frame #12: <unknown function> + 0x1d6a11 (0x555fd5304a11 in /opt/conda/bin/python3.11)
frame #13: <unknown function> + 0x51880b (0x1536b0d9980b in /opt/conda/lib/python3.11/site-packages/torch/lib/libtorch_python.so)
frame #14: _PyObject_MakeTpCall + 0x29b (0x555fd530475b in /opt/conda/bin/python3.11)
frame #15: _PyEval_EvalFrameDefault + 0x70a (0x555fd5311dda in /opt/conda/bin/python3.11)
frame #16: _PyFunction_Vectorcall + 0x17f (0x555fd5336b4f in /opt/conda/bin/python3.11)
frame #17: _PyEval_EvalFrameDefault + 0x4ae4 (0x555fd53161b4 in /opt/conda/bin/python3.11)
frame #18: _PyFunction_Vectorcall + 0x17f (0x555fd5336b4f in /opt/conda/bin/python3.11)
frame #19: _PyEval_EvalFrameDefault + 0x4ae4 (0x555fd53161b4 in /opt/conda/bin/python3.11)
frame #20: _PyFunction_Vectorcall + 0x17f (0x555fd5336b4f in /opt/conda/bin/python3.11)
frame #21: _PyEval_EvalFrameDefault + 0x4ae4 (0x555fd53161b4 in /opt/conda/bin/python3.11)
frame #22: _PyFunction_Vectorcall + 0x17f (0x555fd5336b4f in /opt/conda/bin/python3.11)
frame #23: _PyObject_FastCallDictTstate + 0x63 (0x555fd5309353 in /opt/conda/bin/python3.11)
frame #24: _PyObject_Call_Prepend + 0x69 (0x555fd533e479 in /opt/conda/bin/python3.11)
frame #25: <unknown function> + 0x2df709 (0x555fd540d709 in /opt/conda/bin/python3.11)
frame #26: PyObject_Call + 0xbe (0x555fd534088e in /opt/conda/bin/python3.11)
frame #27: _PyEval_EvalFrameDefault + 0x4ae4 (0x555fd53161b4 in /opt/conda/bin/python3.11)
frame #28: _PyFunction_Vectorcall + 0x17f (0x555fd5336b4f in /opt/conda/bin/python3.11)
frame #29: _PyEval_EvalFrameDefault + 0x4ae4 (0x555fd53161b4 in /opt/conda/bin/python3.11)
frame #30: <unknown function> + 0x29b01d (0x555fd53c901d in /opt/conda/bin/python3.11)
frame #31: PyEval_EvalCode + 0x9f (0x555fd53c875f in /opt/conda/bin/python3.11)
frame #32: <unknown function> + 0x2b86ca (0x555fd53e66ca in /opt/conda/bin/python3.11)
frame #33: <unknown function> + 0x2b4353 (0x555fd53e2353 in /opt/conda/bin/python3.11)
frame #34: <unknown function> + 0x2c98f0 (0x555fd53f78f0 in /opt/conda/bin/python3.11)
frame #35: _PyRun_SimpleFileObject + 0x1bc (0x555fd53f727c in /opt/conda/bin/python3.11)
frame #36: _PyRun_AnyFileObject + 0x44 (0x555fd53f7014 in /opt/conda/bin/python3.11)
frame #37: Py_RunMain + 0x383 (0x555fd53f15e3 in /opt/conda/bin/python3.11)
frame #38: Py_BytesMain + 0x37 (0x555fd53b89d7 in /opt/conda/bin/python3.11)
frame #39: <unknown function> + 0x29d90 (0x1536ba2a5d90 in /lib/x86_64-linux-gnu/libc.so.6)
frame #40: __libc_start_main + 0x80 (0x1536ba2a5e40 in /lib/x86_64-linux-gnu/libc.so.6)
frame #41: <unknown function> + 0x28a88a (0x555fd53b888a in /opt/conda/bin/python3.11)

[W1126 19:27:45.863058245 socket.cpp:759] [c10d] The client socket cannot be initialized to connect to [jwb0006.juwels]:30805 (errno: 97 - Address family not supported by protocol).
[W1126 19:27:45.864083534 socket.cpp:759] [c10d] The client socket has failed to connect to jwb0006.juwels:30805 (errno: 113 - No route to host).
[E1126 19:27:45.864091664 socket.cpp:813] [c10d] The client socket has failed to connect to any network address of (10.11.241.16, 30805).
[W1126 19:27:45.864138595 TCPStore.cpp:330] [c10d] TCP client failed to connect/validate to host 10.11.241.16:30805 - retrying (try=7, timeout=900000ms, delay=8583ms): The client socket has failed to connect to any network address of (10.11.241.16, 30805). The client socket has failed to connect to jwb0006.juwels:30805 (errno: 113 - No route to host).
Exception raised from run at /pytorch/torch/csrc/distributed/c10d/socket.cpp:815 (most recent call first):
frame #0: c10::Error::Error(c10::SourceLocation, std::string) + 0x96 (0x148707b6c1b6 in /opt/conda/lib/python3.11/site-packages/torch/lib/libc10.so)
frame #1: <unknown function> + 0x16155eb (0x1486eb7da5eb in /opt/conda/lib/python3.11/site-packages/torch/lib/libtorch_cpu.so)
frame #2: <unknown function> + 0x63507f4 (0x1486f05157f4 in /opt/conda/lib/python3.11/site-packages/torch/lib/libtorch_cpu.so)
frame #3: <unknown function> + 0x630d216 (0x1486f04d2216 in /opt/conda/lib/python3.11/site-packages/torch/lib/libtorch_cpu.so)
frame #4: c10d::TCPStore::TCPStore(std::string, c10d::TCPStoreOptions const&) + 0x20c (0x1486f04d514c in /opt/conda/lib/python3.11/site-packages/torch/lib/libtorch_cpu.so)
frame #5: <unknown function> + 0xe486ef (0x1487000c96ef in /opt/conda/lib/python3.11/site-packages/torch/lib/libtorch_python.so)
frame #6: <unknown function> + 0x51a017 (0x1486ff79b017 in /opt/conda/lib/python3.11/site-packages/torch/lib/libtorch_python.so)
frame #7: <unknown function> + 0x1f9276 (0x5605059c0276 in /opt/conda/bin/python3.11)
frame #8: _PyObject_MakeTpCall + 0x29b (0x56050599d75b in /opt/conda/bin/python3.11)
frame #9: <unknown function> + 0x227206 (0x5605059ee206 in /opt/conda/bin/python3.11)
frame #10: _PyObject_Call + 0x12b (0x5605059d9b7b in /opt/conda/bin/python3.11)
frame #11: <unknown function> + 0x2101c4 (0x5605059d71c4 in /opt/conda/bin/python3.11)
frame #12: <unknown function> + 0x1d6a11 (0x56050599da11 in /opt/conda/bin/python3.11)
frame #13: <unknown function> + 0x51880b (0x1486ff79980b in /opt/conda/lib/python3.11/site-packages/torch/lib/libtorch_python.so)
frame #14: _PyObject_MakeTpCall + 0x29b (0x56050599d75b in /opt/conda/bin/python3.11)
frame #15: _PyEval_EvalFrameDefault + 0x70a (0x5605059aadda in /opt/conda/bin/python3.11)
frame #16: _PyFunction_Vectorcall + 0x17f (0x5605059cfb4f in /opt/conda/bin/python3.11)
frame #17: _PyEval_EvalFrameDefault + 0x4ae4 (0x5605059af1b4 in /opt/conda/bin/python3.11)
frame #18: _PyFunction_Vectorcall + 0x17f (0x5605059cfb4f in /opt/conda/bin/python3.11)
frame #19: _PyEval_EvalFrameDefault + 0x4ae4 (0x5605059af1b4 in /opt/conda/bin/python3.11)
frame #20: _PyFunction_Vectorcall + 0x17f (0x5605059cfb4f in /opt/conda/bin/python3.11)
frame #21: _PyEval_EvalFrameDefault + 0x4ae4 (0x5605059af1b4 in /opt/conda/bin/python3.11)
frame #22: _PyFunction_Vectorcall + 0x17f (0x5605059cfb4f in /opt/conda/bin/python3.11)
frame #23: _PyObject_FastCallDictTstate + 0x63 (0x5605059a2353 in /opt/conda/bin/python3.11)
frame #24: _PyObject_Call_Prepend + 0x69 (0x5605059d7479 in /opt/conda/bin/python3.11)
frame #25: <unknown function> + 0x2df709 (0x560505aa6709 in /opt/conda/bin/python3.11)
frame #26: PyObject_Call + 0xbe (0x5605059d988e in /opt/conda/bin/python3.11)
frame #27: _PyEval_EvalFrameDefault + 0x4ae4 (0x5605059af1b4 in /opt/conda/bin/python3.11)
frame #28: _PyFunction_Vectorcall + 0x17f (0x5605059cfb4f in /opt/conda/bin/python3.11)
frame #29: _PyEval_EvalFrameDefault + 0x4ae4 (0x5605059af1b4 in /opt/conda/bin/python3.11)
frame #30: <unknown function> + 0x29b01d (0x560505a6201d in /opt/conda/bin/python3.11)
frame #31: PyEval_EvalCode + 0x9f (0x560505a6175f in /opt/conda/bin/python3.11)
frame #32: <unknown function> + 0x2b86ca (0x560505a7f6ca in /opt/conda/bin/python3.11)
frame #33: <unknown function> + 0x2b4353 (0x560505a7b353 in /opt/conda/bin/python3.11)
frame #34: <unknown function> + 0x2c98f0 (0x560505a908f0 in /opt/conda/bin/python3.11)
frame #35: _PyRun_SimpleFileObject + 0x1bc (0x560505a9027c in /opt/conda/bin/python3.11)
frame #36: _PyRun_AnyFileObject + 0x44 (0x560505a90014 in /opt/conda/bin/python3.11)
frame #37: Py_RunMain + 0x383 (0x560505a8a5e3 in /opt/conda/bin/python3.11)
frame #38: Py_BytesMain + 0x37 (0x560505a519d7 in /opt/conda/bin/python3.11)
frame #39: <unknown function> + 0x29d90 (0x148708b78d90 in /lib/x86_64-linux-gnu/libc.so.6)
frame #40: __libc_start_main + 0x80 (0x148708b78e40 in /lib/x86_64-linux-gnu/libc.so.6)
frame #41: <unknown function> + 0x28a88a (0x560505a5188a in /opt/conda/bin/python3.11)

[W1126 19:27:46.404899359 socket.cpp:759] [c10d] The client socket cannot be initialized to connect to [jwb0006.juwels]:30805 (errno: 97 - Address family not supported by protocol).
[W1126 19:27:46.405860734 socket.cpp:759] [c10d] The client socket has failed to connect to jwb0006.juwels:30805 (errno: 113 - No route to host).
[E1126 19:27:46.405868784 socket.cpp:813] [c10d] The client socket has failed to connect to any network address of (10.11.241.16, 30805).
[W1126 19:27:46.405922384 TCPStore.cpp:330] [c10d] TCP client failed to connect/validate to host 10.11.241.16:30805 - retrying (try=7, timeout=900000ms, delay=12721ms): The client socket has failed to connect to any network address of (10.11.241.16, 30805). The client socket has failed to connect to jwb0006.juwels:30805 (errno: 113 - No route to host).
Exception raised from run at /pytorch/torch/csrc/distributed/c10d/socket.cpp:815 (most recent call first):
frame #0: c10::Error::Error(c10::SourceLocation, std::string) + 0x96 (0x14ee9ff6c1b6 in /opt/conda/lib/python3.11/site-packages/torch/lib/libc10.so)
frame #1: <unknown function> + 0x16155eb (0x14ee837da5eb in /opt/conda/lib/python3.11/site-packages/torch/lib/libtorch_cpu.so)
frame #2: <unknown function> + 0x63507f4 (0x14ee885157f4 in /opt/conda/lib/python3.11/site-packages/torch/lib/libtorch_cpu.so)
frame #3: <unknown function> + 0x630d216 (0x14ee884d2216 in /opt/conda/lib/python3.11/site-packages/torch/lib/libtorch_cpu.so)
frame #4: c10d::TCPStore::TCPStore(std::string, c10d::TCPStoreOptions const&) + 0x20c (0x14ee884d514c in /opt/conda/lib/python3.11/site-packages/torch/lib/libtorch_cpu.so)
frame #5: <unknown function> + 0xe486ef (0x14ee980c96ef in /opt/conda/lib/python3.11/site-packages/torch/lib/libtorch_python.so)
frame #6: <unknown function> + 0x51a017 (0x14ee9779b017 in /opt/conda/lib/python3.11/site-packages/torch/lib/libtorch_python.so)
frame #7: <unknown function> + 0x1f9276 (0x5596ebd77276 in /opt/conda/bin/python3.11)
frame #8: _PyObject_MakeTpCall + 0x29b (0x5596ebd5475b in /opt/conda/bin/python3.11)
frame #9: <unknown function> + 0x227206 (0x5596ebda5206 in /opt/conda/bin/python3.11)
frame #10: _PyObject_Call + 0x12b (0x5596ebd90b7b in /opt/conda/bin/python3.11)
frame #11: <unknown function> + 0x2101c4 (0x5596ebd8e1c4 in /opt/conda/bin/python3.11)
frame #12: <unknown function> + 0x1d6a11 (0x5596ebd54a11 in /opt/conda/bin/python3.11)
frame #13: <unknown function> + 0x51880b (0x14ee9779980b in /opt/conda/lib/python3.11/site-packages/torch/lib/libtorch_python.so)
frame #14: _PyObject_MakeTpCall + 0x29b (0x5596ebd5475b in /opt/conda/bin/python3.11)
frame #15: _PyEval_EvalFrameDefault + 0x70a (0x5596ebd61dda in /opt/conda/bin/python3.11)
frame #16: _PyFunction_Vectorcall + 0x17f (0x5596ebd86b4f in /opt/conda/bin/python3.11)
frame #17: _PyEval_EvalFrameDefault + 0x4ae4 (0x5596ebd661b4 in /opt/conda/bin/python3.11)
frame #18: _PyFunction_Vectorcall + 0x17f (0x5596ebd86b4f in /opt/conda/bin/python3.11)
frame #19: _PyEval_EvalFrameDefault + 0x4ae4 (0x5596ebd661b4 in /opt/conda/bin/python3.11)
frame #20: _PyFunction_Vectorcall + 0x17f (0x5596ebd86b4f in /opt/conda/bin/python3.11)
frame #21: _PyEval_EvalFrameDefault + 0x4ae4 (0x5596ebd661b4 in /opt/conda/bin/python3.11)
frame #22: _PyFunction_Vectorcall + 0x17f (0x5596ebd86b4f in /opt/conda/bin/python3.11)
frame #23: _PyObject_FastCallDictTstate + 0x63 (0x5596ebd59353 in /opt/conda/bin/python3.11)
frame #24: _PyObject_Call_Prepend + 0x69 (0x5596ebd8e479 in /opt/conda/bin/python3.11)
frame #25: <unknown function> + 0x2df709 (0x5596ebe5d709 in /opt/conda/bin/python3.11)
frame #26: PyObject_Call + 0xbe (0x5596ebd9088e in /opt/conda/bin/python3.11)
frame #27: _PyEval_EvalFrameDefault + 0x4ae4 (0x5596ebd661b4 in /opt/conda/bin/python3.11)
frame #28: _PyFunction_Vectorcall + 0x17f (0x5596ebd86b4f in /opt/conda/bin/python3.11)
frame #29: _PyEval_EvalFrameDefault + 0x4ae4 (0x5596ebd661b4 in /opt/conda/bin/python3.11)
frame #30: <unknown function> + 0x29b01d (0x5596ebe1901d in /opt/conda/bin/python3.11)
frame #31: PyEval_EvalCode + 0x9f (0x5596ebe1875f in /opt/conda/bin/python3.11)
frame #32: <unknown function> + 0x2b86ca (0x5596ebe366ca in /opt/conda/bin/python3.11)
frame #33: <unknown function> + 0x2b4353 (0x5596ebe32353 in /opt/conda/bin/python3.11)
frame #34: <unknown function> + 0x2c98f0 (0x5596ebe478f0 in /opt/conda/bin/python3.11)
frame #35: _PyRun_SimpleFileObject + 0x1bc (0x5596ebe4727c in /opt/conda/bin/python3.11)
frame #36: _PyRun_AnyFileObject + 0x44 (0x5596ebe47014 in /opt/conda/bin/python3.11)
frame #37: Py_RunMain + 0x383 (0x5596ebe415e3 in /opt/conda/bin/python3.11)
frame #38: Py_BytesMain + 0x37 (0x5596ebe089d7 in /opt/conda/bin/python3.11)
frame #39: <unknown function> + 0x29d90 (0x14eea0c18d90 in /lib/x86_64-linux-gnu/libc.so.6)
frame #40: __libc_start_main + 0x80 (0x14eea0c18e40 in /lib/x86_64-linux-gnu/libc.so.6)
frame #41: <unknown function> + 0x28a88a (0x5596ebe0888a in /opt/conda/bin/python3.11)

[W1126 19:27:47.532517197 socket.cpp:759] [c10d] The client socket cannot be initialized to connect to [jwb0006.juwels]:30805 (errno: 97 - Address family not supported by protocol).
[W1126 19:27:47.533771631 socket.cpp:759] [c10d] The client socket has failed to connect to jwb0006.juwels:30805 (errno: 113 - No route to host).
[E1126 19:27:47.533779681 socket.cpp:813] [c10d] The client socket has failed to connect to any network address of (10.11.241.16, 30805).
[W1126 19:27:47.533852972 TCPStore.cpp:330] [c10d] TCP client failed to connect/validate to host 10.11.241.16:30805 - retrying (try=7, timeout=900000ms, delay=7047ms): The client socket has failed to connect to any network address of (10.11.241.16, 30805). The client socket has failed to connect to jwb0006.juwels:30805 (errno: 113 - No route to host).
Exception raised from run at /pytorch/torch/csrc/distributed/c10d/socket.cpp:815 (most recent call first):
frame #0: c10::Error::Error(c10::SourceLocation, std::string) + 0x96 (0x150873d6c1b6 in /opt/conda/lib/python3.11/site-packages/torch/lib/libc10.so)
frame #1: <unknown function> + 0x16155eb (0x1508579da5eb in /opt/conda/lib/python3.11/site-packages/torch/lib/libtorch_cpu.so)
frame #2: <unknown function> + 0x63507f4 (0x15085c7157f4 in /opt/conda/lib/python3.11/site-packages/torch/lib/libtorch_cpu.so)
frame #3: <unknown function> + 0x630d216 (0x15085c6d2216 in /opt/conda/lib/python3.11/site-packages/torch/lib/libtorch_cpu.so)
frame #4: c10d::TCPStore::TCPStore(std::string, c10d::TCPStoreOptions const&) + 0x20c (0x15085c6d514c in /opt/conda/lib/python3.11/site-packages/torch/lib/libtorch_cpu.so)
frame #5: <unknown function> + 0xe486ef (0x15086c2c96ef in /opt/conda/lib/python3.11/site-packages/torch/lib/libtorch_python.so)
frame #6: <unknown function> + 0x51a017 (0x15086b99b017 in /opt/conda/lib/python3.11/site-packages/torch/lib/libtorch_python.so)
frame #7: <unknown function> + 0x1f9276 (0x561064099276 in /opt/conda/bin/python3.11)
frame #8: _PyObject_MakeTpCall + 0x29b (0x56106407675b in /opt/conda/bin/python3.11)
frame #9: <unknown function> + 0x227206 (0x5610640c7206 in /opt/conda/bin/python3.11)
frame #10: _PyObject_Call + 0x12b (0x5610640b2b7b in /opt/conda/bin/python3.11)
frame #11: <unknown function> + 0x2101c4 (0x5610640b01c4 in /opt/conda/bin/python3.11)
frame #12: <unknown function> + 0x1d6a11 (0x561064076a11 in /opt/conda/bin/python3.11)
frame #13: <unknown function> + 0x51880b (0x15086b99980b in /opt/conda/lib/python3.11/site-packages/torch/lib/libtorch_python.so)
frame #14: _PyObject_MakeTpCall + 0x29b (0x56106407675b in /opt/conda/bin/python3.11)
frame #15: _PyEval_EvalFrameDefault + 0x70a (0x561064083dda in /opt/conda/bin/python3.11)
frame #16: _PyFunction_Vectorcall + 0x17f (0x5610640a8b4f in /opt/conda/bin/python3.11)
frame #17: _PyEval_EvalFrameDefault + 0x4ae4 (0x5610640881b4 in /opt/conda/bin/python3.11)
frame #18: _PyFunction_Vectorcall + 0x17f (0x5610640a8b4f in /opt/conda/bin/python3.11)
frame #19: _PyEval_EvalFrameDefault + 0x4ae4 (0x5610640881b4 in /opt/conda/bin/python3.11)
frame #20: _PyFunction_Vectorcall + 0x17f (0x5610640a8b4f in /opt/conda/bin/python3.11)
frame #21: _PyEval_EvalFrameDefault + 0x4ae4 (0x5610640881b4 in /opt/conda/bin/python3.11)
frame #22: _PyFunction_Vectorcall + 0x17f (0x5610640a8b4f in /opt/conda/bin/python3.11)
frame #23: _PyObject_FastCallDictTstate + 0x63 (0x56106407b353 in /opt/conda/bin/python3.11)
frame #24: _PyObject_Call_Prepend + 0x69 (0x5610640b0479 in /opt/conda/bin/python3.11)
frame #25: <unknown function> + 0x2df709 (0x56106417f709 in /opt/conda/bin/python3.11)
frame #26: PyObject_Call + 0xbe (0x5610640b288e in /opt/conda/bin/python3.11)
frame #27: _PyEval_EvalFrameDefault + 0x4ae4 (0x5610640881b4 in /opt/conda/bin/python3.11)
frame #28: _PyFunction_Vectorcall + 0x17f (0x5610640a8b4f in /opt/conda/bin/python3.11)
frame #29: _PyEval_EvalFrameDefault + 0x4ae4 (0x5610640881b4 in /opt/conda/bin/python3.11)
frame #30: <unknown function> + 0x29b01d (0x56106413b01d in /opt/conda/bin/python3.11)
frame #31: PyEval_EvalCode + 0x9f (0x56106413a75f in /opt/conda/bin/python3.11)
frame #32: <unknown function> + 0x2b86ca (0x5610641586ca in /opt/conda/bin/python3.11)
frame #33: <unknown function> + 0x2b4353 (0x561064154353 in /opt/conda/bin/python3.11)
frame #34: <unknown function> + 0x2c98f0 (0x5610641698f0 in /opt/conda/bin/python3.11)
frame #35: _PyRun_SimpleFileObject + 0x1bc (0x56106416927c in /opt/conda/bin/python3.11)
frame #36: _PyRun_AnyFileObject + 0x44 (0x561064169014 in /opt/conda/bin/python3.11)
frame #37: Py_RunMain + 0x383 (0x5610641635e3 in /opt/conda/bin/python3.11)
frame #38: Py_BytesMain + 0x37 (0x56106412a9d7 in /opt/conda/bin/python3.11)
frame #39: <unknown function> + 0x29d90 (0x150874d40d90 in /lib/x86_64-linux-gnu/libc.so.6)
frame #40: __libc_start_main + 0x80 (0x150874d40e40 in /lib/x86_64-linux-gnu/libc.so.6)
frame #41: <unknown function> + 0x28a88a (0x56106412a88a in /opt/conda/bin/python3.11)

[W1126 19:27:49.987057293 socket.cpp:759] [c10d] The client socket cannot be initialized to connect to [jwb0006.juwels]:30805 (errno: 97 - Address family not supported by protocol).
[W1126 19:27:49.988238198 socket.cpp:759] [c10d] The client socket has failed to connect to jwb0006.juwels:30805 (errno: 113 - No route to host).
[E1126 19:27:49.988246948 socket.cpp:813] [c10d] The client socket has failed to connect to any network address of (10.11.241.16, 30805).
[W1126 19:27:49.988305938 TCPStore.cpp:330] [c10d] TCP client failed to connect/validate to host 10.11.241.16:30805 - retrying (try=8, timeout=900000ms, delay=16289ms): The client socket has failed to connect to any network address of (10.11.241.16, 30805). The client socket has failed to connect to jwb0006.juwels:30805 (errno: 113 - No route to host).
Exception raised from run at /pytorch/torch/csrc/distributed/c10d/socket.cpp:815 (most recent call first):
frame #0: c10::Error::Error(c10::SourceLocation, std::string) + 0x96 (0x1536b956c1b6 in /opt/conda/lib/python3.11/site-packages/torch/lib/libc10.so)
frame #1: <unknown function> + 0x16155eb (0x15369cdda5eb in /opt/conda/lib/python3.11/site-packages/torch/lib/libtorch_cpu.so)
frame #2: <unknown function> + 0x63507f4 (0x1536a1b157f4 in /opt/conda/lib/python3.11/site-packages/torch/lib/libtorch_cpu.so)
frame #3: <unknown function> + 0x630d216 (0x1536a1ad2216 in /opt/conda/lib/python3.11/site-packages/torch/lib/libtorch_cpu.so)
frame #4: c10d::TCPStore::TCPStore(std::string, c10d::TCPStoreOptions const&) + 0x20c (0x1536a1ad514c in /opt/conda/lib/python3.11/site-packages/torch/lib/libtorch_cpu.so)
frame #5: <unknown function> + 0xe486ef (0x1536b16c96ef in /opt/conda/lib/python3.11/site-packages/torch/lib/libtorch_python.so)
frame #6: <unknown function> + 0x51a017 (0x1536b0d9b017 in /opt/conda/lib/python3.11/site-packages/torch/lib/libtorch_python.so)
frame #7: <unknown function> + 0x1f9276 (0x555fd5327276 in /opt/conda/bin/python3.11)
frame #8: _PyObject_MakeTpCall + 0x29b (0x555fd530475b in /opt/conda/bin/python3.11)
frame #9: <unknown function> + 0x227206 (0x555fd5355206 in /opt/conda/bin/python3.11)
frame #10: _PyObject_Call + 0x12b (0x555fd5340b7b in /opt/conda/bin/python3.11)
frame #11: <unknown function> + 0x2101c4 (0x555fd533e1c4 in /opt/conda/bin/python3.11)
frame #12: <unknown function> + 0x1d6a11 (0x555fd5304a11 in /opt/conda/bin/python3.11)
frame #13: <unknown function> + 0x51880b (0x1536b0d9980b in /opt/conda/lib/python3.11/site-packages/torch/lib/libtorch_python.so)
frame #14: _PyObject_MakeTpCall + 0x29b (0x555fd530475b in /opt/conda/bin/python3.11)
frame #15: _PyEval_EvalFrameDefault + 0x70a (0x555fd5311dda in /opt/conda/bin/python3.11)
frame #16: _PyFunction_Vectorcall + 0x17f (0x555fd5336b4f in /opt/conda/bin/python3.11)
frame #17: _PyEval_EvalFrameDefault + 0x4ae4 (0x555fd53161b4 in /opt/conda/bin/python3.11)
frame #18: _PyFunction_Vectorcall + 0x17f (0x555fd5336b4f in /opt/conda/bin/python3.11)
frame #19: _PyEval_EvalFrameDefault + 0x4ae4 (0x555fd53161b4 in /opt/conda/bin/python3.11)
frame #20: _PyFunction_Vectorcall + 0x17f (0x555fd5336b4f in /opt/conda/bin/python3.11)
frame #21: _PyEval_EvalFrameDefault + 0x4ae4 (0x555fd53161b4 in /opt/conda/bin/python3.11)
frame #22: _PyFunction_Vectorcall + 0x17f (0x555fd5336b4f in /opt/conda/bin/python3.11)
frame #23: _PyObject_FastCallDictTstate + 0x63 (0x555fd5309353 in /opt/conda/bin/python3.11)
frame #24: _PyObject_Call_Prepend + 0x69 (0x555fd533e479 in /opt/conda/bin/python3.11)
frame #25: <unknown function> + 0x2df709 (0x555fd540d709 in /opt/conda/bin/python3.11)
frame #26: PyObject_Call + 0xbe (0x555fd534088e in /opt/conda/bin/python3.11)
frame #27: _PyEval_EvalFrameDefault + 0x4ae4 (0x555fd53161b4 in /opt/conda/bin/python3.11)
frame #28: _PyFunction_Vectorcall + 0x17f (0x555fd5336b4f in /opt/conda/bin/python3.11)
frame #29: _PyEval_EvalFrameDefault + 0x4ae4 (0x555fd53161b4 in /opt/conda/bin/python3.11)
frame #30: <unknown function> + 0x29b01d (0x555fd53c901d in /opt/conda/bin/python3.11)
frame #31: PyEval_EvalCode + 0x9f (0x555fd53c875f in /opt/conda/bin/python3.11)
frame #32: <unknown function> + 0x2b86ca (0x555fd53e66ca in /opt/conda/bin/python3.11)
frame #33: <unknown function> + 0x2b4353 (0x555fd53e2353 in /opt/conda/bin/python3.11)
frame #34: <unknown function> + 0x2c98f0 (0x555fd53f78f0 in /opt/conda/bin/python3.11)
frame #35: _PyRun_SimpleFileObject + 0x1bc (0x555fd53f727c in /opt/conda/bin/python3.11)
frame #36: _PyRun_AnyFileObject + 0x44 (0x555fd53f7014 in /opt/conda/bin/python3.11)
frame #37: Py_RunMain + 0x383 (0x555fd53f15e3 in /opt/conda/bin/python3.11)
frame #38: Py_BytesMain + 0x37 (0x555fd53b89d7 in /opt/conda/bin/python3.11)
frame #39: <unknown function> + 0x29d90 (0x1536ba2a5d90 in /lib/x86_64-linux-gnu/libc.so.6)
frame #40: __libc_start_main + 0x80 (0x1536ba2a5e40 in /lib/x86_64-linux-gnu/libc.so.6)
frame #41: <unknown function> + 0x28a88a (0x555fd53b888a in /opt/conda/bin/python3.11)

[W1126 19:27:54.453597146 socket.cpp:759] [c10d] The client socket cannot be initialized to connect to [jwb0006.juwels]:30805 (errno: 97 - Address family not supported by protocol).
[W1126 19:27:54.454522794 socket.cpp:759] [c10d] The client socket has failed to connect to jwb0006.juwels:30805 (errno: 113 - No route to host).
[E1126 19:27:54.454530934 socket.cpp:813] [c10d] The client socket has failed to connect to any network address of (10.11.241.16, 30805).
[W1126 19:27:54.454582015 TCPStore.cpp:330] [c10d] TCP client failed to connect/validate to host 10.11.241.16:30805 - retrying (try=8, timeout=900000ms, delay=15954ms): The client socket has failed to connect to any network address of (10.11.241.16, 30805). The client socket has failed to connect to jwb0006.juwels:30805 (errno: 113 - No route to host).
Exception raised from run at /pytorch/torch/csrc/distributed/c10d/socket.cpp:815 (most recent call first):
frame #0: c10::Error::Error(c10::SourceLocation, std::string) + 0x96 (0x148707b6c1b6 in /opt/conda/lib/python3.11/site-packages/torch/lib/libc10.so)
frame #1: <unknown function> + 0x16155eb (0x1486eb7da5eb in /opt/conda/lib/python3.11/site-packages/torch/lib/libtorch_cpu.so)
frame #2: <unknown function> + 0x63507f4 (0x1486f05157f4 in /opt/conda/lib/python3.11/site-packages/torch/lib/libtorch_cpu.so)
frame #3: <unknown function> + 0x630d216 (0x1486f04d2216 in /opt/conda/lib/python3.11/site-packages/torch/lib/libtorch_cpu.so)
frame #4: c10d::TCPStore::TCPStore(std::string, c10d::TCPStoreOptions const&) + 0x20c (0x1486f04d514c in /opt/conda/lib/python3.11/site-packages/torch/lib/libtorch_cpu.so)
frame #5: <unknown function> + 0xe486ef (0x1487000c96ef in /opt/conda/lib/python3.11/site-packages/torch/lib/libtorch_python.so)
frame #6: <unknown function> + 0x51a017 (0x1486ff79b017 in /opt/conda/lib/python3.11/site-packages/torch/lib/libtorch_python.so)
frame #7: <unknown function> + 0x1f9276 (0x5605059c0276 in /opt/conda/bin/python3.11)
frame #8: _PyObject_MakeTpCall + 0x29b (0x56050599d75b in /opt/conda/bin/python3.11)
frame #9: <unknown function> + 0x227206 (0x5605059ee206 in /opt/conda/bin/python3.11)
frame #10: _PyObject_Call + 0x12b (0x5605059d9b7b in /opt/conda/bin/python3.11)
frame #11: <unknown function> + 0x2101c4 (0x5605059d71c4 in /opt/conda/bin/python3.11)
frame #12: <unknown function> + 0x1d6a11 (0x56050599da11 in /opt/conda/bin/python3.11)
frame #13: <unknown function> + 0x51880b (0x1486ff79980b in /opt/conda/lib/python3.11/site-packages/torch/lib/libtorch_python.so)
frame #14: _PyObject_MakeTpCall + 0x29b (0x56050599d75b in /opt/conda/bin/python3.11)
frame #15: _PyEval_EvalFrameDefault + 0x70a (0x5605059aadda in /opt/conda/bin/python3.11)
frame #16: _PyFunction_Vectorcall + 0x17f (0x5605059cfb4f in /opt/conda/bin/python3.11)
frame #17: _PyEval_EvalFrameDefault + 0x4ae4 (0x5605059af1b4 in /opt/conda/bin/python3.11)
frame #18: _PyFunction_Vectorcall + 0x17f (0x5605059cfb4f in /opt/conda/bin/python3.11)
frame #19: _PyEval_EvalFrameDefault + 0x4ae4 (0x5605059af1b4 in /opt/conda/bin/python3.11)
frame #20: _PyFunction_Vectorcall + 0x17f (0x5605059cfb4f in /opt/conda/bin/python3.11)
frame #21: _PyEval_EvalFrameDefault + 0x4ae4 (0x5605059af1b4 in /opt/conda/bin/python3.11)
frame #22: _PyFunction_Vectorcall + 0x17f (0x5605059cfb4f in /opt/conda/bin/python3.11)
frame #23: _PyObject_FastCallDictTstate + 0x63 (0x5605059a2353 in /opt/conda/bin/python3.11)
frame #24: _PyObject_Call_Prepend + 0x69 (0x5605059d7479 in /opt/conda/bin/python3.11)
frame #25: <unknown function> + 0x2df709 (0x560505aa6709 in /opt/conda/bin/python3.11)
frame #26: PyObject_Call + 0xbe (0x5605059d988e in /opt/conda/bin/python3.11)
frame #27: _PyEval_EvalFrameDefault + 0x4ae4 (0x5605059af1b4 in /opt/conda/bin/python3.11)
frame #28: _PyFunction_Vectorcall + 0x17f (0x5605059cfb4f in /opt/conda/bin/python3.11)
frame #29: _PyEval_EvalFrameDefault + 0x4ae4 (0x5605059af1b4 in /opt/conda/bin/python3.11)
frame #30: <unknown function> + 0x29b01d (0x560505a6201d in /opt/conda/bin/python3.11)
frame #31: PyEval_EvalCode + 0x9f (0x560505a6175f in /opt/conda/bin/python3.11)
frame #32: <unknown function> + 0x2b86ca (0x560505a7f6ca in /opt/conda/bin/python3.11)
frame #33: <unknown function> + 0x2b4353 (0x560505a7b353 in /opt/conda/bin/python3.11)
frame #34: <unknown function> + 0x2c98f0 (0x560505a908f0 in /opt/conda/bin/python3.11)
frame #35: _PyRun_SimpleFileObject + 0x1bc (0x560505a9027c in /opt/conda/bin/python3.11)
frame #36: _PyRun_AnyFileObject + 0x44 (0x560505a90014 in /opt/conda/bin/python3.11)
frame #37: Py_RunMain + 0x383 (0x560505a8a5e3 in /opt/conda/bin/python3.11)
frame #38: Py_BytesMain + 0x37 (0x560505a519d7 in /opt/conda/bin/python3.11)
frame #39: <unknown function> + 0x29d90 (0x148708b78d90 in /lib/x86_64-linux-gnu/libc.so.6)
frame #40: __libc_start_main + 0x80 (0x148708b78e40 in /lib/x86_64-linux-gnu/libc.so.6)
frame #41: <unknown function> + 0x28a88a (0x560505a5188a in /opt/conda/bin/python3.11)

[W1126 19:27:54.587459896 socket.cpp:759] [c10d] The client socket cannot be initialized to connect to [jwb0006.juwels]:30805 (errno: 97 - Address family not supported by protocol).
[W1126 19:27:54.588396997 socket.cpp:759] [c10d] The client socket has failed to connect to jwb0006.juwels:30805 (errno: 113 - No route to host).
[E1126 19:27:54.588404917 socket.cpp:813] [c10d] The client socket has failed to connect to any network address of (10.11.241.16, 30805).
[W1126 19:27:54.588466058 TCPStore.cpp:330] [c10d] TCP client failed to connect/validate to host 10.11.241.16:30805 - retrying (try=8, timeout=900000ms, delay=7356ms): The client socket has failed to connect to any network address of (10.11.241.16, 30805). The client socket has failed to connect to jwb0006.juwels:30805 (errno: 113 - No route to host).
Exception raised from run at /pytorch/torch/csrc/distributed/c10d/socket.cpp:815 (most recent call first):
frame #0: c10::Error::Error(c10::SourceLocation, std::string) + 0x96 (0x150873d6c1b6 in /opt/conda/lib/python3.11/site-packages/torch/lib/libc10.so)
frame #1: <unknown function> + 0x16155eb (0x1508579da5eb in /opt/conda/lib/python3.11/site-packages/torch/lib/libtorch_cpu.so)
frame #2: <unknown function> + 0x63507f4 (0x15085c7157f4 in /opt/conda/lib/python3.11/site-packages/torch/lib/libtorch_cpu.so)
frame #3: <unknown function> + 0x630d216 (0x15085c6d2216 in /opt/conda/lib/python3.11/site-packages/torch/lib/libtorch_cpu.so)
frame #4: c10d::TCPStore::TCPStore(std::string, c10d::TCPStoreOptions const&) + 0x20c (0x15085c6d514c in /opt/conda/lib/python3.11/site-packages/torch/lib/libtorch_cpu.so)
frame #5: <unknown function> + 0xe486ef (0x15086c2c96ef in /opt/conda/lib/python3.11/site-packages/torch/lib/libtorch_python.so)
frame #6: <unknown function> + 0x51a017 (0x15086b99b017 in /opt/conda/lib/python3.11/site-packages/torch/lib/libtorch_python.so)
frame #7: <unknown function> + 0x1f9276 (0x561064099276 in /opt/conda/bin/python3.11)
frame #8: _PyObject_MakeTpCall + 0x29b (0x56106407675b in /opt/conda/bin/python3.11)
frame #9: <unknown function> + 0x227206 (0x5610640c7206 in /opt/conda/bin/python3.11)
frame #10: _PyObject_Call + 0x12b (0x5610640b2b7b in /opt/conda/bin/python3.11)
frame #11: <unknown function> + 0x2101c4 (0x5610640b01c4 in /opt/conda/bin/python3.11)
frame #12: <unknown function> + 0x1d6a11 (0x561064076a11 in /opt/conda/bin/python3.11)
frame #13: <unknown function> + 0x51880b (0x15086b99980b in /opt/conda/lib/python3.11/site-packages/torch/lib/libtorch_python.so)
frame #14: _PyObject_MakeTpCall + 0x29b (0x56106407675b in /opt/conda/bin/python3.11)
frame #15: _PyEval_EvalFrameDefault + 0x70a (0x561064083dda in /opt/conda/bin/python3.11)
frame #16: _PyFunction_Vectorcall + 0x17f (0x5610640a8b4f in /opt/conda/bin/python3.11)
frame #17: _PyEval_EvalFrameDefault + 0x4ae4 (0x5610640881b4 in /opt/conda/bin/python3.11)
frame #18: _PyFunction_Vectorcall + 0x17f (0x5610640a8b4f in /opt/conda/bin/python3.11)
frame #19: _PyEval_EvalFrameDefault + 0x4ae4 (0x5610640881b4 in /opt/conda/bin/python3.11)
frame #20: _PyFunction_Vectorcall + 0x17f (0x5610640a8b4f in /opt/conda/bin/python3.11)
frame #21: _PyEval_EvalFrameDefault + 0x4ae4 (0x5610640881b4 in /opt/conda/bin/python3.11)
frame #22: _PyFunction_Vectorcall + 0x17f (0x5610640a8b4f in /opt/conda/bin/python3.11)
frame #23: _PyObject_FastCallDictTstate + 0x63 (0x56106407b353 in /opt/conda/bin/python3.11)
frame #24: _PyObject_Call_Prepend + 0x69 (0x5610640b0479 in /opt/conda/bin/python3.11)
frame #25: <unknown function> + 0x2df709 (0x56106417f709 in /opt/conda/bin/python3.11)
frame #26: PyObject_Call + 0xbe (0x5610640b288e in /opt/conda/bin/python3.11)
frame #27: _PyEval_EvalFrameDefault + 0x4ae4 (0x5610640881b4 in /opt/conda/bin/python3.11)
frame #28: _PyFunction_Vectorcall + 0x17f (0x5610640a8b4f in /opt/conda/bin/python3.11)
frame #29: _PyEval_EvalFrameDefault + 0x4ae4 (0x5610640881b4 in /opt/conda/bin/python3.11)
frame #30: <unknown function> + 0x29b01d (0x56106413b01d in /opt/conda/bin/python3.11)
frame #31: PyEval_EvalCode + 0x9f (0x56106413a75f in /opt/conda/bin/python3.11)
frame #32: <unknown function> + 0x2b86ca (0x5610641586ca in /opt/conda/bin/python3.11)
frame #33: <unknown function> + 0x2b4353 (0x561064154353 in /opt/conda/bin/python3.11)
frame #34: <unknown function> + 0x2c98f0 (0x5610641698f0 in /opt/conda/bin/python3.11)
frame #35: _PyRun_SimpleFileObject + 0x1bc (0x56106416927c in /opt/conda/bin/python3.11)
frame #36: _PyRun_AnyFileObject + 0x44 (0x561064169014 in /opt/conda/bin/python3.11)
frame #37: Py_RunMain + 0x383 (0x5610641635e3 in /opt/conda/bin/python3.11)
frame #38: Py_BytesMain + 0x37 (0x56106412a9d7 in /opt/conda/bin/python3.11)
frame #39: <unknown function> + 0x29d90 (0x150874d40d90 in /lib/x86_64-linux-gnu/libc.so.6)
frame #40: __libc_start_main + 0x80 (0x150874d40e40 in /lib/x86_64-linux-gnu/libc.so.6)
frame #41: <unknown function> + 0x28a88a (0x56106412a88a in /opt/conda/bin/python3.11)

[W1126 19:27:58.133400191 socket.cpp:759] [c10d] The client socket cannot be initialized to connect to [jwb0006.juwels]:30805 (errno: 97 - Address family not supported by protocol).
[W1126 19:27:58.134397335 socket.cpp:759] [c10d] The client socket has failed to connect to jwb0006.juwels:30805 (errno: 113 - No route to host).
[E1126 19:27:58.134405125 socket.cpp:813] [c10d] The client socket has failed to connect to any network address of (10.11.241.16, 30805).
[W1126 19:27:58.134463506 TCPStore.cpp:330] [c10d] TCP client failed to connect/validate to host 10.11.241.16:30805 - retrying (try=8, timeout=900000ms, delay=19084ms): The client socket has failed to connect to any network address of (10.11.241.16, 30805). The client socket has failed to connect to jwb0006.juwels:30805 (errno: 113 - No route to host).
Exception raised from run at /pytorch/torch/csrc/distributed/c10d/socket.cpp:815 (most recent call first):
frame #0: c10::Error::Error(c10::SourceLocation, std::string) + 0x96 (0x14ee9ff6c1b6 in /opt/conda/lib/python3.11/site-packages/torch/lib/libc10.so)
frame #1: <unknown function> + 0x16155eb (0x14ee837da5eb in /opt/conda/lib/python3.11/site-packages/torch/lib/libtorch_cpu.so)
frame #2: <unknown function> + 0x63507f4 (0x14ee885157f4 in /opt/conda/lib/python3.11/site-packages/torch/lib/libtorch_cpu.so)
frame #3: <unknown function> + 0x630d216 (0x14ee884d2216 in /opt/conda/lib/python3.11/site-packages/torch/lib/libtorch_cpu.so)
frame #4: c10d::TCPStore::TCPStore(std::string, c10d::TCPStoreOptions const&) + 0x20c (0x14ee884d514c in /opt/conda/lib/python3.11/site-packages/torch/lib/libtorch_cpu.so)
frame #5: <unknown function> + 0xe486ef (0x14ee980c96ef in /opt/conda/lib/python3.11/site-packages/torch/lib/libtorch_python.so)
frame #6: <unknown function> + 0x51a017 (0x14ee9779b017 in /opt/conda/lib/python3.11/site-packages/torch/lib/libtorch_python.so)
frame #7: <unknown function> + 0x1f9276 (0x5596ebd77276 in /opt/conda/bin/python3.11)
frame #8: _PyObject_MakeTpCall + 0x29b (0x5596ebd5475b in /opt/conda/bin/python3.11)
frame #9: <unknown function> + 0x227206 (0x5596ebda5206 in /opt/conda/bin/python3.11)
frame #10: _PyObject_Call + 0x12b (0x5596ebd90b7b in /opt/conda/bin/python3.11)
frame #11: <unknown function> + 0x2101c4 (0x5596ebd8e1c4 in /opt/conda/bin/python3.11)
frame #12: <unknown function> + 0x1d6a11 (0x5596ebd54a11 in /opt/conda/bin/python3.11)
frame #13: <unknown function> + 0x51880b (0x14ee9779980b in /opt/conda/lib/python3.11/site-packages/torch/lib/libtorch_python.so)
frame #14: _PyObject_MakeTpCall + 0x29b (0x5596ebd5475b in /opt/conda/bin/python3.11)
frame #15: _PyEval_EvalFrameDefault + 0x70a (0x5596ebd61dda in /opt/conda/bin/python3.11)
frame #16: _PyFunction_Vectorcall + 0x17f (0x5596ebd86b4f in /opt/conda/bin/python3.11)
frame #17: _PyEval_EvalFrameDefault + 0x4ae4 (0x5596ebd661b4 in /opt/conda/bin/python3.11)
frame #18: _PyFunction_Vectorcall + 0x17f (0x5596ebd86b4f in /opt/conda/bin/python3.11)
frame #19: _PyEval_EvalFrameDefault + 0x4ae4 (0x5596ebd661b4 in /opt/conda/bin/python3.11)
frame #20: _PyFunction_Vectorcall + 0x17f (0x5596ebd86b4f in /opt/conda/bin/python3.11)
frame #21: _PyEval_EvalFrameDefault + 0x4ae4 (0x5596ebd661b4 in /opt/conda/bin/python3.11)
frame #22: _PyFunction_Vectorcall + 0x17f (0x5596ebd86b4f in /opt/conda/bin/python3.11)
frame #23: _PyObject_FastCallDictTstate + 0x63 (0x5596ebd59353 in /opt/conda/bin/python3.11)
frame #24: _PyObject_Call_Prepend + 0x69 (0x5596ebd8e479 in /opt/conda/bin/python3.11)
frame #25: <unknown function> + 0x2df709 (0x5596ebe5d709 in /opt/conda/bin/python3.11)
frame #26: PyObject_Call + 0xbe (0x5596ebd9088e in /opt/conda/bin/python3.11)
frame #27: _PyEval_EvalFrameDefault + 0x4ae4 (0x5596ebd661b4 in /opt/conda/bin/python3.11)
frame #28: _PyFunction_Vectorcall + 0x17f (0x5596ebd86b4f in /opt/conda/bin/python3.11)
frame #29: _PyEval_EvalFrameDefault + 0x4ae4 (0x5596ebd661b4 in /opt/conda/bin/python3.11)
frame #30: <unknown function> + 0x29b01d (0x5596ebe1901d in /opt/conda/bin/python3.11)
frame #31: PyEval_EvalCode + 0x9f (0x5596ebe1875f in /opt/conda/bin/python3.11)
frame #32: <unknown function> + 0x2b86ca (0x5596ebe366ca in /opt/conda/bin/python3.11)
frame #33: <unknown function> + 0x2b4353 (0x5596ebe32353 in /opt/conda/bin/python3.11)
frame #34: <unknown function> + 0x2c98f0 (0x5596ebe478f0 in /opt/conda/bin/python3.11)
frame #35: _PyRun_SimpleFileObject + 0x1bc (0x5596ebe4727c in /opt/conda/bin/python3.11)
frame #36: _PyRun_AnyFileObject + 0x44 (0x5596ebe47014 in /opt/conda/bin/python3.11)
frame #37: Py_RunMain + 0x383 (0x5596ebe415e3 in /opt/conda/bin/python3.11)
frame #38: Py_BytesMain + 0x37 (0x5596ebe089d7 in /opt/conda/bin/python3.11)
frame #39: <unknown function> + 0x29d90 (0x14eea0c18d90 in /lib/x86_64-linux-gnu/libc.so.6)
frame #40: __libc_start_main + 0x80 (0x14eea0c18e40 in /lib/x86_64-linux-gnu/libc.so.6)
frame #41: <unknown function> + 0x28a88a (0x5596ebe0888a in /opt/conda/bin/python3.11)

[W1126 19:28:01.951037521 socket.cpp:759] [c10d] The client socket cannot be initialized to connect to [jwb0006.juwels]:30805 (errno: 97 - Address family not supported by protocol).
[W1126 19:28:01.952010382 socket.cpp:759] [c10d] The client socket has failed to connect to jwb0006.juwels:30805 (errno: 113 - No route to host).
[E1126 19:28:01.952017982 socket.cpp:813] [c10d] The client socket has failed to connect to any network address of (10.11.241.16, 30805).
[W1126 19:28:01.952069873 TCPStore.cpp:330] [c10d] TCP client failed to connect/validate to host 10.11.241.16:30805 - retrying (try=9, timeout=900000ms, delay=24257ms): The client socket has failed to connect to any network address of (10.11.241.16, 30805). The client socket has failed to connect to jwb0006.juwels:30805 (errno: 113 - No route to host).
Exception raised from run at /pytorch/torch/csrc/distributed/c10d/socket.cpp:815 (most recent call first):
frame #0: c10::Error::Error(c10::SourceLocation, std::string) + 0x96 (0x150873d6c1b6 in /opt/conda/lib/python3.11/site-packages/torch/lib/libc10.so)
frame #1: <unknown function> + 0x16155eb (0x1508579da5eb in /opt/conda/lib/python3.11/site-packages/torch/lib/libtorch_cpu.so)
frame #2: <unknown function> + 0x63507f4 (0x15085c7157f4 in /opt/conda/lib/python3.11/site-packages/torch/lib/libtorch_cpu.so)
frame #3: <unknown function> + 0x630d216 (0x15085c6d2216 in /opt/conda/lib/python3.11/site-packages/torch/lib/libtorch_cpu.so)
frame #4: c10d::TCPStore::TCPStore(std::string, c10d::TCPStoreOptions const&) + 0x20c (0x15085c6d514c in /opt/conda/lib/python3.11/site-packages/torch/lib/libtorch_cpu.so)
frame #5: <unknown function> + 0xe486ef (0x15086c2c96ef in /opt/conda/lib/python3.11/site-packages/torch/lib/libtorch_python.so)
frame #6: <unknown function> + 0x51a017 (0x15086b99b017 in /opt/conda/lib/python3.11/site-packages/torch/lib/libtorch_python.so)
frame #7: <unknown function> + 0x1f9276 (0x561064099276 in /opt/conda/bin/python3.11)
frame #8: _PyObject_MakeTpCall + 0x29b (0x56106407675b in /opt/conda/bin/python3.11)
frame #9: <unknown function> + 0x227206 (0x5610640c7206 in /opt/conda/bin/python3.11)
frame #10: _PyObject_Call + 0x12b (0x5610640b2b7b in /opt/conda/bin/python3.11)
frame #11: <unknown function> + 0x2101c4 (0x5610640b01c4 in /opt/conda/bin/python3.11)
frame #12: <unknown function> + 0x1d6a11 (0x561064076a11 in /opt/conda/bin/python3.11)
frame #13: <unknown function> + 0x51880b (0x15086b99980b in /opt/conda/lib/python3.11/site-packages/torch/lib/libtorch_python.so)
frame #14: _PyObject_MakeTpCall + 0x29b (0x56106407675b in /opt/conda/bin/python3.11)
frame #15: _PyEval_EvalFrameDefault + 0x70a (0x561064083dda in /opt/conda/bin/python3.11)
frame #16: _PyFunction_Vectorcall + 0x17f (0x5610640a8b4f in /opt/conda/bin/python3.11)
frame #17: _PyEval_EvalFrameDefault + 0x4ae4 (0x5610640881b4 in /opt/conda/bin/python3.11)
frame #18: _PyFunction_Vectorcall + 0x17f (0x5610640a8b4f in /opt/conda/bin/python3.11)
frame #19: _PyEval_EvalFrameDefault + 0x4ae4 (0x5610640881b4 in /opt/conda/bin/python3.11)
frame #20: _PyFunction_Vectorcall + 0x17f (0x5610640a8b4f in /opt/conda/bin/python3.11)
frame #21: _PyEval_EvalFrameDefault + 0x4ae4 (0x5610640881b4 in /opt/conda/bin/python3.11)
frame #22: _PyFunction_Vectorcall + 0x17f (0x5610640a8b4f in /opt/conda/bin/python3.11)
frame #23: _PyObject_FastCallDictTstate + 0x63 (0x56106407b353 in /opt/conda/bin/python3.11)
frame #24: _PyObject_Call_Prepend + 0x69 (0x5610640b0479 in /opt/conda/bin/python3.11)
frame #25: <unknown function> + 0x2df709 (0x56106417f709 in /opt/conda/bin/python3.11)
frame #26: PyObject_Call + 0xbe (0x5610640b288e in /opt/conda/bin/python3.11)
frame #27: _PyEval_EvalFrameDefault + 0x4ae4 (0x5610640881b4 in /opt/conda/bin/python3.11)
frame #28: _PyFunction_Vectorcall + 0x17f (0x5610640a8b4f in /opt/conda/bin/python3.11)
frame #29: _PyEval_EvalFrameDefault + 0x4ae4 (0x5610640881b4 in /opt/conda/bin/python3.11)
frame #30: <unknown function> + 0x29b01d (0x56106413b01d in /opt/conda/bin/python3.11)
frame #31: PyEval_EvalCode + 0x9f (0x56106413a75f in /opt/conda/bin/python3.11)
frame #32: <unknown function> + 0x2b86ca (0x5610641586ca in /opt/conda/bin/python3.11)
frame #33: <unknown function> + 0x2b4353 (0x561064154353 in /opt/conda/bin/python3.11)
frame #34: <unknown function> + 0x2c98f0 (0x5610641698f0 in /opt/conda/bin/python3.11)
frame #35: _PyRun_SimpleFileObject + 0x1bc (0x56106416927c in /opt/conda/bin/python3.11)
frame #36: _PyRun_AnyFileObject + 0x44 (0x561064169014 in /opt/conda/bin/python3.11)
frame #37: Py_RunMain + 0x383 (0x5610641635e3 in /opt/conda/bin/python3.11)
frame #38: Py_BytesMain + 0x37 (0x56106412a9d7 in /opt/conda/bin/python3.11)
frame #39: <unknown function> + 0x29d90 (0x150874d40d90 in /lib/x86_64-linux-gnu/libc.so.6)
frame #40: __libc_start_main + 0x80 (0x150874d40e40 in /lib/x86_64-linux-gnu/libc.so.6)
frame #41: <unknown function> + 0x28a88a (0x56106412a88a in /opt/conda/bin/python3.11)

[W1126 19:28:06.283672861 socket.cpp:759] [c10d] The client socket cannot be initialized to connect to [jwb0006.juwels]:30805 (errno: 97 - Address family not supported by protocol).
[W1126 19:28:06.284698806 socket.cpp:759] [c10d] The client socket has failed to connect to jwb0006.juwels:30805 (errno: 113 - No route to host).
[E1126 19:28:06.284707866 socket.cpp:813] [c10d] The client socket has failed to connect to any network address of (10.11.241.16, 30805).
[W1126 19:28:06.284765476 TCPStore.cpp:330] [c10d] TCP client failed to connect/validate to host 10.11.241.16:30805 - retrying (try=9, timeout=900000ms, delay=13771ms): The client socket has failed to connect to any network address of (10.11.241.16, 30805). The client socket has failed to connect to jwb0006.juwels:30805 (errno: 113 - No route to host).
Exception raised from run at /pytorch/torch/csrc/distributed/c10d/socket.cpp:815 (most recent call first):
frame #0: c10::Error::Error(c10::SourceLocation, std::string) + 0x96 (0x1536b956c1b6 in /opt/conda/lib/python3.11/site-packages/torch/lib/libc10.so)
frame #1: <unknown function> + 0x16155eb (0x15369cdda5eb in /opt/conda/lib/python3.11/site-packages/torch/lib/libtorch_cpu.so)
frame #2: <unknown function> + 0x63507f4 (0x1536a1b157f4 in /opt/conda/lib/python3.11/site-packages/torch/lib/libtorch_cpu.so)
frame #3: <unknown function> + 0x630d216 (0x1536a1ad2216 in /opt/conda/lib/python3.11/site-packages/torch/lib/libtorch_cpu.so)
frame #4: c10d::TCPStore::TCPStore(std::string, c10d::TCPStoreOptions const&) + 0x20c (0x1536a1ad514c in /opt/conda/lib/python3.11/site-packages/torch/lib/libtorch_cpu.so)
frame #5: <unknown function> + 0xe486ef (0x1536b16c96ef in /opt/conda/lib/python3.11/site-packages/torch/lib/libtorch_python.so)
frame #6: <unknown function> + 0x51a017 (0x1536b0d9b017 in /opt/conda/lib/python3.11/site-packages/torch/lib/libtorch_python.so)
frame #7: <unknown function> + 0x1f9276 (0x555fd5327276 in /opt/conda/bin/python3.11)
frame #8: _PyObject_MakeTpCall + 0x29b (0x555fd530475b in /opt/conda/bin/python3.11)
frame #9: <unknown function> + 0x227206 (0x555fd5355206 in /opt/conda/bin/python3.11)
frame #10: _PyObject_Call + 0x12b (0x555fd5340b7b in /opt/conda/bin/python3.11)
frame #11: <unknown function> + 0x2101c4 (0x555fd533e1c4 in /opt/conda/bin/python3.11)
frame #12: <unknown function> + 0x1d6a11 (0x555fd5304a11 in /opt/conda/bin/python3.11)
frame #13: <unknown function> + 0x51880b (0x1536b0d9980b in /opt/conda/lib/python3.11/site-packages/torch/lib/libtorch_python.so)
frame #14: _PyObject_MakeTpCall + 0x29b (0x555fd530475b in /opt/conda/bin/python3.11)
frame #15: _PyEval_EvalFrameDefault + 0x70a (0x555fd5311dda in /opt/conda/bin/python3.11)
frame #16: _PyFunction_Vectorcall + 0x17f (0x555fd5336b4f in /opt/conda/bin/python3.11)
frame #17: _PyEval_EvalFrameDefault + 0x4ae4 (0x555fd53161b4 in /opt/conda/bin/python3.11)
frame #18: _PyFunction_Vectorcall + 0x17f (0x555fd5336b4f in /opt/conda/bin/python3.11)
frame #19: _PyEval_EvalFrameDefault + 0x4ae4 (0x555fd53161b4 in /opt/conda/bin/python3.11)
frame #20: _PyFunction_Vectorcall + 0x17f (0x555fd5336b4f in /opt/conda/bin/python3.11)
frame #21: _PyEval_EvalFrameDefault + 0x4ae4 (0x555fd53161b4 in /opt/conda/bin/python3.11)
frame #22: _PyFunction_Vectorcall + 0x17f (0x555fd5336b4f in /opt/conda/bin/python3.11)
frame #23: _PyObject_FastCallDictTstate + 0x63 (0x555fd5309353 in /opt/conda/bin/python3.11)
frame #24: _PyObject_Call_Prepend + 0x69 (0x555fd533e479 in /opt/conda/bin/python3.11)
frame #25: <unknown function> + 0x2df709 (0x555fd540d709 in /opt/conda/bin/python3.11)
frame #26: PyObject_Call + 0xbe (0x555fd534088e in /opt/conda/bin/python3.11)
frame #27: _PyEval_EvalFrameDefault + 0x4ae4 (0x555fd53161b4 in /opt/conda/bin/python3.11)
frame #28: _PyFunction_Vectorcall + 0x17f (0x555fd5336b4f in /opt/conda/bin/python3.11)
frame #29: _PyEval_EvalFrameDefault + 0x4ae4 (0x555fd53161b4 in /opt/conda/bin/python3.11)
frame #30: <unknown function> + 0x29b01d (0x555fd53c901d in /opt/conda/bin/python3.11)
frame #31: PyEval_EvalCode + 0x9f (0x555fd53c875f in /opt/conda/bin/python3.11)
frame #32: <unknown function> + 0x2b86ca (0x555fd53e66ca in /opt/conda/bin/python3.11)
frame #33: <unknown function> + 0x2b4353 (0x555fd53e2353 in /opt/conda/bin/python3.11)
frame #34: <unknown function> + 0x2c98f0 (0x555fd53f78f0 in /opt/conda/bin/python3.11)
frame #35: _PyRun_SimpleFileObject + 0x1bc (0x555fd53f727c in /opt/conda/bin/python3.11)
frame #36: _PyRun_AnyFileObject + 0x44 (0x555fd53f7014 in /opt/conda/bin/python3.11)
frame #37: Py_RunMain + 0x383 (0x555fd53f15e3 in /opt/conda/bin/python3.11)
frame #38: Py_BytesMain + 0x37 (0x555fd53b89d7 in /opt/conda/bin/python3.11)
frame #39: <unknown function> + 0x29d90 (0x1536ba2a5d90 in /lib/x86_64-linux-gnu/libc.so.6)
frame #40: __libc_start_main + 0x80 (0x1536ba2a5e40 in /lib/x86_64-linux-gnu/libc.so.6)
frame #41: <unknown function> + 0x28a88a (0x555fd53b888a in /opt/conda/bin/python3.11)

[W1126 19:28:10.415178844 socket.cpp:759] [c10d] The client socket cannot be initialized to connect to [jwb0006.juwels]:30805 (errno: 97 - Address family not supported by protocol).
[W1126 19:28:10.416543586 socket.cpp:759] [c10d] The client socket has failed to connect to jwb0006.juwels:30805 (errno: 113 - No route to host).
[E1126 19:28:10.416552556 socket.cpp:813] [c10d] The client socket has failed to connect to any network address of (10.11.241.16, 30805).
[W1126 19:28:10.416618097 TCPStore.cpp:330] [c10d] TCP client failed to connect/validate to host 10.11.241.16:30805 - retrying (try=9, timeout=900000ms, delay=16540ms): The client socket has failed to connect to any network address of (10.11.241.16, 30805). The client socket has failed to connect to jwb0006.juwels:30805 (errno: 113 - No route to host).
Exception raised from run at /pytorch/torch/csrc/distributed/c10d/socket.cpp:815 (most recent call first):
frame #0: c10::Error::Error(c10::SourceLocation, std::string) + 0x96 (0x148707b6c1b6 in /opt/conda/lib/python3.11/site-packages/torch/lib/libc10.so)
frame #1: <unknown function> + 0x16155eb (0x1486eb7da5eb in /opt/conda/lib/python3.11/site-packages/torch/lib/libtorch_cpu.so)
frame #2: <unknown function> + 0x63507f4 (0x1486f05157f4 in /opt/conda/lib/python3.11/site-packages/torch/lib/libtorch_cpu.so)
frame #3: <unknown function> + 0x630d216 (0x1486f04d2216 in /opt/conda/lib/python3.11/site-packages/torch/lib/libtorch_cpu.so)
frame #4: c10d::TCPStore::TCPStore(std::string, c10d::TCPStoreOptions const&) + 0x20c (0x1486f04d514c in /opt/conda/lib/python3.11/site-packages/torch/lib/libtorch_cpu.so)
frame #5: <unknown function> + 0xe486ef (0x1487000c96ef in /opt/conda/lib/python3.11/site-packages/torch/lib/libtorch_python.so)
frame #6: <unknown function> + 0x51a017 (0x1486ff79b017 in /opt/conda/lib/python3.11/site-packages/torch/lib/libtorch_python.so)
frame #7: <unknown function> + 0x1f9276 (0x5605059c0276 in /opt/conda/bin/python3.11)
frame #8: _PyObject_MakeTpCall + 0x29b (0x56050599d75b in /opt/conda/bin/python3.11)
frame #9: <unknown function> + 0x227206 (0x5605059ee206 in /opt/conda/bin/python3.11)
frame #10: _PyObject_Call + 0x12b (0x5605059d9b7b in /opt/conda/bin/python3.11)
frame #11: <unknown function> + 0x2101c4 (0x5605059d71c4 in /opt/conda/bin/python3.11)
frame #12: <unknown function> + 0x1d6a11 (0x56050599da11 in /opt/conda/bin/python3.11)
frame #13: <unknown function> + 0x51880b (0x1486ff79980b in /opt/conda/lib/python3.11/site-packages/torch/lib/libtorch_python.so)
frame #14: _PyObject_MakeTpCall + 0x29b (0x56050599d75b in /opt/conda/bin/python3.11)
frame #15: _PyEval_EvalFrameDefault + 0x70a (0x5605059aadda in /opt/conda/bin/python3.11)
frame #16: _PyFunction_Vectorcall + 0x17f (0x5605059cfb4f in /opt/conda/bin/python3.11)
frame #17: _PyEval_EvalFrameDefault + 0x4ae4 (0x5605059af1b4 in /opt/conda/bin/python3.11)
frame #18: _PyFunction_Vectorcall + 0x17f (0x5605059cfb4f in /opt/conda/bin/python3.11)
frame #19: _PyEval_EvalFrameDefault + 0x4ae4 (0x5605059af1b4 in /opt/conda/bin/python3.11)
frame #20: _PyFunction_Vectorcall + 0x17f (0x5605059cfb4f in /opt/conda/bin/python3.11)
frame #21: _PyEval_EvalFrameDefault + 0x4ae4 (0x5605059af1b4 in /opt/conda/bin/python3.11)
frame #22: _PyFunction_Vectorcall + 0x17f (0x5605059cfb4f in /opt/conda/bin/python3.11)
frame #23: _PyObject_FastCallDictTstate + 0x63 (0x5605059a2353 in /opt/conda/bin/python3.11)
frame #24: _PyObject_Call_Prepend + 0x69 (0x5605059d7479 in /opt/conda/bin/python3.11)
frame #25: <unknown function> + 0x2df709 (0x560505aa6709 in /opt/conda/bin/python3.11)
frame #26: PyObject_Call + 0xbe (0x5605059d988e in /opt/conda/bin/python3.11)
frame #27: _PyEval_EvalFrameDefault + 0x4ae4 (0x5605059af1b4 in /opt/conda/bin/python3.11)
frame #28: _PyFunction_Vectorcall + 0x17f (0x5605059cfb4f in /opt/conda/bin/python3.11)
frame #29: _PyEval_EvalFrameDefault + 0x4ae4 (0x5605059af1b4 in /opt/conda/bin/python3.11)
frame #30: <unknown function> + 0x29b01d (0x560505a6201d in /opt/conda/bin/python3.11)
frame #31: PyEval_EvalCode + 0x9f (0x560505a6175f in /opt/conda/bin/python3.11)
frame #32: <unknown function> + 0x2b86ca (0x560505a7f6ca in /opt/conda/bin/python3.11)
frame #33: <unknown function> + 0x2b4353 (0x560505a7b353 in /opt/conda/bin/python3.11)
frame #34: <unknown function> + 0x2c98f0 (0x560505a908f0 in /opt/conda/bin/python3.11)
frame #35: _PyRun_SimpleFileObject + 0x1bc (0x560505a9027c in /opt/conda/bin/python3.11)
frame #36: _PyRun_AnyFileObject + 0x44 (0x560505a90014 in /opt/conda/bin/python3.11)
frame #37: Py_RunMain + 0x383 (0x560505a8a5e3 in /opt/conda/bin/python3.11)
frame #38: Py_BytesMain + 0x37 (0x560505a519d7 in /opt/conda/bin/python3.11)
frame #39: <unknown function> + 0x29d90 (0x148708b78d90 in /lib/x86_64-linux-gnu/libc.so.6)
frame #40: __libc_start_main + 0x80 (0x148708b78e40 in /lib/x86_64-linux-gnu/libc.so.6)
frame #41: <unknown function> + 0x28a88a (0x560505a5188a in /opt/conda/bin/python3.11)

[W1126 19:28:18.225058331 socket.cpp:759] [c10d] The client socket cannot be initialized to connect to [jwb0006.juwels]:30805 (errno: 97 - Address family not supported by protocol).
[W1126 19:28:18.225935804 socket.cpp:759] [c10d] The client socket has failed to connect to jwb0006.juwels:30805 (errno: 113 - No route to host).
[E1126 19:28:18.225942914 socket.cpp:813] [c10d] The client socket has failed to connect to any network address of (10.11.241.16, 30805).
[W1126 19:28:18.226007855 TCPStore.cpp:330] [c10d] TCP client failed to connect/validate to host 10.11.241.16:30805 - retrying (try=9, timeout=900000ms, delay=25754ms): The client socket has failed to connect to any network address of (10.11.241.16, 30805). The client socket has failed to connect to jwb0006.juwels:30805 (errno: 113 - No route to host).
Exception raised from run at /pytorch/torch/csrc/distributed/c10d/socket.cpp:815 (most recent call first):
frame #0: c10::Error::Error(c10::SourceLocation, std::string) + 0x96 (0x14ee9ff6c1b6 in /opt/conda/lib/python3.11/site-packages/torch/lib/libc10.so)
frame #1: <unknown function> + 0x16155eb (0x14ee837da5eb in /opt/conda/lib/python3.11/site-packages/torch/lib/libtorch_cpu.so)
frame #2: <unknown function> + 0x63507f4 (0x14ee885157f4 in /opt/conda/lib/python3.11/site-packages/torch/lib/libtorch_cpu.so)
frame #3: <unknown function> + 0x630d216 (0x14ee884d2216 in /opt/conda/lib/python3.11/site-packages/torch/lib/libtorch_cpu.so)
frame #4: c10d::TCPStore::TCPStore(std::string, c10d::TCPStoreOptions const&) + 0x20c (0x14ee884d514c in /opt/conda/lib/python3.11/site-packages/torch/lib/libtorch_cpu.so)
frame #5: <unknown function> + 0xe486ef (0x14ee980c96ef in /opt/conda/lib/python3.11/site-packages/torch/lib/libtorch_python.so)
frame #6: <unknown function> + 0x51a017 (0x14ee9779b017 in /opt/conda/lib/python3.11/site-packages/torch/lib/libtorch_python.so)
frame #7: <unknown function> + 0x1f9276 (0x5596ebd77276 in /opt/conda/bin/python3.11)
frame #8: _PyObject_MakeTpCall + 0x29b (0x5596ebd5475b in /opt/conda/bin/python3.11)
frame #9: <unknown function> + 0x227206 (0x5596ebda5206 in /opt/conda/bin/python3.11)
frame #10: _PyObject_Call + 0x12b (0x5596ebd90b7b in /opt/conda/bin/python3.11)
frame #11: <unknown function> + 0x2101c4 (0x5596ebd8e1c4 in /opt/conda/bin/python3.11)
frame #12: <unknown function> + 0x1d6a11 (0x5596ebd54a11 in /opt/conda/bin/python3.11)
frame #13: <unknown function> + 0x51880b (0x14ee9779980b in /opt/conda/lib/python3.11/site-packages/torch/lib/libtorch_python.so)
frame #14: _PyObject_MakeTpCall + 0x29b (0x5596ebd5475b in /opt/conda/bin/python3.11)
frame #15: _PyEval_EvalFrameDefault + 0x70a (0x5596ebd61dda in /opt/conda/bin/python3.11)
frame #16: _PyFunction_Vectorcall + 0x17f (0x5596ebd86b4f in /opt/conda/bin/python3.11)
frame #17: _PyEval_EvalFrameDefault + 0x4ae4 (0x5596ebd661b4 in /opt/conda/bin/python3.11)
frame #18: _PyFunction_Vectorcall + 0x17f (0x5596ebd86b4f in /opt/conda/bin/python3.11)
frame #19: _PyEval_EvalFrameDefault + 0x4ae4 (0x5596ebd661b4 in /opt/conda/bin/python3.11)
frame #20: _PyFunction_Vectorcall + 0x17f (0x5596ebd86b4f in /opt/conda/bin/python3.11)
frame #21: _PyEval_EvalFrameDefault + 0x4ae4 (0x5596ebd661b4 in /opt/conda/bin/python3.11)
frame #22: _PyFunction_Vectorcall + 0x17f (0x5596ebd86b4f in /opt/conda/bin/python3.11)
frame #23: _PyObject_FastCallDictTstate + 0x63 (0x5596ebd59353 in /opt/conda/bin/python3.11)
frame #24: _PyObject_Call_Prepend + 0x69 (0x5596ebd8e479 in /opt/conda/bin/python3.11)
frame #25: <unknown function> + 0x2df709 (0x5596ebe5d709 in /opt/conda/bin/python3.11)
frame #26: PyObject_Call + 0xbe (0x5596ebd9088e in /opt/conda/bin/python3.11)
frame #27: _PyEval_EvalFrameDefault + 0x4ae4 (0x5596ebd661b4 in /opt/conda/bin/python3.11)
frame #28: _PyFunction_Vectorcall + 0x17f (0x5596ebd86b4f in /opt/conda/bin/python3.11)
frame #29: _PyEval_EvalFrameDefault + 0x4ae4 (0x5596ebd661b4 in /opt/conda/bin/python3.11)
frame #30: <unknown function> + 0x29b01d (0x5596ebe1901d in /opt/conda/bin/python3.11)
frame #31: PyEval_EvalCode + 0x9f (0x5596ebe1875f in /opt/conda/bin/python3.11)
frame #32: <unknown function> + 0x2b86ca (0x5596ebe366ca in /opt/conda/bin/python3.11)
frame #33: <unknown function> + 0x2b4353 (0x5596ebe32353 in /opt/conda/bin/python3.11)
frame #34: <unknown function> + 0x2c98f0 (0x5596ebe478f0 in /opt/conda/bin/python3.11)
frame #35: _PyRun_SimpleFileObject + 0x1bc (0x5596ebe4727c in /opt/conda/bin/python3.11)
frame #36: _PyRun_AnyFileObject + 0x44 (0x5596ebe47014 in /opt/conda/bin/python3.11)
frame #37: Py_RunMain + 0x383 (0x5596ebe415e3 in /opt/conda/bin/python3.11)
frame #38: Py_BytesMain + 0x37 (0x5596ebe089d7 in /opt/conda/bin/python3.11)
frame #39: <unknown function> + 0x29d90 (0x14eea0c18d90 in /lib/x86_64-linux-gnu/libc.so.6)
frame #40: __libc_start_main + 0x80 (0x14eea0c18e40 in /lib/x86_64-linux-gnu/libc.so.6)
frame #41: <unknown function> + 0x28a88a (0x5596ebe0888a in /opt/conda/bin/python3.11)

[W1126 19:28:19.062110905 socket.cpp:759] [c10d] The client socket cannot be initialized to connect to [jwb0006.juwels]:30805 (errno: 97 - Address family not supported by protocol).
[W1126 19:28:19.063134270 socket.cpp:759] [c10d] The client socket has failed to connect to jwb0006.juwels:30805 (errno: 113 - No route to host).
[E1126 19:28:19.063143080 socket.cpp:813] [c10d] The client socket has failed to connect to any network address of (10.11.241.16, 30805).
[W1126 19:28:19.063200540 TCPStore.cpp:330] [c10d] TCP client failed to connect/validate to host 10.11.241.16:30805 - retrying (try=10, timeout=900000ms, delay=31388ms): The client socket has failed to connect to any network address of (10.11.241.16, 30805). The client socket has failed to connect to jwb0006.juwels:30805 (errno: 113 - No route to host).
Exception raised from run at /pytorch/torch/csrc/distributed/c10d/socket.cpp:815 (most recent call first):
frame #0: c10::Error::Error(c10::SourceLocation, std::string) + 0x96 (0x1536b956c1b6 in /opt/conda/lib/python3.11/site-packages/torch/lib/libc10.so)
frame #1: <unknown function> + 0x16155eb (0x15369cdda5eb in /opt/conda/lib/python3.11/site-packages/torch/lib/libtorch_cpu.so)
frame #2: <unknown function> + 0x63507f4 (0x1536a1b157f4 in /opt/conda/lib/python3.11/site-packages/torch/lib/libtorch_cpu.so)
frame #3: <unknown function> + 0x630d216 (0x1536a1ad2216 in /opt/conda/lib/python3.11/site-packages/torch/lib/libtorch_cpu.so)
frame #4: c10d::TCPStore::TCPStore(std::string, c10d::TCPStoreOptions const&) + 0x20c (0x1536a1ad514c in /opt/conda/lib/python3.11/site-packages/torch/lib/libtorch_cpu.so)
frame #5: <unknown function> + 0xe486ef (0x1536b16c96ef in /opt/conda/lib/python3.11/site-packages/torch/lib/libtorch_python.so)
frame #6: <unknown function> + 0x51a017 (0x1536b0d9b017 in /opt/conda/lib/python3.11/site-packages/torch/lib/libtorch_python.so)
frame #7: <unknown function> + 0x1f9276 (0x555fd5327276 in /opt/conda/bin/python3.11)
frame #8: _PyObject_MakeTpCall + 0x29b (0x555fd530475b in /opt/conda/bin/python3.11)
frame #9: <unknown function> + 0x227206 (0x555fd5355206 in /opt/conda/bin/python3.11)
frame #10: _PyObject_Call + 0x12b (0x555fd5340b7b in /opt/conda/bin/python3.11)
frame #11: <unknown function> + 0x2101c4 (0x555fd533e1c4 in /opt/conda/bin/python3.11)
frame #12: <unknown function> + 0x1d6a11 (0x555fd5304a11 in /opt/conda/bin/python3.11)
frame #13: <unknown function> + 0x51880b (0x1536b0d9980b in /opt/conda/lib/python3.11/site-packages/torch/lib/libtorch_python.so)
frame #14: _PyObject_MakeTpCall + 0x29b (0x555fd530475b in /opt/conda/bin/python3.11)
frame #15: _PyEval_EvalFrameDefault + 0x70a (0x555fd5311dda in /opt/conda/bin/python3.11)
frame #16: _PyFunction_Vectorcall + 0x17f (0x555fd5336b4f in /opt/conda/bin/python3.11)
frame #17: _PyEval_EvalFrameDefault + 0x4ae4 (0x555fd53161b4 in /opt/conda/bin/python3.11)
frame #18: _PyFunction_Vectorcall + 0x17f (0x555fd5336b4f in /opt/conda/bin/python3.11)
frame #19: _PyEval_EvalFrameDefault + 0x4ae4 (0x555fd53161b4 in /opt/conda/bin/python3.11)
frame #20: _PyFunction_Vectorcall + 0x17f (0x555fd5336b4f in /opt/conda/bin/python3.11)
frame #21: _PyEval_EvalFrameDefault + 0x4ae4 (0x555fd53161b4 in /opt/conda/bin/python3.11)
frame #22: _PyFunction_Vectorcall + 0x17f (0x555fd5336b4f in /opt/conda/bin/python3.11)
frame #23: _PyObject_FastCallDictTstate + 0x63 (0x555fd5309353 in /opt/conda/bin/python3.11)
frame #24: _PyObject_Call_Prepend + 0x69 (0x555fd533e479 in /opt/conda/bin/python3.11)
frame #25: <unknown function> + 0x2df709 (0x555fd540d709 in /opt/conda/bin/python3.11)
frame #26: PyObject_Call + 0xbe (0x555fd534088e in /opt/conda/bin/python3.11)
frame #27: _PyEval_EvalFrameDefault + 0x4ae4 (0x555fd53161b4 in /opt/conda/bin/python3.11)
frame #28: _PyFunction_Vectorcall + 0x17f (0x555fd5336b4f in /opt/conda/bin/python3.11)
frame #29: _PyEval_EvalFrameDefault + 0x4ae4 (0x555fd53161b4 in /opt/conda/bin/python3.11)
frame #30: <unknown function> + 0x29b01d (0x555fd53c901d in /opt/conda/bin/python3.11)
frame #31: PyEval_EvalCode + 0x9f (0x555fd53c875f in /opt/conda/bin/python3.11)
frame #32: <unknown function> + 0x2b86ca (0x555fd53e66ca in /opt/conda/bin/python3.11)
frame #33: <unknown function> + 0x2b4353 (0x555fd53e2353 in /opt/conda/bin/python3.11)
frame #34: <unknown function> + 0x2c98f0 (0x555fd53f78f0 in /opt/conda/bin/python3.11)
frame #35: _PyRun_SimpleFileObject + 0x1bc (0x555fd53f727c in /opt/conda/bin/python3.11)
frame #36: _PyRun_AnyFileObject + 0x44 (0x555fd53f7014 in /opt/conda/bin/python3.11)
frame #37: Py_RunMain + 0x383 (0x555fd53f15e3 in /opt/conda/bin/python3.11)
frame #38: Py_BytesMain + 0x37 (0x555fd53b89d7 in /opt/conda/bin/python3.11)
frame #39: <unknown function> + 0x29d90 (0x1536ba2a5d90 in /lib/x86_64-linux-gnu/libc.so.6)
frame #40: __libc_start_main + 0x80 (0x1536ba2a5e40 in /lib/x86_64-linux-gnu/libc.so.6)
frame #41: <unknown function> + 0x28a88a (0x555fd53b888a in /opt/conda/bin/python3.11)

[W1126 19:28:25.215555108 socket.cpp:759] [c10d] The client socket cannot be initialized to connect to [jwb0006.juwels]:30805 (errno: 97 - Address family not supported by protocol).
[W1126 19:28:25.216901554 socket.cpp:759] [c10d] The client socket has failed to connect to jwb0006.juwels:30805 (errno: 113 - No route to host).
[E1126 19:28:25.216912544 socket.cpp:813] [c10d] The client socket has failed to connect to any network address of (10.11.241.16, 30805).
[W1126 19:28:25.216974905 TCPStore.cpp:330] [c10d] TCP client failed to connect/validate to host 10.11.241.16:30805 - retrying (try=10, timeout=900000ms, delay=20048ms): The client socket has failed to connect to any network address of (10.11.241.16, 30805). The client socket has failed to connect to jwb0006.juwels:30805 (errno: 113 - No route to host).
Exception raised from run at /pytorch/torch/csrc/distributed/c10d/socket.cpp:815 (most recent call first):
frame #0: c10::Error::Error(c10::SourceLocation, std::string) + 0x96 (0x150873d6c1b6 in /opt/conda/lib/python3.11/site-packages/torch/lib/libc10.so)
frame #1: <unknown function> + 0x16155eb (0x1508579da5eb in /opt/conda/lib/python3.11/site-packages/torch/lib/libtorch_cpu.so)
frame #2: <unknown function> + 0x63507f4 (0x15085c7157f4 in /opt/conda/lib/python3.11/site-packages/torch/lib/libtorch_cpu.so)
frame #3: <unknown function> + 0x630d216 (0x15085c6d2216 in /opt/conda/lib/python3.11/site-packages/torch/lib/libtorch_cpu.so)
frame #4: c10d::TCPStore::TCPStore(std::string, c10d::TCPStoreOptions const&) + 0x20c (0x15085c6d514c in /opt/conda/lib/python3.11/site-packages/torch/lib/libtorch_cpu.so)
frame #5: <unknown function> + 0xe486ef (0x15086c2c96ef in /opt/conda/lib/python3.11/site-packages/torch/lib/libtorch_python.so)
frame #6: <unknown function> + 0x51a017 (0x15086b99b017 in /opt/conda/lib/python3.11/site-packages/torch/lib/libtorch_python.so)
frame #7: <unknown function> + 0x1f9276 (0x561064099276 in /opt/conda/bin/python3.11)
frame #8: _PyObject_MakeTpCall + 0x29b (0x56106407675b in /opt/conda/bin/python3.11)
frame #9: <unknown function> + 0x227206 (0x5610640c7206 in /opt/conda/bin/python3.11)
frame #10: _PyObject_Call + 0x12b (0x5610640b2b7b in /opt/conda/bin/python3.11)
frame #11: <unknown function> + 0x2101c4 (0x5610640b01c4 in /opt/conda/bin/python3.11)
frame #12: <unknown function> + 0x1d6a11 (0x561064076a11 in /opt/conda/bin/python3.11)
frame #13: <unknown function> + 0x51880b (0x15086b99980b in /opt/conda/lib/python3.11/site-packages/torch/lib/libtorch_python.so)
frame #14: _PyObject_MakeTpCall + 0x29b (0x56106407675b in /opt/conda/bin/python3.11)
frame #15: _PyEval_EvalFrameDefault + 0x70a (0x561064083dda in /opt/conda/bin/python3.11)
frame #16: _PyFunction_Vectorcall + 0x17f (0x5610640a8b4f in /opt/conda/bin/python3.11)
frame #17: _PyEval_EvalFrameDefault + 0x4ae4 (0x5610640881b4 in /opt/conda/bin/python3.11)
frame #18: _PyFunction_Vectorcall + 0x17f (0x5610640a8b4f in /opt/conda/bin/python3.11)
frame #19: _PyEval_EvalFrameDefault + 0x4ae4 (0x5610640881b4 in /opt/conda/bin/python3.11)
frame #20: _PyFunction_Vectorcall + 0x17f (0x5610640a8b4f in /opt/conda/bin/python3.11)
frame #21: _PyEval_EvalFrameDefault + 0x4ae4 (0x5610640881b4 in /opt/conda/bin/python3.11)
frame #22: _PyFunction_Vectorcall + 0x17f (0x5610640a8b4f in /opt/conda/bin/python3.11)
frame #23: _PyObject_FastCallDictTstate + 0x63 (0x56106407b353 in /opt/conda/bin/python3.11)
frame #24: _PyObject_Call_Prepend + 0x69 (0x5610640b0479 in /opt/conda/bin/python3.11)
frame #25: <unknown function> + 0x2df709 (0x56106417f709 in /opt/conda/bin/python3.11)
frame #26: PyObject_Call + 0xbe (0x5610640b288e in /opt/conda/bin/python3.11)
frame #27: _PyEval_EvalFrameDefault + 0x4ae4 (0x5610640881b4 in /opt/conda/bin/python3.11)
frame #28: _PyFunction_Vectorcall + 0x17f (0x5610640a8b4f in /opt/conda/bin/python3.11)
frame #29: _PyEval_EvalFrameDefault + 0x4ae4 (0x5610640881b4 in /opt/conda/bin/python3.11)
frame #30: <unknown function> + 0x29b01d (0x56106413b01d in /opt/conda/bin/python3.11)
frame #31: PyEval_EvalCode + 0x9f (0x56106413a75f in /opt/conda/bin/python3.11)
frame #32: <unknown function> + 0x2b86ca (0x5610641586ca in /opt/conda/bin/python3.11)
frame #33: <unknown function> + 0x2b4353 (0x561064154353 in /opt/conda/bin/python3.11)
frame #34: <unknown function> + 0x2c98f0 (0x5610641698f0 in /opt/conda/bin/python3.11)
frame #35: _PyRun_SimpleFileObject + 0x1bc (0x56106416927c in /opt/conda/bin/python3.11)
frame #36: _PyRun_AnyFileObject + 0x44 (0x561064169014 in /opt/conda/bin/python3.11)
frame #37: Py_RunMain + 0x383 (0x5610641635e3 in /opt/conda/bin/python3.11)
frame #38: Py_BytesMain + 0x37 (0x56106412a9d7 in /opt/conda/bin/python3.11)
frame #39: <unknown function> + 0x29d90 (0x150874d40d90 in /lib/x86_64-linux-gnu/libc.so.6)
frame #40: __libc_start_main + 0x80 (0x150874d40e40 in /lib/x86_64-linux-gnu/libc.so.6)
frame #41: <unknown function> + 0x28a88a (0x56106412a88a in /opt/conda/bin/python3.11)

[W1126 19:28:26.963287136 socket.cpp:759] [c10d] The client socket cannot be initialized to connect to [jwb0006.juwels]:30805 (errno: 97 - Address family not supported by protocol).
[W1126 19:28:26.964197033 socket.cpp:759] [c10d] The client socket has failed to connect to jwb0006.juwels:30805 (errno: 113 - No route to host).
[E1126 19:28:26.964205383 socket.cpp:813] [c10d] The client socket has failed to connect to any network address of (10.11.241.16, 30805).
[W1126 19:28:26.964300594 TCPStore.cpp:330] [c10d] TCP client failed to connect/validate to host 10.11.241.16:30805 - retrying (try=10, timeout=900000ms, delay=33332ms): The client socket has failed to connect to any network address of (10.11.241.16, 30805). The client socket has failed to connect to jwb0006.juwels:30805 (errno: 113 - No route to host).
Exception raised from run at /pytorch/torch/csrc/distributed/c10d/socket.cpp:815 (most recent call first):
frame #0: c10::Error::Error(c10::SourceLocation, std::string) + 0x96 (0x148707b6c1b6 in /opt/conda/lib/python3.11/site-packages/torch/lib/libc10.so)
frame #1: <unknown function> + 0x16155eb (0x1486eb7da5eb in /opt/conda/lib/python3.11/site-packages/torch/lib/libtorch_cpu.so)
frame #2: <unknown function> + 0x63507f4 (0x1486f05157f4 in /opt/conda/lib/python3.11/site-packages/torch/lib/libtorch_cpu.so)
frame #3: <unknown function> + 0x630d216 (0x1486f04d2216 in /opt/conda/lib/python3.11/site-packages/torch/lib/libtorch_cpu.so)
frame #4: c10d::TCPStore::TCPStore(std::string, c10d::TCPStoreOptions const&) + 0x20c (0x1486f04d514c in /opt/conda/lib/python3.11/site-packages/torch/lib/libtorch_cpu.so)
frame #5: <unknown function> + 0xe486ef (0x1487000c96ef in /opt/conda/lib/python3.11/site-packages/torch/lib/libtorch_python.so)
frame #6: <unknown function> + 0x51a017 (0x1486ff79b017 in /opt/conda/lib/python3.11/site-packages/torch/lib/libtorch_python.so)
frame #7: <unknown function> + 0x1f9276 (0x5605059c0276 in /opt/conda/bin/python3.11)
frame #8: _PyObject_MakeTpCall + 0x29b (0x56050599d75b in /opt/conda/bin/python3.11)
frame #9: <unknown function> + 0x227206 (0x5605059ee206 in /opt/conda/bin/python3.11)
frame #10: _PyObject_Call + 0x12b (0x5605059d9b7b in /opt/conda/bin/python3.11)
frame #11: <unknown function> + 0x2101c4 (0x5605059d71c4 in /opt/conda/bin/python3.11)
frame #12: <unknown function> + 0x1d6a11 (0x56050599da11 in /opt/conda/bin/python3.11)
frame #13: <unknown function> + 0x51880b (0x1486ff79980b in /opt/conda/lib/python3.11/site-packages/torch/lib/libtorch_python.so)
frame #14: _PyObject_MakeTpCall + 0x29b (0x56050599d75b in /opt/conda/bin/python3.11)
frame #15: _PyEval_EvalFrameDefault + 0x70a (0x5605059aadda in /opt/conda/bin/python3.11)
frame #16: _PyFunction_Vectorcall + 0x17f (0x5605059cfb4f in /opt/conda/bin/python3.11)
frame #17: _PyEval_EvalFrameDefault + 0x4ae4 (0x5605059af1b4 in /opt/conda/bin/python3.11)
frame #18: _PyFunction_Vectorcall + 0x17f (0x5605059cfb4f in /opt/conda/bin/python3.11)
frame #19: _PyEval_EvalFrameDefault + 0x4ae4 (0x5605059af1b4 in /opt/conda/bin/python3.11)
frame #20: _PyFunction_Vectorcall + 0x17f (0x5605059cfb4f in /opt/conda/bin/python3.11)
frame #21: _PyEval_EvalFrameDefault + 0x4ae4 (0x5605059af1b4 in /opt/conda/bin/python3.11)
frame #22: _PyFunction_Vectorcall + 0x17f (0x5605059cfb4f in /opt/conda/bin/python3.11)
frame #23: _PyObject_FastCallDictTstate + 0x63 (0x5605059a2353 in /opt/conda/bin/python3.11)
frame #24: _PyObject_Call_Prepend + 0x69 (0x5605059d7479 in /opt/conda/bin/python3.11)
frame #25: <unknown function> + 0x2df709 (0x560505aa6709 in /opt/conda/bin/python3.11)
frame #26: PyObject_Call + 0xbe (0x5605059d988e in /opt/conda/bin/python3.11)
frame #27: _PyEval_EvalFrameDefault + 0x4ae4 (0x5605059af1b4 in /opt/conda/bin/python3.11)
frame #28: _PyFunction_Vectorcall + 0x17f (0x5605059cfb4f in /opt/conda/bin/python3.11)
frame #29: _PyEval_EvalFrameDefault + 0x4ae4 (0x5605059af1b4 in /opt/conda/bin/python3.11)
frame #30: <unknown function> + 0x29b01d (0x560505a6201d in /opt/conda/bin/python3.11)
frame #31: PyEval_EvalCode + 0x9f (0x560505a6175f in /opt/conda/bin/python3.11)
frame #32: <unknown function> + 0x2b86ca (0x560505a7f6ca in /opt/conda/bin/python3.11)
frame #33: <unknown function> + 0x2b4353 (0x560505a7b353 in /opt/conda/bin/python3.11)
frame #34: <unknown function> + 0x2c98f0 (0x560505a908f0 in /opt/conda/bin/python3.11)
frame #35: _PyRun_SimpleFileObject + 0x1bc (0x560505a9027c in /opt/conda/bin/python3.11)
frame #36: _PyRun_AnyFileObject + 0x44 (0x560505a90014 in /opt/conda/bin/python3.11)
frame #37: Py_RunMain + 0x383 (0x560505a8a5e3 in /opt/conda/bin/python3.11)
frame #38: Py_BytesMain + 0x37 (0x560505a519d7 in /opt/conda/bin/python3.11)
frame #39: <unknown function> + 0x29d90 (0x148708b78d90 in /lib/x86_64-linux-gnu/libc.so.6)
frame #40: __libc_start_main + 0x80 (0x148708b78e40 in /lib/x86_64-linux-gnu/libc.so.6)
frame #41: <unknown function> + 0x28a88a (0x560505a5188a in /opt/conda/bin/python3.11)

[W1126 19:28:43.986536577 socket.cpp:759] [c10d] The client socket cannot be initialized to connect to [jwb0006.juwels]:30805 (errno: 97 - Address family not supported by protocol).
[W1126 19:28:43.987448771 socket.cpp:759] [c10d] The client socket has failed to connect to jwb0006.juwels:30805 (errno: 113 - No route to host).
[E1126 19:28:43.987456621 socket.cpp:813] [c10d] The client socket has failed to connect to any network address of (10.11.241.16, 30805).
[W1126 19:28:43.987516731 TCPStore.cpp:330] [c10d] TCP client failed to connect/validate to host 10.11.241.16:30805 - retrying (try=10, timeout=900000ms, delay=35983ms): The client socket has failed to connect to any network address of (10.11.241.16, 30805). The client socket has failed to connect to jwb0006.juwels:30805 (errno: 113 - No route to host).
Exception raised from run at /pytorch/torch/csrc/distributed/c10d/socket.cpp:815 (most recent call first):
frame #0: c10::Error::Error(c10::SourceLocation, std::string) + 0x96 (0x14ee9ff6c1b6 in /opt/conda/lib/python3.11/site-packages/torch/lib/libc10.so)
frame #1: <unknown function> + 0x16155eb (0x14ee837da5eb in /opt/conda/lib/python3.11/site-packages/torch/lib/libtorch_cpu.so)
frame #2: <unknown function> + 0x63507f4 (0x14ee885157f4 in /opt/conda/lib/python3.11/site-packages/torch/lib/libtorch_cpu.so)
frame #3: <unknown function> + 0x630d216 (0x14ee884d2216 in /opt/conda/lib/python3.11/site-packages/torch/lib/libtorch_cpu.so)
frame #4: c10d::TCPStore::TCPStore(std::string, c10d::TCPStoreOptions const&) + 0x20c (0x14ee884d514c in /opt/conda/lib/python3.11/site-packages/torch/lib/libtorch_cpu.so)
frame #5: <unknown function> + 0xe486ef (0x14ee980c96ef in /opt/conda/lib/python3.11/site-packages/torch/lib/libtorch_python.so)
frame #6: <unknown function> + 0x51a017 (0x14ee9779b017 in /opt/conda/lib/python3.11/site-packages/torch/lib/libtorch_python.so)
frame #7: <unknown function> + 0x1f9276 (0x5596ebd77276 in /opt/conda/bin/python3.11)
frame #8: _PyObject_MakeTpCall + 0x29b (0x5596ebd5475b in /opt/conda/bin/python3.11)
frame #9: <unknown function> + 0x227206 (0x5596ebda5206 in /opt/conda/bin/python3.11)
frame #10: _PyObject_Call + 0x12b (0x5596ebd90b7b in /opt/conda/bin/python3.11)
frame #11: <unknown function> + 0x2101c4 (0x5596ebd8e1c4 in /opt/conda/bin/python3.11)
frame #12: <unknown function> + 0x1d6a11 (0x5596ebd54a11 in /opt/conda/bin/python3.11)
frame #13: <unknown function> + 0x51880b (0x14ee9779980b in /opt/conda/lib/python3.11/site-packages/torch/lib/libtorch_python.so)
frame #14: _PyObject_MakeTpCall + 0x29b (0x5596ebd5475b in /opt/conda/bin/python3.11)
frame #15: _PyEval_EvalFrameDefault + 0x70a (0x5596ebd61dda in /opt/conda/bin/python3.11)
frame #16: _PyFunction_Vectorcall + 0x17f (0x5596ebd86b4f in /opt/conda/bin/python3.11)
frame #17: _PyEval_EvalFrameDefault + 0x4ae4 (0x5596ebd661b4 in /opt/conda/bin/python3.11)
frame #18: _PyFunction_Vectorcall + 0x17f (0x5596ebd86b4f in /opt/conda/bin/python3.11)
frame #19: _PyEval_EvalFrameDefault + 0x4ae4 (0x5596ebd661b4 in /opt/conda/bin/python3.11)
frame #20: _PyFunction_Vectorcall + 0x17f (0x5596ebd86b4f in /opt/conda/bin/python3.11)
frame #21: _PyEval_EvalFrameDefault + 0x4ae4 (0x5596ebd661b4 in /opt/conda/bin/python3.11)
frame #22: _PyFunction_Vectorcall + 0x17f (0x5596ebd86b4f in /opt/conda/bin/python3.11)
frame #23: _PyObject_FastCallDictTstate + 0x63 (0x5596ebd59353 in /opt/conda/bin/python3.11)
frame #24: _PyObject_Call_Prepend + 0x69 (0x5596ebd8e479 in /opt/conda/bin/python3.11)
frame #25: <unknown function> + 0x2df709 (0x5596ebe5d709 in /opt/conda/bin/python3.11)
frame #26: PyObject_Call + 0xbe (0x5596ebd9088e in /opt/conda/bin/python3.11)
frame #27: _PyEval_EvalFrameDefault + 0x4ae4 (0x5596ebd661b4 in /opt/conda/bin/python3.11)
frame #28: _PyFunction_Vectorcall + 0x17f (0x5596ebd86b4f in /opt/conda/bin/python3.11)
frame #29: _PyEval_EvalFrameDefault + 0x4ae4 (0x5596ebd661b4 in /opt/conda/bin/python3.11)
frame #30: <unknown function> + 0x29b01d (0x5596ebe1901d in /opt/conda/bin/python3.11)
frame #31: PyEval_EvalCode + 0x9f (0x5596ebe1875f in /opt/conda/bin/python3.11)
frame #32: <unknown function> + 0x2b86ca (0x5596ebe366ca in /opt/conda/bin/python3.11)
frame #33: <unknown function> + 0x2b4353 (0x5596ebe32353 in /opt/conda/bin/python3.11)
frame #34: <unknown function> + 0x2c98f0 (0x5596ebe478f0 in /opt/conda/bin/python3.11)
frame #35: _PyRun_SimpleFileObject + 0x1bc (0x5596ebe4727c in /opt/conda/bin/python3.11)
frame #36: _PyRun_AnyFileObject + 0x44 (0x5596ebe47014 in /opt/conda/bin/python3.11)
frame #37: Py_RunMain + 0x383 (0x5596ebe415e3 in /opt/conda/bin/python3.11)
frame #38: Py_BytesMain + 0x37 (0x5596ebe089d7 in /opt/conda/bin/python3.11)
frame #39: <unknown function> + 0x29d90 (0x14eea0c18d90 in /lib/x86_64-linux-gnu/libc.so.6)
frame #40: __libc_start_main + 0x80 (0x14eea0c18e40 in /lib/x86_64-linux-gnu/libc.so.6)
frame #41: <unknown function> + 0x28a88a (0x5596ebe0888a in /opt/conda/bin/python3.11)

[W1126 19:28:46.271705906 socket.cpp:759] [c10d] The client socket cannot be initialized to connect to [jwb0006.juwels]:30805 (errno: 97 - Address family not supported by protocol).
[W1126 19:28:46.272727338 socket.cpp:759] [c10d] The client socket has failed to connect to jwb0006.juwels:30805 (errno: 113 - No route to host).
[E1126 19:28:46.272734998 socket.cpp:813] [c10d] The client socket has failed to connect to any network address of (10.11.241.16, 30805).
[W1126 19:28:46.272807489 TCPStore.cpp:330] [c10d] TCP client failed to connect/validate to host 10.11.241.16:30805 - retrying (try=11, timeout=900000ms, delay=33943ms): The client socket has failed to connect to any network address of (10.11.241.16, 30805). The client socket has failed to connect to jwb0006.juwels:30805 (errno: 113 - No route to host).
Exception raised from run at /pytorch/torch/csrc/distributed/c10d/socket.cpp:815 (most recent call first):
frame #0: c10::Error::Error(c10::SourceLocation, std::string) + 0x96 (0x150873d6c1b6 in /opt/conda/lib/python3.11/site-packages/torch/lib/libc10.so)
frame #1: <unknown function> + 0x16155eb (0x1508579da5eb in /opt/conda/lib/python3.11/site-packages/torch/lib/libtorch_cpu.so)
frame #2: <unknown function> + 0x63507f4 (0x15085c7157f4 in /opt/conda/lib/python3.11/site-packages/torch/lib/libtorch_cpu.so)
frame #3: <unknown function> + 0x630d216 (0x15085c6d2216 in /opt/conda/lib/python3.11/site-packages/torch/lib/libtorch_cpu.so)
frame #4: c10d::TCPStore::TCPStore(std::string, c10d::TCPStoreOptions const&) + 0x20c (0x15085c6d514c in /opt/conda/lib/python3.11/site-packages/torch/lib/libtorch_cpu.so)
frame #5: <unknown function> + 0xe486ef (0x15086c2c96ef in /opt/conda/lib/python3.11/site-packages/torch/lib/libtorch_python.so)
frame #6: <unknown function> + 0x51a017 (0x15086b99b017 in /opt/conda/lib/python3.11/site-packages/torch/lib/libtorch_python.so)
frame #7: <unknown function> + 0x1f9276 (0x561064099276 in /opt/conda/bin/python3.11)
frame #8: _PyObject_MakeTpCall + 0x29b (0x56106407675b in /opt/conda/bin/python3.11)
frame #9: <unknown function> + 0x227206 (0x5610640c7206 in /opt/conda/bin/python3.11)
frame #10: _PyObject_Call + 0x12b (0x5610640b2b7b in /opt/conda/bin/python3.11)
frame #11: <unknown function> + 0x2101c4 (0x5610640b01c4 in /opt/conda/bin/python3.11)
frame #12: <unknown function> + 0x1d6a11 (0x561064076a11 in /opt/conda/bin/python3.11)
frame #13: <unknown function> + 0x51880b (0x15086b99980b in /opt/conda/lib/python3.11/site-packages/torch/lib/libtorch_python.so)
frame #14: _PyObject_MakeTpCall + 0x29b (0x56106407675b in /opt/conda/bin/python3.11)
frame #15: _PyEval_EvalFrameDefault + 0x70a (0x561064083dda in /opt/conda/bin/python3.11)
frame #16: _PyFunction_Vectorcall + 0x17f (0x5610640a8b4f in /opt/conda/bin/python3.11)
frame #17: _PyEval_EvalFrameDefault + 0x4ae4 (0x5610640881b4 in /opt/conda/bin/python3.11)
frame #18: _PyFunction_Vectorcall + 0x17f (0x5610640a8b4f in /opt/conda/bin/python3.11)
frame #19: _PyEval_EvalFrameDefault + 0x4ae4 (0x5610640881b4 in /opt/conda/bin/python3.11)
frame #20: _PyFunction_Vectorcall + 0x17f (0x5610640a8b4f in /opt/conda/bin/python3.11)
frame #21: _PyEval_EvalFrameDefault + 0x4ae4 (0x5610640881b4 in /opt/conda/bin/python3.11)
frame #22: _PyFunction_Vectorcall + 0x17f (0x5610640a8b4f in /opt/conda/bin/python3.11)
frame #23: _PyObject_FastCallDictTstate + 0x63 (0x56106407b353 in /opt/conda/bin/python3.11)
frame #24: _PyObject_Call_Prepend + 0x69 (0x5610640b0479 in /opt/conda/bin/python3.11)
frame #25: <unknown function> + 0x2df709 (0x56106417f709 in /opt/conda/bin/python3.11)
frame #26: PyObject_Call + 0xbe (0x5610640b288e in /opt/conda/bin/python3.11)
frame #27: _PyEval_EvalFrameDefault + 0x4ae4 (0x5610640881b4 in /opt/conda/bin/python3.11)
frame #28: _PyFunction_Vectorcall + 0x17f (0x5610640a8b4f in /opt/conda/bin/python3.11)
frame #29: _PyEval_EvalFrameDefault + 0x4ae4 (0x5610640881b4 in /opt/conda/bin/python3.11)
frame #30: <unknown function> + 0x29b01d (0x56106413b01d in /opt/conda/bin/python3.11)
frame #31: PyEval_EvalCode + 0x9f (0x56106413a75f in /opt/conda/bin/python3.11)
frame #32: <unknown function> + 0x2b86ca (0x5610641586ca in /opt/conda/bin/python3.11)
frame #33: <unknown function> + 0x2b4353 (0x561064154353 in /opt/conda/bin/python3.11)
frame #34: <unknown function> + 0x2c98f0 (0x5610641698f0 in /opt/conda/bin/python3.11)
frame #35: _PyRun_SimpleFileObject + 0x1bc (0x56106416927c in /opt/conda/bin/python3.11)
frame #36: _PyRun_AnyFileObject + 0x44 (0x561064169014 in /opt/conda/bin/python3.11)
frame #37: Py_RunMain + 0x383 (0x5610641635e3 in /opt/conda/bin/python3.11)
frame #38: Py_BytesMain + 0x37 (0x56106412a9d7 in /opt/conda/bin/python3.11)
frame #39: <unknown function> + 0x29d90 (0x150874d40d90 in /lib/x86_64-linux-gnu/libc.so.6)
frame #40: __libc_start_main + 0x80 (0x150874d40e40 in /lib/x86_64-linux-gnu/libc.so.6)
frame #41: <unknown function> + 0x28a88a (0x56106412a88a in /opt/conda/bin/python3.11)

[W1126 19:28:51.457541351 socket.cpp:759] [c10d] The client socket cannot be initialized to connect to [jwb0006.juwels]:30805 (errno: 97 - Address family not supported by protocol).
[W1126 19:28:51.458433065 socket.cpp:759] [c10d] The client socket has failed to connect to jwb0006.juwels:30805 (errno: 113 - No route to host).
[E1126 19:28:51.458442495 socket.cpp:813] [c10d] The client socket has failed to connect to any network address of (10.11.241.16, 30805).
[W1126 19:28:51.458501215 TCPStore.cpp:330] [c10d] TCP client failed to connect/validate to host 10.11.241.16:30805 - retrying (try=11, timeout=900000ms, delay=57130ms): The client socket has failed to connect to any network address of (10.11.241.16, 30805). The client socket has failed to connect to jwb0006.juwels:30805 (errno: 113 - No route to host).
Exception raised from run at /pytorch/torch/csrc/distributed/c10d/socket.cpp:815 (most recent call first):
frame #0: c10::Error::Error(c10::SourceLocation, std::string) + 0x96 (0x1536b956c1b6 in /opt/conda/lib/python3.11/site-packages/torch/lib/libc10.so)
frame #1: <unknown function> + 0x16155eb (0x15369cdda5eb in /opt/conda/lib/python3.11/site-packages/torch/lib/libtorch_cpu.so)
frame #2: <unknown function> + 0x63507f4 (0x1536a1b157f4 in /opt/conda/lib/python3.11/site-packages/torch/lib/libtorch_cpu.so)
frame #3: <unknown function> + 0x630d216 (0x1536a1ad2216 in /opt/conda/lib/python3.11/site-packages/torch/lib/libtorch_cpu.so)
frame #4: c10d::TCPStore::TCPStore(std::string, c10d::TCPStoreOptions const&) + 0x20c (0x1536a1ad514c in /opt/conda/lib/python3.11/site-packages/torch/lib/libtorch_cpu.so)
frame #5: <unknown function> + 0xe486ef (0x1536b16c96ef in /opt/conda/lib/python3.11/site-packages/torch/lib/libtorch_python.so)
frame #6: <unknown function> + 0x51a017 (0x1536b0d9b017 in /opt/conda/lib/python3.11/site-packages/torch/lib/libtorch_python.so)
frame #7: <unknown function> + 0x1f9276 (0x555fd5327276 in /opt/conda/bin/python3.11)
frame #8: _PyObject_MakeTpCall + 0x29b (0x555fd530475b in /opt/conda/bin/python3.11)
frame #9: <unknown function> + 0x227206 (0x555fd5355206 in /opt/conda/bin/python3.11)
frame #10: _PyObject_Call + 0x12b (0x555fd5340b7b in /opt/conda/bin/python3.11)
frame #11: <unknown function> + 0x2101c4 (0x555fd533e1c4 in /opt/conda/bin/python3.11)
frame #12: <unknown function> + 0x1d6a11 (0x555fd5304a11 in /opt/conda/bin/python3.11)
frame #13: <unknown function> + 0x51880b (0x1536b0d9980b in /opt/conda/lib/python3.11/site-packages/torch/lib/libtorch_python.so)
frame #14: _PyObject_MakeTpCall + 0x29b (0x555fd530475b in /opt/conda/bin/python3.11)
frame #15: _PyEval_EvalFrameDefault + 0x70a (0x555fd5311dda in /opt/conda/bin/python3.11)
frame #16: _PyFunction_Vectorcall + 0x17f (0x555fd5336b4f in /opt/conda/bin/python3.11)
frame #17: _PyEval_EvalFrameDefault + 0x4ae4 (0x555fd53161b4 in /opt/conda/bin/python3.11)
frame #18: _PyFunction_Vectorcall + 0x17f (0x555fd5336b4f in /opt/conda/bin/python3.11)
frame #19: _PyEval_EvalFrameDefault + 0x4ae4 (0x555fd53161b4 in /opt/conda/bin/python3.11)
frame #20: _PyFunction_Vectorcall + 0x17f (0x555fd5336b4f in /opt/conda/bin/python3.11)
frame #21: _PyEval_EvalFrameDefault + 0x4ae4 (0x555fd53161b4 in /opt/conda/bin/python3.11)
frame #22: _PyFunction_Vectorcall + 0x17f (0x555fd5336b4f in /opt/conda/bin/python3.11)
frame #23: _PyObject_FastCallDictTstate + 0x63 (0x555fd5309353 in /opt/conda/bin/python3.11)
frame #24: _PyObject_Call_Prepend + 0x69 (0x555fd533e479 in /opt/conda/bin/python3.11)
frame #25: <unknown function> + 0x2df709 (0x555fd540d709 in /opt/conda/bin/python3.11)
frame #26: PyObject_Call + 0xbe (0x555fd534088e in /opt/conda/bin/python3.11)
frame #27: _PyEval_EvalFrameDefault + 0x4ae4 (0x555fd53161b4 in /opt/conda/bin/python3.11)
frame #28: _PyFunction_Vectorcall + 0x17f (0x555fd5336b4f in /opt/conda/bin/python3.11)
frame #29: _PyEval_EvalFrameDefault + 0x4ae4 (0x555fd53161b4 in /opt/conda/bin/python3.11)
frame #30: <unknown function> + 0x29b01d (0x555fd53c901d in /opt/conda/bin/python3.11)
frame #31: PyEval_EvalCode + 0x9f (0x555fd53c875f in /opt/conda/bin/python3.11)
frame #32: <unknown function> + 0x2b86ca (0x555fd53e66ca in /opt/conda/bin/python3.11)
frame #33: <unknown function> + 0x2b4353 (0x555fd53e2353 in /opt/conda/bin/python3.11)
frame #34: <unknown function> + 0x2c98f0 (0x555fd53f78f0 in /opt/conda/bin/python3.11)
frame #35: _PyRun_SimpleFileObject + 0x1bc (0x555fd53f727c in /opt/conda/bin/python3.11)
frame #36: _PyRun_AnyFileObject + 0x44 (0x555fd53f7014 in /opt/conda/bin/python3.11)
frame #37: Py_RunMain + 0x383 (0x555fd53f15e3 in /opt/conda/bin/python3.11)
frame #38: Py_BytesMain + 0x37 (0x555fd53b89d7 in /opt/conda/bin/python3.11)
frame #39: <unknown function> + 0x29d90 (0x1536ba2a5d90 in /lib/x86_64-linux-gnu/libc.so.6)
frame #40: __libc_start_main + 0x80 (0x1536ba2a5e40 in /lib/x86_64-linux-gnu/libc.so.6)
frame #41: <unknown function> + 0x28a88a (0x555fd53b888a in /opt/conda/bin/python3.11)

[W1126 19:29:00.302908447 socket.cpp:759] [c10d] The client socket cannot be initialized to connect to [jwb0006.juwels]:30805 (errno: 97 - Address family not supported by protocol).
[W1126 19:29:00.304032077 socket.cpp:759] [c10d] The client socket has failed to connect to jwb0006.juwels:30805 (errno: 113 - No route to host).
[E1126 19:29:00.304040497 socket.cpp:813] [c10d] The client socket has failed to connect to any network address of (10.11.241.16, 30805).
[W1126 19:29:00.304124728 TCPStore.cpp:330] [c10d] TCP client failed to connect/validate to host 10.11.241.16:30805 - retrying (try=11, timeout=900000ms, delay=46165ms): The client socket has failed to connect to any network address of (10.11.241.16, 30805). The client socket has failed to connect to jwb0006.juwels:30805 (errno: 113 - No route to host).
Exception raised from run at /pytorch/torch/csrc/distributed/c10d/socket.cpp:815 (most recent call first):
frame #0: c10::Error::Error(c10::SourceLocation, std::string) + 0x96 (0x148707b6c1b6 in /opt/conda/lib/python3.11/site-packages/torch/lib/libc10.so)
frame #1: <unknown function> + 0x16155eb (0x1486eb7da5eb in /opt/conda/lib/python3.11/site-packages/torch/lib/libtorch_cpu.so)
frame #2: <unknown function> + 0x63507f4 (0x1486f05157f4 in /opt/conda/lib/python3.11/site-packages/torch/lib/libtorch_cpu.so)
frame #3: <unknown function> + 0x630d216 (0x1486f04d2216 in /opt/conda/lib/python3.11/site-packages/torch/lib/libtorch_cpu.so)
frame #4: c10d::TCPStore::TCPStore(std::string, c10d::TCPStoreOptions const&) + 0x20c (0x1486f04d514c in /opt/conda/lib/python3.11/site-packages/torch/lib/libtorch_cpu.so)
frame #5: <unknown function> + 0xe486ef (0x1487000c96ef in /opt/conda/lib/python3.11/site-packages/torch/lib/libtorch_python.so)
frame #6: <unknown function> + 0x51a017 (0x1486ff79b017 in /opt/conda/lib/python3.11/site-packages/torch/lib/libtorch_python.so)
frame #7: <unknown function> + 0x1f9276 (0x5605059c0276 in /opt/conda/bin/python3.11)
frame #8: _PyObject_MakeTpCall + 0x29b (0x56050599d75b in /opt/conda/bin/python3.11)
frame #9: <unknown function> + 0x227206 (0x5605059ee206 in /opt/conda/bin/python3.11)
frame #10: _PyObject_Call + 0x12b (0x5605059d9b7b in /opt/conda/bin/python3.11)
frame #11: <unknown function> + 0x2101c4 (0x5605059d71c4 in /opt/conda/bin/python3.11)
frame #12: <unknown function> + 0x1d6a11 (0x56050599da11 in /opt/conda/bin/python3.11)
frame #13: <unknown function> + 0x51880b (0x1486ff79980b in /opt/conda/lib/python3.11/site-packages/torch/lib/libtorch_python.so)
frame #14: _PyObject_MakeTpCall + 0x29b (0x56050599d75b in /opt/conda/bin/python3.11)
frame #15: _PyEval_EvalFrameDefault + 0x70a (0x5605059aadda in /opt/conda/bin/python3.11)
frame #16: _PyFunction_Vectorcall + 0x17f (0x5605059cfb4f in /opt/conda/bin/python3.11)
frame #17: _PyEval_EvalFrameDefault + 0x4ae4 (0x5605059af1b4 in /opt/conda/bin/python3.11)
frame #18: _PyFunction_Vectorcall + 0x17f (0x5605059cfb4f in /opt/conda/bin/python3.11)
frame #19: _PyEval_EvalFrameDefault + 0x4ae4 (0x5605059af1b4 in /opt/conda/bin/python3.11)
frame #20: _PyFunction_Vectorcall + 0x17f (0x5605059cfb4f in /opt/conda/bin/python3.11)
frame #21: _PyEval_EvalFrameDefault + 0x4ae4 (0x5605059af1b4 in /opt/conda/bin/python3.11)
frame #22: _PyFunction_Vectorcall + 0x17f (0x5605059cfb4f in /opt/conda/bin/python3.11)
frame #23: _PyObject_FastCallDictTstate + 0x63 (0x5605059a2353 in /opt/conda/bin/python3.11)
frame #24: _PyObject_Call_Prepend + 0x69 (0x5605059d7479 in /opt/conda/bin/python3.11)
frame #25: <unknown function> + 0x2df709 (0x560505aa6709 in /opt/conda/bin/python3.11)
frame #26: PyObject_Call + 0xbe (0x5605059d988e in /opt/conda/bin/python3.11)
frame #27: _PyEval_EvalFrameDefault + 0x4ae4 (0x5605059af1b4 in /opt/conda/bin/python3.11)
frame #28: _PyFunction_Vectorcall + 0x17f (0x5605059cfb4f in /opt/conda/bin/python3.11)
frame #29: _PyEval_EvalFrameDefault + 0x4ae4 (0x5605059af1b4 in /opt/conda/bin/python3.11)
frame #30: <unknown function> + 0x29b01d (0x560505a6201d in /opt/conda/bin/python3.11)
frame #31: PyEval_EvalCode + 0x9f (0x560505a6175f in /opt/conda/bin/python3.11)
frame #32: <unknown function> + 0x2b86ca (0x560505a7f6ca in /opt/conda/bin/python3.11)
frame #33: <unknown function> + 0x2b4353 (0x560505a7b353 in /opt/conda/bin/python3.11)
frame #34: <unknown function> + 0x2c98f0 (0x560505a908f0 in /opt/conda/bin/python3.11)
frame #35: _PyRun_SimpleFileObject + 0x1bc (0x560505a9027c in /opt/conda/bin/python3.11)
frame #36: _PyRun_AnyFileObject + 0x44 (0x560505a90014 in /opt/conda/bin/python3.11)
frame #37: Py_RunMain + 0x383 (0x560505a8a5e3 in /opt/conda/bin/python3.11)
frame #38: Py_BytesMain + 0x37 (0x560505a519d7 in /opt/conda/bin/python3.11)
frame #39: <unknown function> + 0x29d90 (0x148708b78d90 in /lib/x86_64-linux-gnu/libc.so.6)
frame #40: __libc_start_main + 0x80 (0x148708b78e40 in /lib/x86_64-linux-gnu/libc.so.6)
frame #41: <unknown function> + 0x28a88a (0x560505a5188a in /opt/conda/bin/python3.11)

[W1126 19:29:19.977127843 socket.cpp:759] [c10d] The client socket cannot be initialized to connect to [jwb0006.juwels]:30805 (errno: 97 - Address family not supported by protocol).
[W1126 19:29:19.978168678 socket.cpp:759] [c10d] The client socket has failed to connect to jwb0006.juwels:30805 (errno: 113 - No route to host).
[E1126 19:29:19.978176268 socket.cpp:813] [c10d] The client socket has failed to connect to any network address of (10.11.241.16, 30805).
[W1126 19:29:19.978234808 TCPStore.cpp:330] [c10d] TCP client failed to connect/validate to host 10.11.241.16:30805 - retrying (try=11, timeout=900000ms, delay=28818ms): The client socket has failed to connect to any network address of (10.11.241.16, 30805). The client socket has failed to connect to jwb0006.juwels:30805 (errno: 113 - No route to host).
Exception raised from run at /pytorch/torch/csrc/distributed/c10d/socket.cpp:815 (most recent call first):
frame #0: c10::Error::Error(c10::SourceLocation, std::string) + 0x96 (0x14ee9ff6c1b6 in /opt/conda/lib/python3.11/site-packages/torch/lib/libc10.so)
frame #1: <unknown function> + 0x16155eb (0x14ee837da5eb in /opt/conda/lib/python3.11/site-packages/torch/lib/libtorch_cpu.so)
frame #2: <unknown function> + 0x63507f4 (0x14ee885157f4 in /opt/conda/lib/python3.11/site-packages/torch/lib/libtorch_cpu.so)
frame #3: <unknown function> + 0x630d216 (0x14ee884d2216 in /opt/conda/lib/python3.11/site-packages/torch/lib/libtorch_cpu.so)
frame #4: c10d::TCPStore::TCPStore(std::string, c10d::TCPStoreOptions const&) + 0x20c (0x14ee884d514c in /opt/conda/lib/python3.11/site-packages/torch/lib/libtorch_cpu.so)
frame #5: <unknown function> + 0xe486ef (0x14ee980c96ef in /opt/conda/lib/python3.11/site-packages/torch/lib/libtorch_python.so)
frame #6: <unknown function> + 0x51a017 (0x14ee9779b017 in /opt/conda/lib/python3.11/site-packages/torch/lib/libtorch_python.so)
frame #7: <unknown function> + 0x1f9276 (0x5596ebd77276 in /opt/conda/bin/python3.11)
frame #8: _PyObject_MakeTpCall + 0x29b (0x5596ebd5475b in /opt/conda/bin/python3.11)
frame #9: <unknown function> + 0x227206 (0x5596ebda5206 in /opt/conda/bin/python3.11)
frame #10: _PyObject_Call + 0x12b (0x5596ebd90b7b in /opt/conda/bin/python3.11)
frame #11: <unknown function> + 0x2101c4 (0x5596ebd8e1c4 in /opt/conda/bin/python3.11)
frame #12: <unknown function> + 0x1d6a11 (0x5596ebd54a11 in /opt/conda/bin/python3.11)
frame #13: <unknown function> + 0x51880b (0x14ee9779980b in /opt/conda/lib/python3.11/site-packages/torch/lib/libtorch_python.so)
frame #14: _PyObject_MakeTpCall + 0x29b (0x5596ebd5475b in /opt/conda/bin/python3.11)
frame #15: _PyEval_EvalFrameDefault + 0x70a (0x5596ebd61dda in /opt/conda/bin/python3.11)
frame #16: _PyFunction_Vectorcall + 0x17f (0x5596ebd86b4f in /opt/conda/bin/python3.11)
frame #17: _PyEval_EvalFrameDefault + 0x4ae4 (0x5596ebd661b4 in /opt/conda/bin/python3.11)
frame #18: _PyFunction_Vectorcall + 0x17f (0x5596ebd86b4f in /opt/conda/bin/python3.11)
frame #19: _PyEval_EvalFrameDefault + 0x4ae4 (0x5596ebd661b4 in /opt/conda/bin/python3.11)
frame #20: _PyFunction_Vectorcall + 0x17f (0x5596ebd86b4f in /opt/conda/bin/python3.11)
frame #21: _PyEval_EvalFrameDefault + 0x4ae4 (0x5596ebd661b4 in /opt/conda/bin/python3.11)
frame #22: _PyFunction_Vectorcall + 0x17f (0x5596ebd86b4f in /opt/conda/bin/python3.11)
frame #23: _PyObject_FastCallDictTstate + 0x63 (0x5596ebd59353 in /opt/conda/bin/python3.11)
frame #24: _PyObject_Call_Prepend + 0x69 (0x5596ebd8e479 in /opt/conda/bin/python3.11)
frame #25: <unknown function> + 0x2df709 (0x5596ebe5d709 in /opt/conda/bin/python3.11)
frame #26: PyObject_Call + 0xbe (0x5596ebd9088e in /opt/conda/bin/python3.11)
frame #27: _PyEval_EvalFrameDefault + 0x4ae4 (0x5596ebd661b4 in /opt/conda/bin/python3.11)
frame #28: _PyFunction_Vectorcall + 0x17f (0x5596ebd86b4f in /opt/conda/bin/python3.11)
frame #29: _PyEval_EvalFrameDefault + 0x4ae4 (0x5596ebd661b4 in /opt/conda/bin/python3.11)
frame #30: <unknown function> + 0x29b01d (0x5596ebe1901d in /opt/conda/bin/python3.11)
frame #31: PyEval_EvalCode + 0x9f (0x5596ebe1875f in /opt/conda/bin/python3.11)
frame #32: <unknown function> + 0x2b86ca (0x5596ebe366ca in /opt/conda/bin/python3.11)
frame #33: <unknown function> + 0x2b4353 (0x5596ebe32353 in /opt/conda/bin/python3.11)
frame #34: <unknown function> + 0x2c98f0 (0x5596ebe478f0 in /opt/conda/bin/python3.11)
frame #35: _PyRun_SimpleFileObject + 0x1bc (0x5596ebe4727c in /opt/conda/bin/python3.11)
frame #36: _PyRun_AnyFileObject + 0x44 (0x5596ebe47014 in /opt/conda/bin/python3.11)
frame #37: Py_RunMain + 0x383 (0x5596ebe415e3 in /opt/conda/bin/python3.11)
frame #38: Py_BytesMain + 0x37 (0x5596ebe089d7 in /opt/conda/bin/python3.11)
frame #39: <unknown function> + 0x29d90 (0x14eea0c18d90 in /lib/x86_64-linux-gnu/libc.so.6)
frame #40: __libc_start_main + 0x80 (0x14eea0c18e40 in /lib/x86_64-linux-gnu/libc.so.6)
frame #41: <unknown function> + 0x28a88a (0x5596ebe0888a in /opt/conda/bin/python3.11)

[W1126 19:29:19.222593279 socket.cpp:759] [c10d] The client socket cannot be initialized to connect to [jwb0006.juwels]:30805 (errno: 97 - Address family not supported by protocol).
[W1126 19:29:19.223847694 socket.cpp:759] [c10d] The client socket has failed to connect to jwb0006.juwels:30805 (errno: 113 - No route to host).
[E1126 19:29:19.223858724 socket.cpp:813] [c10d] The client socket has failed to connect to any network address of (10.11.241.16, 30805).
[W1126 19:29:19.223933515 TCPStore.cpp:330] [c10d] TCP client failed to connect/validate to host 10.11.241.16:30805 - retrying (try=12, timeout=900000ms, delay=40488ms): The client socket has failed to connect to any network address of (10.11.241.16, 30805). The client socket has failed to connect to jwb0006.juwels:30805 (errno: 113 - No route to host).
Exception raised from run at /pytorch/torch/csrc/distributed/c10d/socket.cpp:815 (most recent call first):
frame #0: c10::Error::Error(c10::SourceLocation, std::string) + 0x96 (0x150873d6c1b6 in /opt/conda/lib/python3.11/site-packages/torch/lib/libc10.so)
frame #1: <unknown function> + 0x16155eb (0x1508579da5eb in /opt/conda/lib/python3.11/site-packages/torch/lib/libtorch_cpu.so)
frame #2: <unknown function> + 0x63507f4 (0x15085c7157f4 in /opt/conda/lib/python3.11/site-packages/torch/lib/libtorch_cpu.so)
frame #3: <unknown function> + 0x630d216 (0x15085c6d2216 in /opt/conda/lib/python3.11/site-packages/torch/lib/libtorch_cpu.so)
frame #4: c10d::TCPStore::TCPStore(std::string, c10d::TCPStoreOptions const&) + 0x20c (0x15085c6d514c in /opt/conda/lib/python3.11/site-packages/torch/lib/libtorch_cpu.so)
frame #5: <unknown function> + 0xe486ef (0x15086c2c96ef in /opt/conda/lib/python3.11/site-packages/torch/lib/libtorch_python.so)
frame #6: <unknown function> + 0x51a017 (0x15086b99b017 in /opt/conda/lib/python3.11/site-packages/torch/lib/libtorch_python.so)
frame #7: <unknown function> + 0x1f9276 (0x561064099276 in /opt/conda/bin/python3.11)
frame #8: _PyObject_MakeTpCall + 0x29b (0x56106407675b in /opt/conda/bin/python3.11)
frame #9: <unknown function> + 0x227206 (0x5610640c7206 in /opt/conda/bin/python3.11)
frame #10: _PyObject_Call + 0x12b (0x5610640b2b7b in /opt/conda/bin/python3.11)
frame #11: <unknown function> + 0x2101c4 (0x5610640b01c4 in /opt/conda/bin/python3.11)
frame #12: <unknown function> + 0x1d6a11 (0x561064076a11 in /opt/conda/bin/python3.11)
frame #13: <unknown function> + 0x51880b (0x15086b99980b in /opt/conda/lib/python3.11/site-packages/torch/lib/libtorch_python.so)
frame #14: _PyObject_MakeTpCall + 0x29b (0x56106407675b in /opt/conda/bin/python3.11)
frame #15: _PyEval_EvalFrameDefault + 0x70a (0x561064083dda in /opt/conda/bin/python3.11)
frame #16: _PyFunction_Vectorcall + 0x17f (0x5610640a8b4f in /opt/conda/bin/python3.11)
frame #17: _PyEval_EvalFrameDefault + 0x4ae4 (0x5610640881b4 in /opt/conda/bin/python3.11)
frame #18: _PyFunction_Vectorcall + 0x17f (0x5610640a8b4f in /opt/conda/bin/python3.11)
frame #19: _PyEval_EvalFrameDefault + 0x4ae4 (0x5610640881b4 in /opt/conda/bin/python3.11)
frame #20: _PyFunction_Vectorcall + 0x17f (0x5610640a8b4f in /opt/conda/bin/python3.11)
frame #21: _PyEval_EvalFrameDefault + 0x4ae4 (0x5610640881b4 in /opt/conda/bin/python3.11)
frame #22: _PyFunction_Vectorcall + 0x17f (0x5610640a8b4f in /opt/conda/bin/python3.11)
frame #23: _PyObject_FastCallDictTstate + 0x63 (0x56106407b353 in /opt/conda/bin/python3.11)
frame #24: _PyObject_Call_Prepend + 0x69 (0x5610640b0479 in /opt/conda/bin/python3.11)
frame #25: <unknown function> + 0x2df709 (0x56106417f709 in /opt/conda/bin/python3.11)
frame #26: PyObject_Call + 0xbe (0x5610640b288e in /opt/conda/bin/python3.11)
frame #27: _PyEval_EvalFrameDefault + 0x4ae4 (0x5610640881b4 in /opt/conda/bin/python3.11)
frame #28: _PyFunction_Vectorcall + 0x17f (0x5610640a8b4f in /opt/conda/bin/python3.11)
frame #29: _PyEval_EvalFrameDefault + 0x4ae4 (0x5610640881b4 in /opt/conda/bin/python3.11)
frame #30: <unknown function> + 0x29b01d (0x56106413b01d in /opt/conda/bin/python3.11)
frame #31: PyEval_EvalCode + 0x9f (0x56106413a75f in /opt/conda/bin/python3.11)
frame #32: <unknown function> + 0x2b86ca (0x5610641586ca in /opt/conda/bin/python3.11)
frame #33: <unknown function> + 0x2b4353 (0x561064154353 in /opt/conda/bin/python3.11)
frame #34: <unknown function> + 0x2c98f0 (0x5610641698f0 in /opt/conda/bin/python3.11)
frame #35: _PyRun_SimpleFileObject + 0x1bc (0x56106416927c in /opt/conda/bin/python3.11)
frame #36: _PyRun_AnyFileObject + 0x44 (0x561064169014 in /opt/conda/bin/python3.11)
frame #37: Py_RunMain + 0x383 (0x5610641635e3 in /opt/conda/bin/python3.11)
frame #38: Py_BytesMain + 0x37 (0x56106412a9d7 in /opt/conda/bin/python3.11)
frame #39: <unknown function> + 0x29d90 (0x150874d40d90 in /lib/x86_64-linux-gnu/libc.so.6)
frame #40: __libc_start_main + 0x80 (0x150874d40e40 in /lib/x86_64-linux-gnu/libc.so.6)
frame #41: <unknown function> + 0x28a88a (0x56106412a88a in /opt/conda/bin/python3.11)

[W1126 19:29:46.475746558 socket.cpp:759] [c10d] The client socket cannot be initialized to connect to [jwb0006.juwels]:30805 (errno: 97 - Address family not supported by protocol).
[W1126 19:29:46.476790987 socket.cpp:759] [c10d] The client socket has failed to connect to jwb0006.juwels:30805 (errno: 113 - No route to host).
[E1126 19:29:46.476803387 socket.cpp:813] [c10d] The client socket has failed to connect to any network address of (10.11.241.16, 30805).
[W1126 19:29:46.476889148 TCPStore.cpp:330] [c10d] TCP client failed to connect/validate to host 10.11.241.16:30805 - retrying (try=12, timeout=900000ms, delay=65904ms): The client socket has failed to connect to any network address of (10.11.241.16, 30805). The client socket has failed to connect to jwb0006.juwels:30805 (errno: 113 - No route to host).
Exception raised from run at /pytorch/torch/csrc/distributed/c10d/socket.cpp:815 (most recent call first):
frame #0: c10::Error::Error(c10::SourceLocation, std::string) + 0x96 (0x148707b6c1b6 in /opt/conda/lib/python3.11/site-packages/torch/lib/libc10.so)
frame #1: <unknown function> + 0x16155eb (0x1486eb7da5eb in /opt/conda/lib/python3.11/site-packages/torch/lib/libtorch_cpu.so)
frame #2: <unknown function> + 0x63507f4 (0x1486f05157f4 in /opt/conda/lib/python3.11/site-packages/torch/lib/libtorch_cpu.so)
frame #3: <unknown function> + 0x630d216 (0x1486f04d2216 in /opt/conda/lib/python3.11/site-packages/torch/lib/libtorch_cpu.so)
frame #4: c10d::TCPStore::TCPStore(std::string, c10d::TCPStoreOptions const&) + 0x20c (0x1486f04d514c in /opt/conda/lib/python3.11/site-packages/torch/lib/libtorch_cpu.so)
frame #5: <unknown function> + 0xe486ef (0x1487000c96ef in /opt/conda/lib/python3.11/site-packages/torch/lib/libtorch_python.so)
frame #6: <unknown function> + 0x51a017 (0x1486ff79b017 in /opt/conda/lib/python3.11/site-packages/torch/lib/libtorch_python.so)
frame #7: <unknown function> + 0x1f9276 (0x5605059c0276 in /opt/conda/bin/python3.11)
frame #8: _PyObject_MakeTpCall + 0x29b (0x56050599d75b in /opt/conda/bin/python3.11)
frame #9: <unknown function> + 0x227206 (0x5605059ee206 in /opt/conda/bin/python3.11)
frame #10: _PyObject_Call + 0x12b (0x5605059d9b7b in /opt/conda/bin/python3.11)
frame #11: <unknown function> + 0x2101c4 (0x5605059d71c4 in /opt/conda/bin/python3.11)
frame #12: <unknown function> + 0x1d6a11 (0x56050599da11 in /opt/conda/bin/python3.11)
frame #13: <unknown function> + 0x51880b (0x1486ff79980b in /opt/conda/lib/python3.11/site-packages/torch/lib/libtorch_python.so)
frame #14: _PyObject_MakeTpCall + 0x29b (0x56050599d75b in /opt/conda/bin/python3.11)
frame #15: _PyEval_EvalFrameDefault + 0x70a (0x5605059aadda in /opt/conda/bin/python3.11)
frame #16: _PyFunction_Vectorcall + 0x17f (0x5605059cfb4f in /opt/conda/bin/python3.11)
frame #17: _PyEval_EvalFrameDefault + 0x4ae4 (0x5605059af1b4 in /opt/conda/bin/python3.11)
frame #18: _PyFunction_Vectorcall + 0x17f (0x5605059cfb4f in /opt/conda/bin/python3.11)
frame #19: _PyEval_EvalFrameDefault + 0x4ae4 (0x5605059af1b4 in /opt/conda/bin/python3.11)
frame #20: _PyFunction_Vectorcall + 0x17f (0x5605059cfb4f in /opt/conda/bin/python3.11)
frame #21: _PyEval_EvalFrameDefault + 0x4ae4 (0x5605059af1b4 in /opt/conda/bin/python3.11)
frame #22: _PyFunction_Vectorcall + 0x17f (0x5605059cfb4f in /opt/conda/bin/python3.11)
frame #23: _PyObject_FastCallDictTstate + 0x63 (0x5605059a2353 in /opt/conda/bin/python3.11)
frame #24: _PyObject_Call_Prepend + 0x69 (0x5605059d7479 in /opt/conda/bin/python3.11)
frame #25: <unknown function> + 0x2df709 (0x560505aa6709 in /opt/conda/bin/python3.11)
frame #26: PyObject_Call + 0xbe (0x5605059d988e in /opt/conda/bin/python3.11)
frame #27: _PyEval_EvalFrameDefault + 0x4ae4 (0x5605059af1b4 in /opt/conda/bin/python3.11)
frame #28: _PyFunction_Vectorcall + 0x17f (0x5605059cfb4f in /opt/conda/bin/python3.11)
frame #29: _PyEval_EvalFrameDefault + 0x4ae4 (0x5605059af1b4 in /opt/conda/bin/python3.11)
frame #30: <unknown function> + 0x29b01d (0x560505a6201d in /opt/conda/bin/python3.11)
frame #31: PyEval_EvalCode + 0x9f (0x560505a6175f in /opt/conda/bin/python3.11)
frame #32: <unknown function> + 0x2b86ca (0x560505a7f6ca in /opt/conda/bin/python3.11)
frame #33: <unknown function> + 0x2b4353 (0x560505a7b353 in /opt/conda/bin/python3.11)
frame #34: <unknown function> + 0x2c98f0 (0x560505a908f0 in /opt/conda/bin/python3.11)
frame #35: _PyRun_SimpleFileObject + 0x1bc (0x560505a9027c in /opt/conda/bin/python3.11)
frame #36: _PyRun_AnyFileObject + 0x44 (0x560505a90014 in /opt/conda/bin/python3.11)
frame #37: Py_RunMain + 0x383 (0x560505a8a5e3 in /opt/conda/bin/python3.11)
frame #38: Py_BytesMain + 0x37 (0x560505a519d7 in /opt/conda/bin/python3.11)
frame #39: <unknown function> + 0x29d90 (0x148708b78d90 in /lib/x86_64-linux-gnu/libc.so.6)
frame #40: __libc_start_main + 0x80 (0x148708b78e40 in /lib/x86_64-linux-gnu/libc.so.6)
frame #41: <unknown function> + 0x28a88a (0x560505a5188a in /opt/conda/bin/python3.11)

[W1126 19:29:48.594933269 socket.cpp:759] [c10d] The client socket cannot be initialized to connect to [jwb0006.juwels]:30805 (errno: 97 - Address family not supported by protocol).
[W1126 19:29:48.596213494 socket.cpp:759] [c10d] The client socket has failed to connect to jwb0006.juwels:30805 (errno: 113 - No route to host).
[E1126 19:29:48.596222774 socket.cpp:813] [c10d] The client socket has failed to connect to any network address of (10.11.241.16, 30805).
[W1126 19:29:48.596285015 TCPStore.cpp:330] [c10d] TCP client failed to connect/validate to host 10.11.241.16:30805 - retrying (try=12, timeout=900000ms, delay=67979ms): The client socket has failed to connect to any network address of (10.11.241.16, 30805). The client socket has failed to connect to jwb0006.juwels:30805 (errno: 113 - No route to host).
Exception raised from run at /pytorch/torch/csrc/distributed/c10d/socket.cpp:815 (most recent call first):
frame #0: c10::Error::Error(c10::SourceLocation, std::string) + 0x96 (0x1536b956c1b6 in /opt/conda/lib/python3.11/site-packages/torch/lib/libc10.so)
frame #1: <unknown function> + 0x16155eb (0x15369cdda5eb in /opt/conda/lib/python3.11/site-packages/torch/lib/libtorch_cpu.so)
frame #2: <unknown function> + 0x63507f4 (0x1536a1b157f4 in /opt/conda/lib/python3.11/site-packages/torch/lib/libtorch_cpu.so)
frame #3: <unknown function> + 0x630d216 (0x1536a1ad2216 in /opt/conda/lib/python3.11/site-packages/torch/lib/libtorch_cpu.so)
frame #4: c10d::TCPStore::TCPStore(std::string, c10d::TCPStoreOptions const&) + 0x20c (0x1536a1ad514c in /opt/conda/lib/python3.11/site-packages/torch/lib/libtorch_cpu.so)
frame #5: <unknown function> + 0xe486ef (0x1536b16c96ef in /opt/conda/lib/python3.11/site-packages/torch/lib/libtorch_python.so)
frame #6: <unknown function> + 0x51a017 (0x1536b0d9b017 in /opt/conda/lib/python3.11/site-packages/torch/lib/libtorch_python.so)
frame #7: <unknown function> + 0x1f9276 (0x555fd5327276 in /opt/conda/bin/python3.11)
frame #8: _PyObject_MakeTpCall + 0x29b (0x555fd530475b in /opt/conda/bin/python3.11)
frame #9: <unknown function> + 0x227206 (0x555fd5355206 in /opt/conda/bin/python3.11)
frame #10: _PyObject_Call + 0x12b (0x555fd5340b7b in /opt/conda/bin/python3.11)
frame #11: <unknown function> + 0x2101c4 (0x555fd533e1c4 in /opt/conda/bin/python3.11)
frame #12: <unknown function> + 0x1d6a11 (0x555fd5304a11 in /opt/conda/bin/python3.11)
frame #13: <unknown function> + 0x51880b (0x1536b0d9980b in /opt/conda/lib/python3.11/site-packages/torch/lib/libtorch_python.so)
frame #14: _PyObject_MakeTpCall + 0x29b (0x555fd530475b in /opt/conda/bin/python3.11)
frame #15: _PyEval_EvalFrameDefault + 0x70a (0x555fd5311dda in /opt/conda/bin/python3.11)
frame #16: _PyFunction_Vectorcall + 0x17f (0x555fd5336b4f in /opt/conda/bin/python3.11)
frame #17: _PyEval_EvalFrameDefault + 0x4ae4 (0x555fd53161b4 in /opt/conda/bin/python3.11)
frame #18: _PyFunction_Vectorcall + 0x17f (0x555fd5336b4f in /opt/conda/bin/python3.11)
frame #19: _PyEval_EvalFrameDefault + 0x4ae4 (0x555fd53161b4 in /opt/conda/bin/python3.11)
frame #20: _PyFunction_Vectorcall + 0x17f (0x555fd5336b4f in /opt/conda/bin/python3.11)
frame #21: _PyEval_EvalFrameDefault + 0x4ae4 (0x555fd53161b4 in /opt/conda/bin/python3.11)
frame #22: _PyFunction_Vectorcall + 0x17f (0x555fd5336b4f in /opt/conda/bin/python3.11)
frame #23: _PyObject_FastCallDictTstate + 0x63 (0x555fd5309353 in /opt/conda/bin/python3.11)
frame #24: _PyObject_Call_Prepend + 0x69 (0x555fd533e479 in /opt/conda/bin/python3.11)
frame #25: <unknown function> + 0x2df709 (0x555fd540d709 in /opt/conda/bin/python3.11)
frame #26: PyObject_Call + 0xbe (0x555fd534088e in /opt/conda/bin/python3.11)
frame #27: _PyEval_EvalFrameDefault + 0x4ae4 (0x555fd53161b4 in /opt/conda/bin/python3.11)
frame #28: _PyFunction_Vectorcall + 0x17f (0x555fd5336b4f in /opt/conda/bin/python3.11)
frame #29: _PyEval_EvalFrameDefault + 0x4ae4 (0x555fd53161b4 in /opt/conda/bin/python3.11)
frame #30: <unknown function> + 0x29b01d (0x555fd53c901d in /opt/conda/bin/python3.11)
frame #31: PyEval_EvalCode + 0x9f (0x555fd53c875f in /opt/conda/bin/python3.11)
frame #32: <unknown function> + 0x2b86ca (0x555fd53e66ca in /opt/conda/bin/python3.11)
frame #33: <unknown function> + 0x2b4353 (0x555fd53e2353 in /opt/conda/bin/python3.11)
frame #34: <unknown function> + 0x2c98f0 (0x555fd53f78f0 in /opt/conda/bin/python3.11)
frame #35: _PyRun_SimpleFileObject + 0x1bc (0x555fd53f727c in /opt/conda/bin/python3.11)
frame #36: _PyRun_AnyFileObject + 0x44 (0x555fd53f7014 in /opt/conda/bin/python3.11)
frame #37: Py_RunMain + 0x383 (0x555fd53f15e3 in /opt/conda/bin/python3.11)
frame #38: Py_BytesMain + 0x37 (0x555fd53b89d7 in /opt/conda/bin/python3.11)
frame #39: <unknown function> + 0x29d90 (0x1536ba2a5d90 in /lib/x86_64-linux-gnu/libc.so.6)
frame #40: __libc_start_main + 0x80 (0x1536ba2a5e40 in /lib/x86_64-linux-gnu/libc.so.6)
frame #41: <unknown function> + 0x28a88a (0x555fd53b888a in /opt/conda/bin/python3.11)

[W1126 19:29:48.802485114 socket.cpp:759] [c10d] The client socket cannot be initialized to connect to [jwb0006.juwels]:30805 (errno: 97 - Address family not supported by protocol).
[W1126 19:29:48.803394948 socket.cpp:759] [c10d] The client socket has failed to connect to jwb0006.juwels:30805 (errno: 113 - No route to host).
[E1126 19:29:48.803402848 socket.cpp:813] [c10d] The client socket has failed to connect to any network address of (10.11.241.16, 30805).
[W1126 19:29:48.803462509 TCPStore.cpp:330] [c10d] TCP client failed to connect/validate to host 10.11.241.16:30805 - retrying (try=12, timeout=900000ms, delay=31571ms): The client socket has failed to connect to any network address of (10.11.241.16, 30805). The client socket has failed to connect to jwb0006.juwels:30805 (errno: 113 - No route to host).
Exception raised from run at /pytorch/torch/csrc/distributed/c10d/socket.cpp:815 (most recent call first):
frame #0: c10::Error::Error(c10::SourceLocation, std::string) + 0x96 (0x14ee9ff6c1b6 in /opt/conda/lib/python3.11/site-packages/torch/lib/libc10.so)
frame #1: <unknown function> + 0x16155eb (0x14ee837da5eb in /opt/conda/lib/python3.11/site-packages/torch/lib/libtorch_cpu.so)
frame #2: <unknown function> + 0x63507f4 (0x14ee885157f4 in /opt/conda/lib/python3.11/site-packages/torch/lib/libtorch_cpu.so)
frame #3: <unknown function> + 0x630d216 (0x14ee884d2216 in /opt/conda/lib/python3.11/site-packages/torch/lib/libtorch_cpu.so)
frame #4: c10d::TCPStore::TCPStore(std::string, c10d::TCPStoreOptions const&) + 0x20c (0x14ee884d514c in /opt/conda/lib/python3.11/site-packages/torch/lib/libtorch_cpu.so)
frame #5: <unknown function> + 0xe486ef (0x14ee980c96ef in /opt/conda/lib/python3.11/site-packages/torch/lib/libtorch_python.so)
frame #6: <unknown function> + 0x51a017 (0x14ee9779b017 in /opt/conda/lib/python3.11/site-packages/torch/lib/libtorch_python.so)
frame #7: <unknown function> + 0x1f9276 (0x5596ebd77276 in /opt/conda/bin/python3.11)
frame #8: _PyObject_MakeTpCall + 0x29b (0x5596ebd5475b in /opt/conda/bin/python3.11)
frame #9: <unknown function> + 0x227206 (0x5596ebda5206 in /opt/conda/bin/python3.11)
frame #10: _PyObject_Call + 0x12b (0x5596ebd90b7b in /opt/conda/bin/python3.11)
frame #11: <unknown function> + 0x2101c4 (0x5596ebd8e1c4 in /opt/conda/bin/python3.11)
frame #12: <unknown function> + 0x1d6a11 (0x5596ebd54a11 in /opt/conda/bin/python3.11)
frame #13: <unknown function> + 0x51880b (0x14ee9779980b in /opt/conda/lib/python3.11/site-packages/torch/lib/libtorch_python.so)
frame #14: _PyObject_MakeTpCall + 0x29b (0x5596ebd5475b in /opt/conda/bin/python3.11)
frame #15: _PyEval_EvalFrameDefault + 0x70a (0x5596ebd61dda in /opt/conda/bin/python3.11)
frame #16: _PyFunction_Vectorcall + 0x17f (0x5596ebd86b4f in /opt/conda/bin/python3.11)
frame #17: _PyEval_EvalFrameDefault + 0x4ae4 (0x5596ebd661b4 in /opt/conda/bin/python3.11)
frame #18: _PyFunction_Vectorcall + 0x17f (0x5596ebd86b4f in /opt/conda/bin/python3.11)
frame #19: _PyEval_EvalFrameDefault + 0x4ae4 (0x5596ebd661b4 in /opt/conda/bin/python3.11)
frame #20: _PyFunction_Vectorcall + 0x17f (0x5596ebd86b4f in /opt/conda/bin/python3.11)
frame #21: _PyEval_EvalFrameDefault + 0x4ae4 (0x5596ebd661b4 in /opt/conda/bin/python3.11)
frame #22: _PyFunction_Vectorcall + 0x17f (0x5596ebd86b4f in /opt/conda/bin/python3.11)
frame #23: _PyObject_FastCallDictTstate + 0x63 (0x5596ebd59353 in /opt/conda/bin/python3.11)
frame #24: _PyObject_Call_Prepend + 0x69 (0x5596ebd8e479 in /opt/conda/bin/python3.11)
frame #25: <unknown function> + 0x2df709 (0x5596ebe5d709 in /opt/conda/bin/python3.11)
frame #26: PyObject_Call + 0xbe (0x5596ebd9088e in /opt/conda/bin/python3.11)
frame #27: _PyEval_EvalFrameDefault + 0x4ae4 (0x5596ebd661b4 in /opt/conda/bin/python3.11)
frame #28: _PyFunction_Vectorcall + 0x17f (0x5596ebd86b4f in /opt/conda/bin/python3.11)
frame #29: _PyEval_EvalFrameDefault + 0x4ae4 (0x5596ebd661b4 in /opt/conda/bin/python3.11)
frame #30: <unknown function> + 0x29b01d (0x5596ebe1901d in /opt/conda/bin/python3.11)
frame #31: PyEval_EvalCode + 0x9f (0x5596ebe1875f in /opt/conda/bin/python3.11)
frame #32: <unknown function> + 0x2b86ca (0x5596ebe366ca in /opt/conda/bin/python3.11)
frame #33: <unknown function> + 0x2b4353 (0x5596ebe32353 in /opt/conda/bin/python3.11)
frame #34: <unknown function> + 0x2c98f0 (0x5596ebe478f0 in /opt/conda/bin/python3.11)
frame #35: _PyRun_SimpleFileObject + 0x1bc (0x5596ebe4727c in /opt/conda/bin/python3.11)
frame #36: _PyRun_AnyFileObject + 0x44 (0x5596ebe47014 in /opt/conda/bin/python3.11)
frame #37: Py_RunMain + 0x383 (0x5596ebe415e3 in /opt/conda/bin/python3.11)
frame #38: Py_BytesMain + 0x37 (0x5596ebe089d7 in /opt/conda/bin/python3.11)
frame #39: <unknown function> + 0x29d90 (0x14eea0c18d90 in /lib/x86_64-linux-gnu/libc.so.6)
frame #40: __libc_start_main + 0x80 (0x14eea0c18e40 in /lib/x86_64-linux-gnu/libc.so.6)
frame #41: <unknown function> + 0x28a88a (0x5596ebe0888a in /opt/conda/bin/python3.11)

[W1126 19:30:00.718572073 socket.cpp:759] [c10d] The client socket cannot be initialized to connect to [jwb0006.juwels]:30805 (errno: 97 - Address family not supported by protocol).
[W1126 19:30:00.719471203 socket.cpp:759] [c10d] The client socket has failed to connect to jwb0006.juwels:30805 (errno: 113 - No route to host).
[E1126 19:30:00.719482433 socket.cpp:813] [c10d] The client socket has failed to connect to any network address of (10.11.241.16, 30805).
[W1126 19:30:00.719559674 TCPStore.cpp:330] [c10d] TCP client failed to connect/validate to host 10.11.241.16:30805 - retrying (try=13, timeout=900000ms, delay=63109ms): The client socket has failed to connect to any network address of (10.11.241.16, 30805). The client socket has failed to connect to jwb0006.juwels:30805 (errno: 113 - No route to host).
Exception raised from run at /pytorch/torch/csrc/distributed/c10d/socket.cpp:815 (most recent call first):
frame #0: c10::Error::Error(c10::SourceLocation, std::string) + 0x96 (0x150873d6c1b6 in /opt/conda/lib/python3.11/site-packages/torch/lib/libc10.so)
frame #1: <unknown function> + 0x16155eb (0x1508579da5eb in /opt/conda/lib/python3.11/site-packages/torch/lib/libtorch_cpu.so)
frame #2: <unknown function> + 0x63507f4 (0x15085c7157f4 in /opt/conda/lib/python3.11/site-packages/torch/lib/libtorch_cpu.so)
frame #3: <unknown function> + 0x630d216 (0x15085c6d2216 in /opt/conda/lib/python3.11/site-packages/torch/lib/libtorch_cpu.so)
frame #4: c10d::TCPStore::TCPStore(std::string, c10d::TCPStoreOptions const&) + 0x20c (0x15085c6d514c in /opt/conda/lib/python3.11/site-packages/torch/lib/libtorch_cpu.so)
frame #5: <unknown function> + 0xe486ef (0x15086c2c96ef in /opt/conda/lib/python3.11/site-packages/torch/lib/libtorch_python.so)
frame #6: <unknown function> + 0x51a017 (0x15086b99b017 in /opt/conda/lib/python3.11/site-packages/torch/lib/libtorch_python.so)
frame #7: <unknown function> + 0x1f9276 (0x561064099276 in /opt/conda/bin/python3.11)
frame #8: _PyObject_MakeTpCall + 0x29b (0x56106407675b in /opt/conda/bin/python3.11)
frame #9: <unknown function> + 0x227206 (0x5610640c7206 in /opt/conda/bin/python3.11)
frame #10: _PyObject_Call + 0x12b (0x5610640b2b7b in /opt/conda/bin/python3.11)
frame #11: <unknown function> + 0x2101c4 (0x5610640b01c4 in /opt/conda/bin/python3.11)
frame #12: <unknown function> + 0x1d6a11 (0x561064076a11 in /opt/conda/bin/python3.11)
frame #13: <unknown function> + 0x51880b (0x15086b99980b in /opt/conda/lib/python3.11/site-packages/torch/lib/libtorch_python.so)
frame #14: _PyObject_MakeTpCall + 0x29b (0x56106407675b in /opt/conda/bin/python3.11)
frame #15: _PyEval_EvalFrameDefault + 0x70a (0x561064083dda in /opt/conda/bin/python3.11)
frame #16: _PyFunction_Vectorcall + 0x17f (0x5610640a8b4f in /opt/conda/bin/python3.11)
frame #17: _PyEval_EvalFrameDefault + 0x4ae4 (0x5610640881b4 in /opt/conda/bin/python3.11)
frame #18: _PyFunction_Vectorcall + 0x17f (0x5610640a8b4f in /opt/conda/bin/python3.11)
frame #19: _PyEval_EvalFrameDefault + 0x4ae4 (0x5610640881b4 in /opt/conda/bin/python3.11)
frame #20: _PyFunction_Vectorcall + 0x17f (0x5610640a8b4f in /opt/conda/bin/python3.11)
frame #21: _PyEval_EvalFrameDefault + 0x4ae4 (0x5610640881b4 in /opt/conda/bin/python3.11)
frame #22: _PyFunction_Vectorcall + 0x17f (0x5610640a8b4f in /opt/conda/bin/python3.11)
frame #23: _PyObject_FastCallDictTstate + 0x63 (0x56106407b353 in /opt/conda/bin/python3.11)
frame #24: _PyObject_Call_Prepend + 0x69 (0x5610640b0479 in /opt/conda/bin/python3.11)
frame #25: <unknown function> + 0x2df709 (0x56106417f709 in /opt/conda/bin/python3.11)
frame #26: PyObject_Call + 0xbe (0x5610640b288e in /opt/conda/bin/python3.11)
frame #27: _PyEval_EvalFrameDefault + 0x4ae4 (0x5610640881b4 in /opt/conda/bin/python3.11)
frame #28: _PyFunction_Vectorcall + 0x17f (0x5610640a8b4f in /opt/conda/bin/python3.11)
frame #29: _PyEval_EvalFrameDefault + 0x4ae4 (0x5610640881b4 in /opt/conda/bin/python3.11)
frame #30: <unknown function> + 0x29b01d (0x56106413b01d in /opt/conda/bin/python3.11)
frame #31: PyEval_EvalCode + 0x9f (0x56106413a75f in /opt/conda/bin/python3.11)
frame #32: <unknown function> + 0x2b86ca (0x5610641586ca in /opt/conda/bin/python3.11)
frame #33: <unknown function> + 0x2b4353 (0x561064154353 in /opt/conda/bin/python3.11)
frame #34: <unknown function> + 0x2c98f0 (0x5610641698f0 in /opt/conda/bin/python3.11)
frame #35: _PyRun_SimpleFileObject + 0x1bc (0x56106416927c in /opt/conda/bin/python3.11)
frame #36: _PyRun_AnyFileObject + 0x44 (0x561064169014 in /opt/conda/bin/python3.11)
frame #37: Py_RunMain + 0x383 (0x5610641635e3 in /opt/conda/bin/python3.11)
frame #38: Py_BytesMain + 0x37 (0x56106412a9d7 in /opt/conda/bin/python3.11)
frame #39: <unknown function> + 0x29d90 (0x150874d40d90 in /lib/x86_64-linux-gnu/libc.so.6)
frame #40: __libc_start_main + 0x80 (0x150874d40e40 in /lib/x86_64-linux-gnu/libc.so.6)
frame #41: <unknown function> + 0x28a88a (0x56106412a88a in /opt/conda/bin/python3.11)

[W1126 19:30:20.381184149 socket.cpp:759] [c10d] The client socket cannot be initialized to connect to [jwb0006.juwels]:30805 (errno: 97 - Address family not supported by protocol).
[W1126 19:30:20.382036302 socket.cpp:759] [c10d] The client socket has failed to connect to jwb0006.juwels:30805 (errno: 113 - No route to host).
[E1126 19:30:20.382044002 socket.cpp:813] [c10d] The client socket has failed to connect to any network address of (10.11.241.16, 30805).
[W1126 19:30:20.382104293 TCPStore.cpp:330] [c10d] TCP client failed to connect/validate to host 10.11.241.16:30805 - retrying (try=13, timeout=900000ms, delay=83043ms): The client socket has failed to connect to any network address of (10.11.241.16, 30805). The client socket has failed to connect to jwb0006.juwels:30805 (errno: 113 - No route to host).
Exception raised from run at /pytorch/torch/csrc/distributed/c10d/socket.cpp:815 (most recent call first):
frame #0: c10::Error::Error(c10::SourceLocation, std::string) + 0x96 (0x14ee9ff6c1b6 in /opt/conda/lib/python3.11/site-packages/torch/lib/libc10.so)
frame #1: <unknown function> + 0x16155eb (0x14ee837da5eb in /opt/conda/lib/python3.11/site-packages/torch/lib/libtorch_cpu.so)
frame #2: <unknown function> + 0x63507f4 (0x14ee885157f4 in /opt/conda/lib/python3.11/site-packages/torch/lib/libtorch_cpu.so)
frame #3: <unknown function> + 0x630d216 (0x14ee884d2216 in /opt/conda/lib/python3.11/site-packages/torch/lib/libtorch_cpu.so)
frame #4: c10d::TCPStore::TCPStore(std::string, c10d::TCPStoreOptions const&) + 0x20c (0x14ee884d514c in /opt/conda/lib/python3.11/site-packages/torch/lib/libtorch_cpu.so)
frame #5: <unknown function> + 0xe486ef (0x14ee980c96ef in /opt/conda/lib/python3.11/site-packages/torch/lib/libtorch_python.so)
frame #6: <unknown function> + 0x51a017 (0x14ee9779b017 in /opt/conda/lib/python3.11/site-packages/torch/lib/libtorch_python.so)
frame #7: <unknown function> + 0x1f9276 (0x5596ebd77276 in /opt/conda/bin/python3.11)
frame #8: _PyObject_MakeTpCall + 0x29b (0x5596ebd5475b in /opt/conda/bin/python3.11)
frame #9: <unknown function> + 0x227206 (0x5596ebda5206 in /opt/conda/bin/python3.11)
frame #10: _PyObject_Call + 0x12b (0x5596ebd90b7b in /opt/conda/bin/python3.11)
frame #11: <unknown function> + 0x2101c4 (0x5596ebd8e1c4 in /opt/conda/bin/python3.11)
frame #12: <unknown function> + 0x1d6a11 (0x5596ebd54a11 in /opt/conda/bin/python3.11)
frame #13: <unknown function> + 0x51880b (0x14ee9779980b in /opt/conda/lib/python3.11/site-packages/torch/lib/libtorch_python.so)
frame #14: _PyObject_MakeTpCall + 0x29b (0x5596ebd5475b in /opt/conda/bin/python3.11)
frame #15: _PyEval_EvalFrameDefault + 0x70a (0x5596ebd61dda in /opt/conda/bin/python3.11)
frame #16: _PyFunction_Vectorcall + 0x17f (0x5596ebd86b4f in /opt/conda/bin/python3.11)
frame #17: _PyEval_EvalFrameDefault + 0x4ae4 (0x5596ebd661b4 in /opt/conda/bin/python3.11)
frame #18: _PyFunction_Vectorcall + 0x17f (0x5596ebd86b4f in /opt/conda/bin/python3.11)
frame #19: _PyEval_EvalFrameDefault + 0x4ae4 (0x5596ebd661b4 in /opt/conda/bin/python3.11)
frame #20: _PyFunction_Vectorcall + 0x17f (0x5596ebd86b4f in /opt/conda/bin/python3.11)
frame #21: _PyEval_EvalFrameDefault + 0x4ae4 (0x5596ebd661b4 in /opt/conda/bin/python3.11)
frame #22: _PyFunction_Vectorcall + 0x17f (0x5596ebd86b4f in /opt/conda/bin/python3.11)
frame #23: _PyObject_FastCallDictTstate + 0x63 (0x5596ebd59353 in /opt/conda/bin/python3.11)
frame #24: _PyObject_Call_Prepend + 0x69 (0x5596ebd8e479 in /opt/conda/bin/python3.11)
frame #25: <unknown function> + 0x2df709 (0x5596ebe5d709 in /opt/conda/bin/python3.11)
frame #26: PyObject_Call + 0xbe (0x5596ebd9088e in /opt/conda/bin/python3.11)
frame #27: _PyEval_EvalFrameDefault + 0x4ae4 (0x5596ebd661b4 in /opt/conda/bin/python3.11)
frame #28: _PyFunction_Vectorcall + 0x17f (0x5596ebd86b4f in /opt/conda/bin/python3.11)
frame #29: _PyEval_EvalFrameDefault + 0x4ae4 (0x5596ebd661b4 in /opt/conda/bin/python3.11)
frame #30: <unknown function> + 0x29b01d (0x5596ebe1901d in /opt/conda/bin/python3.11)
frame #31: PyEval_EvalCode + 0x9f (0x5596ebe1875f in /opt/conda/bin/python3.11)
frame #32: <unknown function> + 0x2b86ca (0x5596ebe366ca in /opt/conda/bin/python3.11)
frame #33: <unknown function> + 0x2b4353 (0x5596ebe32353 in /opt/conda/bin/python3.11)
frame #34: <unknown function> + 0x2c98f0 (0x5596ebe478f0 in /opt/conda/bin/python3.11)
frame #35: _PyRun_SimpleFileObject + 0x1bc (0x5596ebe4727c in /opt/conda/bin/python3.11)
frame #36: _PyRun_AnyFileObject + 0x44 (0x5596ebe47014 in /opt/conda/bin/python3.11)
frame #37: Py_RunMain + 0x383 (0x5596ebe415e3 in /opt/conda/bin/python3.11)
frame #38: Py_BytesMain + 0x37 (0x5596ebe089d7 in /opt/conda/bin/python3.11)
frame #39: <unknown function> + 0x29d90 (0x14eea0c18d90 in /lib/x86_64-linux-gnu/libc.so.6)
frame #40: __libc_start_main + 0x80 (0x14eea0c18e40 in /lib/x86_64-linux-gnu/libc.so.6)
frame #41: <unknown function> + 0x28a88a (0x5596ebe0888a in /opt/conda/bin/python3.11)

[W1126 19:30:52.387707486 socket.cpp:759] [c10d] The client socket cannot be initialized to connect to [jwb0006.juwels]:30805 (errno: 97 - Address family not supported by protocol).
[W1126 19:30:52.388748535 socket.cpp:759] [c10d] The client socket has failed to connect to jwb0006.juwels:30805 (errno: 113 - No route to host).
[E1126 19:30:52.388757995 socket.cpp:813] [c10d] The client socket has failed to connect to any network address of (10.11.241.16, 30805).
[W1126 19:30:52.388842536 TCPStore.cpp:330] [c10d] TCP client failed to connect/validate to host 10.11.241.16:30805 - retrying (try=13, timeout=900000ms, delay=74529ms): The client socket has failed to connect to any network address of (10.11.241.16, 30805). The client socket has failed to connect to jwb0006.juwels:30805 (errno: 113 - No route to host).
Exception raised from run at /pytorch/torch/csrc/distributed/c10d/socket.cpp:815 (most recent call first):
frame #0: c10::Error::Error(c10::SourceLocation, std::string) + 0x96 (0x148707b6c1b6 in /opt/conda/lib/python3.11/site-packages/torch/lib/libc10.so)
frame #1: <unknown function> + 0x16155eb (0x1486eb7da5eb in /opt/conda/lib/python3.11/site-packages/torch/lib/libtorch_cpu.so)
frame #2: <unknown function> + 0x63507f4 (0x1486f05157f4 in /opt/conda/lib/python3.11/site-packages/torch/lib/libtorch_cpu.so)
frame #3: <unknown function> + 0x630d216 (0x1486f04d2216 in /opt/conda/lib/python3.11/site-packages/torch/lib/libtorch_cpu.so)
frame #4: c10d::TCPStore::TCPStore(std::string, c10d::TCPStoreOptions const&) + 0x20c (0x1486f04d514c in /opt/conda/lib/python3.11/site-packages/torch/lib/libtorch_cpu.so)
frame #5: <unknown function> + 0xe486ef (0x1487000c96ef in /opt/conda/lib/python3.11/site-packages/torch/lib/libtorch_python.so)
frame #6: <unknown function> + 0x51a017 (0x1486ff79b017 in /opt/conda/lib/python3.11/site-packages/torch/lib/libtorch_python.so)
frame #7: <unknown function> + 0x1f9276 (0x5605059c0276 in /opt/conda/bin/python3.11)
frame #8: _PyObject_MakeTpCall + 0x29b (0x56050599d75b in /opt/conda/bin/python3.11)
frame #9: <unknown function> + 0x227206 (0x5605059ee206 in /opt/conda/bin/python3.11)
frame #10: _PyObject_Call + 0x12b (0x5605059d9b7b in /opt/conda/bin/python3.11)
frame #11: <unknown function> + 0x2101c4 (0x5605059d71c4 in /opt/conda/bin/python3.11)
frame #12: <unknown function> + 0x1d6a11 (0x56050599da11 in /opt/conda/bin/python3.11)
frame #13: <unknown function> + 0x51880b (0x1486ff79980b in /opt/conda/lib/python3.11/site-packages/torch/lib/libtorch_python.so)
frame #14: _PyObject_MakeTpCall + 0x29b (0x56050599d75b in /opt/conda/bin/python3.11)
frame #15: _PyEval_EvalFrameDefault + 0x70a (0x5605059aadda in /opt/conda/bin/python3.11)
frame #16: _PyFunction_Vectorcall + 0x17f (0x5605059cfb4f in /opt/conda/bin/python3.11)
frame #17: _PyEval_EvalFrameDefault + 0x4ae4 (0x5605059af1b4 in /opt/conda/bin/python3.11)
frame #18: _PyFunction_Vectorcall + 0x17f (0x5605059cfb4f in /opt/conda/bin/python3.11)
frame #19: _PyEval_EvalFrameDefault + 0x4ae4 (0x5605059af1b4 in /opt/conda/bin/python3.11)
frame #20: _PyFunction_Vectorcall + 0x17f (0x5605059cfb4f in /opt/conda/bin/python3.11)
frame #21: _PyEval_EvalFrameDefault + 0x4ae4 (0x5605059af1b4 in /opt/conda/bin/python3.11)
frame #22: _PyFunction_Vectorcall + 0x17f (0x5605059cfb4f in /opt/conda/bin/python3.11)
frame #23: _PyObject_FastCallDictTstate + 0x63 (0x5605059a2353 in /opt/conda/bin/python3.11)
frame #24: _PyObject_Call_Prepend + 0x69 (0x5605059d7479 in /opt/conda/bin/python3.11)
frame #25: <unknown function> + 0x2df709 (0x560505aa6709 in /opt/conda/bin/python3.11)
frame #26: PyObject_Call + 0xbe (0x5605059d988e in /opt/conda/bin/python3.11)
frame #27: _PyEval_EvalFrameDefault + 0x4ae4 (0x5605059af1b4 in /opt/conda/bin/python3.11)
frame #28: _PyFunction_Vectorcall + 0x17f (0x5605059cfb4f in /opt/conda/bin/python3.11)
frame #29: _PyEval_EvalFrameDefault + 0x4ae4 (0x5605059af1b4 in /opt/conda/bin/python3.11)
frame #30: <unknown function> + 0x29b01d (0x560505a6201d in /opt/conda/bin/python3.11)
frame #31: PyEval_EvalCode + 0x9f (0x560505a6175f in /opt/conda/bin/python3.11)
frame #32: <unknown function> + 0x2b86ca (0x560505a7f6ca in /opt/conda/bin/python3.11)
frame #33: <unknown function> + 0x2b4353 (0x560505a7b353 in /opt/conda/bin/python3.11)
frame #34: <unknown function> + 0x2c98f0 (0x560505a908f0 in /opt/conda/bin/python3.11)
frame #35: _PyRun_SimpleFileObject + 0x1bc (0x560505a9027c in /opt/conda/bin/python3.11)
frame #36: _PyRun_AnyFileObject + 0x44 (0x560505a90014 in /opt/conda/bin/python3.11)
frame #37: Py_RunMain + 0x383 (0x560505a8a5e3 in /opt/conda/bin/python3.11)
frame #38: Py_BytesMain + 0x37 (0x560505a519d7 in /opt/conda/bin/python3.11)
frame #39: <unknown function> + 0x29d90 (0x148708b78d90 in /lib/x86_64-linux-gnu/libc.so.6)
frame #40: __libc_start_main + 0x80 (0x148708b78e40 in /lib/x86_64-linux-gnu/libc.so.6)
frame #41: <unknown function> + 0x28a88a (0x560505a5188a in /opt/conda/bin/python3.11)

[W1126 19:30:56.581770543 socket.cpp:759] [c10d] The client socket cannot be initialized to connect to [jwb0006.juwels]:30805 (errno: 97 - Address family not supported by protocol).
[W1126 19:30:56.583075949 socket.cpp:759] [c10d] The client socket has failed to connect to jwb0006.juwels:30805 (errno: 113 - No route to host).
[E1126 19:30:56.583087439 socket.cpp:813] [c10d] The client socket has failed to connect to any network address of (10.11.241.16, 30805).
[W1126 19:30:56.583176990 TCPStore.cpp:330] [c10d] TCP client failed to connect/validate to host 10.11.241.16:30805 - retrying (try=13, timeout=900000ms, delay=89417ms): The client socket has failed to connect to any network address of (10.11.241.16, 30805). The client socket has failed to connect to jwb0006.juwels:30805 (errno: 113 - No route to host).
Exception raised from run at /pytorch/torch/csrc/distributed/c10d/socket.cpp:815 (most recent call first):
frame #0: c10::Error::Error(c10::SourceLocation, std::string) + 0x96 (0x1536b956c1b6 in /opt/conda/lib/python3.11/site-packages/torch/lib/libc10.so)
frame #1: <unknown function> + 0x16155eb (0x15369cdda5eb in /opt/conda/lib/python3.11/site-packages/torch/lib/libtorch_cpu.so)
frame #2: <unknown function> + 0x63507f4 (0x1536a1b157f4 in /opt/conda/lib/python3.11/site-packages/torch/lib/libtorch_cpu.so)
frame #3: <unknown function> + 0x630d216 (0x1536a1ad2216 in /opt/conda/lib/python3.11/site-packages/torch/lib/libtorch_cpu.so)
frame #4: c10d::TCPStore::TCPStore(std::string, c10d::TCPStoreOptions const&) + 0x20c (0x1536a1ad514c in /opt/conda/lib/python3.11/site-packages/torch/lib/libtorch_cpu.so)
frame #5: <unknown function> + 0xe486ef (0x1536b16c96ef in /opt/conda/lib/python3.11/site-packages/torch/lib/libtorch_python.so)
frame #6: <unknown function> + 0x51a017 (0x1536b0d9b017 in /opt/conda/lib/python3.11/site-packages/torch/lib/libtorch_python.so)
frame #7: <unknown function> + 0x1f9276 (0x555fd5327276 in /opt/conda/bin/python3.11)
frame #8: _PyObject_MakeTpCall + 0x29b (0x555fd530475b in /opt/conda/bin/python3.11)
frame #9: <unknown function> + 0x227206 (0x555fd5355206 in /opt/conda/bin/python3.11)
frame #10: _PyObject_Call + 0x12b (0x555fd5340b7b in /opt/conda/bin/python3.11)
frame #11: <unknown function> + 0x2101c4 (0x555fd533e1c4 in /opt/conda/bin/python3.11)
frame #12: <unknown function> + 0x1d6a11 (0x555fd5304a11 in /opt/conda/bin/python3.11)
frame #13: <unknown function> + 0x51880b (0x1536b0d9980b in /opt/conda/lib/python3.11/site-packages/torch/lib/libtorch_python.so)
frame #14: _PyObject_MakeTpCall + 0x29b (0x555fd530475b in /opt/conda/bin/python3.11)
frame #15: _PyEval_EvalFrameDefault + 0x70a (0x555fd5311dda in /opt/conda/bin/python3.11)
frame #16: _PyFunction_Vectorcall + 0x17f (0x555fd5336b4f in /opt/conda/bin/python3.11)
frame #17: _PyEval_EvalFrameDefault + 0x4ae4 (0x555fd53161b4 in /opt/conda/bin/python3.11)
frame #18: _PyFunction_Vectorcall + 0x17f (0x555fd5336b4f in /opt/conda/bin/python3.11)
frame #19: _PyEval_EvalFrameDefault + 0x4ae4 (0x555fd53161b4 in /opt/conda/bin/python3.11)
frame #20: _PyFunction_Vectorcall + 0x17f (0x555fd5336b4f in /opt/conda/bin/python3.11)
frame #21: _PyEval_EvalFrameDefault + 0x4ae4 (0x555fd53161b4 in /opt/conda/bin/python3.11)
frame #22: _PyFunction_Vectorcall + 0x17f (0x555fd5336b4f in /opt/conda/bin/python3.11)
frame #23: _PyObject_FastCallDictTstate + 0x63 (0x555fd5309353 in /opt/conda/bin/python3.11)
frame #24: _PyObject_Call_Prepend + 0x69 (0x555fd533e479 in /opt/conda/bin/python3.11)
frame #25: <unknown function> + 0x2df709 (0x555fd540d709 in /opt/conda/bin/python3.11)
frame #26: PyObject_Call + 0xbe (0x555fd534088e in /opt/conda/bin/python3.11)
frame #27: _PyEval_EvalFrameDefault + 0x4ae4 (0x555fd53161b4 in /opt/conda/bin/python3.11)
frame #28: _PyFunction_Vectorcall + 0x17f (0x555fd5336b4f in /opt/conda/bin/python3.11)
frame #29: _PyEval_EvalFrameDefault + 0x4ae4 (0x555fd53161b4 in /opt/conda/bin/python3.11)
frame #30: <unknown function> + 0x29b01d (0x555fd53c901d in /opt/conda/bin/python3.11)
frame #31: PyEval_EvalCode + 0x9f (0x555fd53c875f in /opt/conda/bin/python3.11)
frame #32: <unknown function> + 0x2b86ca (0x555fd53e66ca in /opt/conda/bin/python3.11)
frame #33: <unknown function> + 0x2b4353 (0x555fd53e2353 in /opt/conda/bin/python3.11)
frame #34: <unknown function> + 0x2c98f0 (0x555fd53f78f0 in /opt/conda/bin/python3.11)
frame #35: _PyRun_SimpleFileObject + 0x1bc (0x555fd53f727c in /opt/conda/bin/python3.11)
frame #36: _PyRun_AnyFileObject + 0x44 (0x555fd53f7014 in /opt/conda/bin/python3.11)
frame #37: Py_RunMain + 0x383 (0x555fd53f15e3 in /opt/conda/bin/python3.11)
frame #38: Py_BytesMain + 0x37 (0x555fd53b89d7 in /opt/conda/bin/python3.11)
frame #39: <unknown function> + 0x29d90 (0x1536ba2a5d90 in /lib/x86_64-linux-gnu/libc.so.6)
frame #40: __libc_start_main + 0x80 (0x1536ba2a5e40 in /lib/x86_64-linux-gnu/libc.so.6)
frame #41: <unknown function> + 0x28a88a (0x555fd53b888a in /opt/conda/bin/python3.11)

[W1126 19:31:03.835244232 socket.cpp:759] [c10d] The client socket cannot be initialized to connect to [jwb0006.juwels]:30805 (errno: 97 - Address family not supported by protocol).
[W1126 19:31:03.836655588 socket.cpp:759] [c10d] The client socket has failed to connect to jwb0006.juwels:30805 (errno: 113 - No route to host).
[E1126 19:31:03.836666808 socket.cpp:813] [c10d] The client socket has failed to connect to any network address of (10.11.241.16, 30805).
[W1126 19:31:03.836744869 TCPStore.cpp:330] [c10d] TCP client failed to connect/validate to host 10.11.241.16:30805 - retrying (try=14, timeout=900000ms, delay=55647ms): The client socket has failed to connect to any network address of (10.11.241.16, 30805). The client socket has failed to connect to jwb0006.juwels:30805 (errno: 113 - No route to host).
Exception raised from run at /pytorch/torch/csrc/distributed/c10d/socket.cpp:815 (most recent call first):
frame #0: c10::Error::Error(c10::SourceLocation, std::string) + 0x96 (0x150873d6c1b6 in /opt/conda/lib/python3.11/site-packages/torch/lib/libc10.so)
frame #1: <unknown function> + 0x16155eb (0x1508579da5eb in /opt/conda/lib/python3.11/site-packages/torch/lib/libtorch_cpu.so)
frame #2: <unknown function> + 0x63507f4 (0x15085c7157f4 in /opt/conda/lib/python3.11/site-packages/torch/lib/libtorch_cpu.so)
frame #3: <unknown function> + 0x630d216 (0x15085c6d2216 in /opt/conda/lib/python3.11/site-packages/torch/lib/libtorch_cpu.so)
frame #4: c10d::TCPStore::TCPStore(std::string, c10d::TCPStoreOptions const&) + 0x20c (0x15085c6d514c in /opt/conda/lib/python3.11/site-packages/torch/lib/libtorch_cpu.so)
frame #5: <unknown function> + 0xe486ef (0x15086c2c96ef in /opt/conda/lib/python3.11/site-packages/torch/lib/libtorch_python.so)
frame #6: <unknown function> + 0x51a017 (0x15086b99b017 in /opt/conda/lib/python3.11/site-packages/torch/lib/libtorch_python.so)
frame #7: <unknown function> + 0x1f9276 (0x561064099276 in /opt/conda/bin/python3.11)
frame #8: _PyObject_MakeTpCall + 0x29b (0x56106407675b in /opt/conda/bin/python3.11)
frame #9: <unknown function> + 0x227206 (0x5610640c7206 in /opt/conda/bin/python3.11)
frame #10: _PyObject_Call + 0x12b (0x5610640b2b7b in /opt/conda/bin/python3.11)
frame #11: <unknown function> + 0x2101c4 (0x5610640b01c4 in /opt/conda/bin/python3.11)
frame #12: <unknown function> + 0x1d6a11 (0x561064076a11 in /opt/conda/bin/python3.11)
frame #13: <unknown function> + 0x51880b (0x15086b99980b in /opt/conda/lib/python3.11/site-packages/torch/lib/libtorch_python.so)
frame #14: _PyObject_MakeTpCall + 0x29b (0x56106407675b in /opt/conda/bin/python3.11)
frame #15: _PyEval_EvalFrameDefault + 0x70a (0x561064083dda in /opt/conda/bin/python3.11)
frame #16: _PyFunction_Vectorcall + 0x17f (0x5610640a8b4f in /opt/conda/bin/python3.11)
frame #17: _PyEval_EvalFrameDefault + 0x4ae4 (0x5610640881b4 in /opt/conda/bin/python3.11)
frame #18: _PyFunction_Vectorcall + 0x17f (0x5610640a8b4f in /opt/conda/bin/python3.11)
frame #19: _PyEval_EvalFrameDefault + 0x4ae4 (0x5610640881b4 in /opt/conda/bin/python3.11)
frame #20: _PyFunction_Vectorcall + 0x17f (0x5610640a8b4f in /opt/conda/bin/python3.11)
frame #21: _PyEval_EvalFrameDefault + 0x4ae4 (0x5610640881b4 in /opt/conda/bin/python3.11)
frame #22: _PyFunction_Vectorcall + 0x17f (0x5610640a8b4f in /opt/conda/bin/python3.11)
frame #23: _PyObject_FastCallDictTstate + 0x63 (0x56106407b353 in /opt/conda/bin/python3.11)
frame #24: _PyObject_Call_Prepend + 0x69 (0x5610640b0479 in /opt/conda/bin/python3.11)
frame #25: <unknown function> + 0x2df709 (0x56106417f709 in /opt/conda/bin/python3.11)
frame #26: PyObject_Call + 0xbe (0x5610640b288e in /opt/conda/bin/python3.11)
frame #27: _PyEval_EvalFrameDefault + 0x4ae4 (0x5610640881b4 in /opt/conda/bin/python3.11)
frame #28: _PyFunction_Vectorcall + 0x17f (0x5610640a8b4f in /opt/conda/bin/python3.11)
frame #29: _PyEval_EvalFrameDefault + 0x4ae4 (0x5610640881b4 in /opt/conda/bin/python3.11)
frame #30: <unknown function> + 0x29b01d (0x56106413b01d in /opt/conda/bin/python3.11)
frame #31: PyEval_EvalCode + 0x9f (0x56106413a75f in /opt/conda/bin/python3.11)
frame #32: <unknown function> + 0x2b86ca (0x5610641586ca in /opt/conda/bin/python3.11)
frame #33: <unknown function> + 0x2b4353 (0x561064154353 in /opt/conda/bin/python3.11)
frame #34: <unknown function> + 0x2c98f0 (0x5610641698f0 in /opt/conda/bin/python3.11)
frame #35: _PyRun_SimpleFileObject + 0x1bc (0x56106416927c in /opt/conda/bin/python3.11)
frame #36: _PyRun_AnyFileObject + 0x44 (0x561064169014 in /opt/conda/bin/python3.11)
frame #37: Py_RunMain + 0x383 (0x5610641635e3 in /opt/conda/bin/python3.11)
frame #38: Py_BytesMain + 0x37 (0x56106412a9d7 in /opt/conda/bin/python3.11)
frame #39: <unknown function> + 0x29d90 (0x150874d40d90 in /lib/x86_64-linux-gnu/libc.so.6)
frame #40: __libc_start_main + 0x80 (0x150874d40e40 in /lib/x86_64-linux-gnu/libc.so.6)
frame #41: <unknown function> + 0x28a88a (0x56106412a88a in /opt/conda/bin/python3.11)

[W1126 19:31:43.431666605 socket.cpp:759] [c10d] The client socket cannot be initialized to connect to [jwb0006.juwels]:30805 (errno: 97 - Address family not supported by protocol).
[W1126 19:31:43.433060431 socket.cpp:759] [c10d] The client socket has failed to connect to jwb0006.juwels:30805 (errno: 113 - No route to host).
[E1126 19:31:43.433068721 socket.cpp:813] [c10d] The client socket has failed to connect to any network address of (10.11.241.16, 30805).
[W1126 19:31:43.433127831 TCPStore.cpp:330] [c10d] TCP client failed to connect/validate to host 10.11.241.16:30805 - retrying (try=14, timeout=900000ms, delay=50850ms): The client socket has failed to connect to any network address of (10.11.241.16, 30805). The client socket has failed to connect to jwb0006.juwels:30805 (errno: 113 - No route to host).
Exception raised from run at /pytorch/torch/csrc/distributed/c10d/socket.cpp:815 (most recent call first):
frame #0: c10::Error::Error(c10::SourceLocation, std::string) + 0x96 (0x14ee9ff6c1b6 in /opt/conda/lib/python3.11/site-packages/torch/lib/libc10.so)
frame #1: <unknown function> + 0x16155eb (0x14ee837da5eb in /opt/conda/lib/python3.11/site-packages/torch/lib/libtorch_cpu.so)
frame #2: <unknown function> + 0x63507f4 (0x14ee885157f4 in /opt/conda/lib/python3.11/site-packages/torch/lib/libtorch_cpu.so)
frame #3: <unknown function> + 0x630d216 (0x14ee884d2216 in /opt/conda/lib/python3.11/site-packages/torch/lib/libtorch_cpu.so)
frame #4: c10d::TCPStore::TCPStore(std::string, c10d::TCPStoreOptions const&) + 0x20c (0x14ee884d514c in /opt/conda/lib/python3.11/site-packages/torch/lib/libtorch_cpu.so)
frame #5: <unknown function> + 0xe486ef (0x14ee980c96ef in /opt/conda/lib/python3.11/site-packages/torch/lib/libtorch_python.so)
frame #6: <unknown function> + 0x51a017 (0x14ee9779b017 in /opt/conda/lib/python3.11/site-packages/torch/lib/libtorch_python.so)
frame #7: <unknown function> + 0x1f9276 (0x5596ebd77276 in /opt/conda/bin/python3.11)
frame #8: _PyObject_MakeTpCall + 0x29b (0x5596ebd5475b in /opt/conda/bin/python3.11)
frame #9: <unknown function> + 0x227206 (0x5596ebda5206 in /opt/conda/bin/python3.11)
frame #10: _PyObject_Call + 0x12b (0x5596ebd90b7b in /opt/conda/bin/python3.11)
frame #11: <unknown function> + 0x2101c4 (0x5596ebd8e1c4 in /opt/conda/bin/python3.11)
frame #12: <unknown function> + 0x1d6a11 (0x5596ebd54a11 in /opt/conda/bin/python3.11)
frame #13: <unknown function> + 0x51880b (0x14ee9779980b in /opt/conda/lib/python3.11/site-packages/torch/lib/libtorch_python.so)
frame #14: _PyObject_MakeTpCall + 0x29b (0x5596ebd5475b in /opt/conda/bin/python3.11)
frame #15: _PyEval_EvalFrameDefault + 0x70a (0x5596ebd61dda in /opt/conda/bin/python3.11)
frame #16: _PyFunction_Vectorcall + 0x17f (0x5596ebd86b4f in /opt/conda/bin/python3.11)
frame #17: _PyEval_EvalFrameDefault + 0x4ae4 (0x5596ebd661b4 in /opt/conda/bin/python3.11)
frame #18: _PyFunction_Vectorcall + 0x17f (0x5596ebd86b4f in /opt/conda/bin/python3.11)
frame #19: _PyEval_EvalFrameDefault + 0x4ae4 (0x5596ebd661b4 in /opt/conda/bin/python3.11)
frame #20: _PyFunction_Vectorcall + 0x17f (0x5596ebd86b4f in /opt/conda/bin/python3.11)
frame #21: _PyEval_EvalFrameDefault + 0x4ae4 (0x5596ebd661b4 in /opt/conda/bin/python3.11)
frame #22: _PyFunction_Vectorcall + 0x17f (0x5596ebd86b4f in /opt/conda/bin/python3.11)
frame #23: _PyObject_FastCallDictTstate + 0x63 (0x5596ebd59353 in /opt/conda/bin/python3.11)
frame #24: _PyObject_Call_Prepend + 0x69 (0x5596ebd8e479 in /opt/conda/bin/python3.11)
frame #25: <unknown function> + 0x2df709 (0x5596ebe5d709 in /opt/conda/bin/python3.11)
frame #26: PyObject_Call + 0xbe (0x5596ebd9088e in /opt/conda/bin/python3.11)
frame #27: _PyEval_EvalFrameDefault + 0x4ae4 (0x5596ebd661b4 in /opt/conda/bin/python3.11)
frame #28: _PyFunction_Vectorcall + 0x17f (0x5596ebd86b4f in /opt/conda/bin/python3.11)
frame #29: _PyEval_EvalFrameDefault + 0x4ae4 (0x5596ebd661b4 in /opt/conda/bin/python3.11)
frame #30: <unknown function> + 0x29b01d (0x5596ebe1901d in /opt/conda/bin/python3.11)
frame #31: PyEval_EvalCode + 0x9f (0x5596ebe1875f in /opt/conda/bin/python3.11)
frame #32: <unknown function> + 0x2b86ca (0x5596ebe366ca in /opt/conda/bin/python3.11)
frame #33: <unknown function> + 0x2b4353 (0x5596ebe32353 in /opt/conda/bin/python3.11)
frame #34: <unknown function> + 0x2c98f0 (0x5596ebe478f0 in /opt/conda/bin/python3.11)
frame #35: _PyRun_SimpleFileObject + 0x1bc (0x5596ebe4727c in /opt/conda/bin/python3.11)
frame #36: _PyRun_AnyFileObject + 0x44 (0x5596ebe47014 in /opt/conda/bin/python3.11)
frame #37: Py_RunMain + 0x383 (0x5596ebe415e3 in /opt/conda/bin/python3.11)
frame #38: Py_BytesMain + 0x37 (0x5596ebe089d7 in /opt/conda/bin/python3.11)
frame #39: <unknown function> + 0x29d90 (0x14eea0c18d90 in /lib/x86_64-linux-gnu/libc.so.6)
frame #40: __libc_start_main + 0x80 (0x14eea0c18e40 in /lib/x86_64-linux-gnu/libc.so.6)
frame #41: <unknown function> + 0x28a88a (0x5596ebe0888a in /opt/conda/bin/python3.11)

[W1126 19:31:59.490492727 socket.cpp:759] [c10d] The client socket cannot be initialized to connect to [jwb0006.juwels]:30805 (errno: 97 - Address family not supported by protocol).
[W1126 19:31:59.491514308 socket.cpp:759] [c10d] The client socket has failed to connect to jwb0006.juwels:30805 (errno: 113 - No route to host).
[E1126 19:31:59.491525238 socket.cpp:813] [c10d] The client socket has failed to connect to any network address of (10.11.241.16, 30805).
[W1126 19:31:59.491603819 TCPStore.cpp:330] [c10d] TCP client failed to connect/validate to host 10.11.241.16:30805 - retrying (try=15, timeout=900000ms, delay=57865ms): The client socket has failed to connect to any network address of (10.11.241.16, 30805). The client socket has failed to connect to jwb0006.juwels:30805 (errno: 113 - No route to host).
Exception raised from run at /pytorch/torch/csrc/distributed/c10d/socket.cpp:815 (most recent call first):
frame #0: c10::Error::Error(c10::SourceLocation, std::string) + 0x96 (0x150873d6c1b6 in /opt/conda/lib/python3.11/site-packages/torch/lib/libc10.so)
frame #1: <unknown function> + 0x16155eb (0x1508579da5eb in /opt/conda/lib/python3.11/site-packages/torch/lib/libtorch_cpu.so)
frame #2: <unknown function> + 0x63507f4 (0x15085c7157f4 in /opt/conda/lib/python3.11/site-packages/torch/lib/libtorch_cpu.so)
frame #3: <unknown function> + 0x630d216 (0x15085c6d2216 in /opt/conda/lib/python3.11/site-packages/torch/lib/libtorch_cpu.so)
frame #4: c10d::TCPStore::TCPStore(std::string, c10d::TCPStoreOptions const&) + 0x20c (0x15085c6d514c in /opt/conda/lib/python3.11/site-packages/torch/lib/libtorch_cpu.so)
frame #5: <unknown function> + 0xe486ef (0x15086c2c96ef in /opt/conda/lib/python3.11/site-packages/torch/lib/libtorch_python.so)
frame #6: <unknown function> + 0x51a017 (0x15086b99b017 in /opt/conda/lib/python3.11/site-packages/torch/lib/libtorch_python.so)
frame #7: <unknown function> + 0x1f9276 (0x561064099276 in /opt/conda/bin/python3.11)
frame #8: _PyObject_MakeTpCall + 0x29b (0x56106407675b in /opt/conda/bin/python3.11)
frame #9: <unknown function> + 0x227206 (0x5610640c7206 in /opt/conda/bin/python3.11)
frame #10: _PyObject_Call + 0x12b (0x5610640b2b7b in /opt/conda/bin/python3.11)
frame #11: <unknown function> + 0x2101c4 (0x5610640b01c4 in /opt/conda/bin/python3.11)
frame #12: <unknown function> + 0x1d6a11 (0x561064076a11 in /opt/conda/bin/python3.11)
frame #13: <unknown function> + 0x51880b (0x15086b99980b in /opt/conda/lib/python3.11/site-packages/torch/lib/libtorch_python.so)
frame #14: _PyObject_MakeTpCall + 0x29b (0x56106407675b in /opt/conda/bin/python3.11)
frame #15: _PyEval_EvalFrameDefault + 0x70a (0x561064083dda in /opt/conda/bin/python3.11)
frame #16: _PyFunction_Vectorcall + 0x17f (0x5610640a8b4f in /opt/conda/bin/python3.11)
frame #17: _PyEval_EvalFrameDefault + 0x4ae4 (0x5610640881b4 in /opt/conda/bin/python3.11)
frame #18: _PyFunction_Vectorcall + 0x17f (0x5610640a8b4f in /opt/conda/bin/python3.11)
frame #19: _PyEval_EvalFrameDefault + 0x4ae4 (0x5610640881b4 in /opt/conda/bin/python3.11)
frame #20: _PyFunction_Vectorcall + 0x17f (0x5610640a8b4f in /opt/conda/bin/python3.11)
frame #21: _PyEval_EvalFrameDefault + 0x4ae4 (0x5610640881b4 in /opt/conda/bin/python3.11)
frame #22: _PyFunction_Vectorcall + 0x17f (0x5610640a8b4f in /opt/conda/bin/python3.11)
frame #23: _PyObject_FastCallDictTstate + 0x63 (0x56106407b353 in /opt/conda/bin/python3.11)
frame #24: _PyObject_Call_Prepend + 0x69 (0x5610640b0479 in /opt/conda/bin/python3.11)
frame #25: <unknown function> + 0x2df709 (0x56106417f709 in /opt/conda/bin/python3.11)
frame #26: PyObject_Call + 0xbe (0x5610640b288e in /opt/conda/bin/python3.11)
frame #27: _PyEval_EvalFrameDefault + 0x4ae4 (0x5610640881b4 in /opt/conda/bin/python3.11)
frame #28: _PyFunction_Vectorcall + 0x17f (0x5610640a8b4f in /opt/conda/bin/python3.11)
frame #29: _PyEval_EvalFrameDefault + 0x4ae4 (0x5610640881b4 in /opt/conda/bin/python3.11)
frame #30: <unknown function> + 0x29b01d (0x56106413b01d in /opt/conda/bin/python3.11)
frame #31: PyEval_EvalCode + 0x9f (0x56106413a75f in /opt/conda/bin/python3.11)
frame #32: <unknown function> + 0x2b86ca (0x5610641586ca in /opt/conda/bin/python3.11)
frame #33: <unknown function> + 0x2b4353 (0x561064154353 in /opt/conda/bin/python3.11)
frame #34: <unknown function> + 0x2c98f0 (0x5610641698f0 in /opt/conda/bin/python3.11)
frame #35: _PyRun_SimpleFileObject + 0x1bc (0x56106416927c in /opt/conda/bin/python3.11)
frame #36: _PyRun_AnyFileObject + 0x44 (0x561064169014 in /opt/conda/bin/python3.11)
frame #37: Py_RunMain + 0x383 (0x5610641635e3 in /opt/conda/bin/python3.11)
frame #38: Py_BytesMain + 0x37 (0x56106412a9d7 in /opt/conda/bin/python3.11)
frame #39: <unknown function> + 0x29d90 (0x150874d40d90 in /lib/x86_64-linux-gnu/libc.so.6)
frame #40: __libc_start_main + 0x80 (0x150874d40e40 in /lib/x86_64-linux-gnu/libc.so.6)
frame #41: <unknown function> + 0x28a88a (0x56106412a88a in /opt/conda/bin/python3.11)

[W1126 19:32:06.924567709 socket.cpp:759] [c10d] The client socket cannot be initialized to connect to [jwb0006.juwels]:30805 (errno: 97 - Address family not supported by protocol).
[W1126 19:32:06.925532918 socket.cpp:759] [c10d] The client socket has failed to connect to jwb0006.juwels:30805 (errno: 113 - No route to host).
[E1126 19:32:06.925542728 socket.cpp:813] [c10d] The client socket has failed to connect to any network address of (10.11.241.16, 30805).
[W1126 19:32:06.925627498 TCPStore.cpp:330] [c10d] TCP client failed to connect/validate to host 10.11.241.16:30805 - retrying (try=14, timeout=900000ms, delay=33799ms): The client socket has failed to connect to any network address of (10.11.241.16, 30805). The client socket has failed to connect to jwb0006.juwels:30805 (errno: 113 - No route to host).
Exception raised from run at /pytorch/torch/csrc/distributed/c10d/socket.cpp:815 (most recent call first):
frame #0: c10::Error::Error(c10::SourceLocation, std::string) + 0x96 (0x148707b6c1b6 in /opt/conda/lib/python3.11/site-packages/torch/lib/libc10.so)
frame #1: <unknown function> + 0x16155eb (0x1486eb7da5eb in /opt/conda/lib/python3.11/site-packages/torch/lib/libtorch_cpu.so)
frame #2: <unknown function> + 0x63507f4 (0x1486f05157f4 in /opt/conda/lib/python3.11/site-packages/torch/lib/libtorch_cpu.so)
frame #3: <unknown function> + 0x630d216 (0x1486f04d2216 in /opt/conda/lib/python3.11/site-packages/torch/lib/libtorch_cpu.so)
frame #4: c10d::TCPStore::TCPStore(std::string, c10d::TCPStoreOptions const&) + 0x20c (0x1486f04d514c in /opt/conda/lib/python3.11/site-packages/torch/lib/libtorch_cpu.so)
frame #5: <unknown function> + 0xe486ef (0x1487000c96ef in /opt/conda/lib/python3.11/site-packages/torch/lib/libtorch_python.so)
frame #6: <unknown function> + 0x51a017 (0x1486ff79b017 in /opt/conda/lib/python3.11/site-packages/torch/lib/libtorch_python.so)
frame #7: <unknown function> + 0x1f9276 (0x5605059c0276 in /opt/conda/bin/python3.11)
frame #8: _PyObject_MakeTpCall + 0x29b (0x56050599d75b in /opt/conda/bin/python3.11)
frame #9: <unknown function> + 0x227206 (0x5605059ee206 in /opt/conda/bin/python3.11)
frame #10: _PyObject_Call + 0x12b (0x5605059d9b7b in /opt/conda/bin/python3.11)
frame #11: <unknown function> + 0x2101c4 (0x5605059d71c4 in /opt/conda/bin/python3.11)
frame #12: <unknown function> + 0x1d6a11 (0x56050599da11 in /opt/conda/bin/python3.11)
frame #13: <unknown function> + 0x51880b (0x1486ff79980b in /opt/conda/lib/python3.11/site-packages/torch/lib/libtorch_python.so)
frame #14: _PyObject_MakeTpCall + 0x29b (0x56050599d75b in /opt/conda/bin/python3.11)
frame #15: _PyEval_EvalFrameDefault + 0x70a (0x5605059aadda in /opt/conda/bin/python3.11)
frame #16: _PyFunction_Vectorcall + 0x17f (0x5605059cfb4f in /opt/conda/bin/python3.11)
frame #17: _PyEval_EvalFrameDefault + 0x4ae4 (0x5605059af1b4 in /opt/conda/bin/python3.11)
frame #18: _PyFunction_Vectorcall + 0x17f (0x5605059cfb4f in /opt/conda/bin/python3.11)
frame #19: _PyEval_EvalFrameDefault + 0x4ae4 (0x5605059af1b4 in /opt/conda/bin/python3.11)
frame #20: _PyFunction_Vectorcall + 0x17f (0x5605059cfb4f in /opt/conda/bin/python3.11)
frame #21: _PyEval_EvalFrameDefault + 0x4ae4 (0x5605059af1b4 in /opt/conda/bin/python3.11)
frame #22: _PyFunction_Vectorcall + 0x17f (0x5605059cfb4f in /opt/conda/bin/python3.11)
frame #23: _PyObject_FastCallDictTstate + 0x63 (0x5605059a2353 in /opt/conda/bin/python3.11)
frame #24: _PyObject_Call_Prepend + 0x69 (0x5605059d7479 in /opt/conda/bin/python3.11)
frame #25: <unknown function> + 0x2df709 (0x560505aa6709 in /opt/conda/bin/python3.11)
frame #26: PyObject_Call + 0xbe (0x5605059d988e in /opt/conda/bin/python3.11)
frame #27: _PyEval_EvalFrameDefault + 0x4ae4 (0x5605059af1b4 in /opt/conda/bin/python3.11)
frame #28: _PyFunction_Vectorcall + 0x17f (0x5605059cfb4f in /opt/conda/bin/python3.11)
frame #29: _PyEval_EvalFrameDefault + 0x4ae4 (0x5605059af1b4 in /opt/conda/bin/python3.11)
frame #30: <unknown function> + 0x29b01d (0x560505a6201d in /opt/conda/bin/python3.11)
frame #31: PyEval_EvalCode + 0x9f (0x560505a6175f in /opt/conda/bin/python3.11)
frame #32: <unknown function> + 0x2b86ca (0x560505a7f6ca in /opt/conda/bin/python3.11)
frame #33: <unknown function> + 0x2b4353 (0x560505a7b353 in /opt/conda/bin/python3.11)
frame #34: <unknown function> + 0x2c98f0 (0x560505a908f0 in /opt/conda/bin/python3.11)
frame #35: _PyRun_SimpleFileObject + 0x1bc (0x560505a9027c in /opt/conda/bin/python3.11)
frame #36: _PyRun_AnyFileObject + 0x44 (0x560505a90014 in /opt/conda/bin/python3.11)
frame #37: Py_RunMain + 0x383 (0x560505a8a5e3 in /opt/conda/bin/python3.11)
frame #38: Py_BytesMain + 0x37 (0x560505a519d7 in /opt/conda/bin/python3.11)
frame #39: <unknown function> + 0x29d90 (0x148708b78d90 in /lib/x86_64-linux-gnu/libc.so.6)
frame #40: __libc_start_main + 0x80 (0x148708b78e40 in /lib/x86_64-linux-gnu/libc.so.6)
frame #41: <unknown function> + 0x28a88a (0x560505a5188a in /opt/conda/bin/python3.11)

[W1126 19:32:25.006679053 socket.cpp:759] [c10d] The client socket cannot be initialized to connect to [jwb0006.juwels]:30805 (errno: 97 - Address family not supported by protocol).
[W1126 19:32:25.007736348 socket.cpp:759] [c10d] The client socket has failed to connect to jwb0006.juwels:30805 (errno: 113 - No route to host).
[E1126 19:32:25.007745098 socket.cpp:813] [c10d] The client socket has failed to connect to any network address of (10.11.241.16, 30805).
[W1126 19:32:25.007822468 TCPStore.cpp:330] [c10d] TCP client failed to connect/validate to host 10.11.241.16:30805 - retrying (try=14, timeout=900000ms, delay=44097ms): The client socket has failed to connect to any network address of (10.11.241.16, 30805). The client socket has failed to connect to jwb0006.juwels:30805 (errno: 113 - No route to host).
Exception raised from run at /pytorch/torch/csrc/distributed/c10d/socket.cpp:815 (most recent call first):
frame #0: c10::Error::Error(c10::SourceLocation, std::string) + 0x96 (0x1536b956c1b6 in /opt/conda/lib/python3.11/site-packages/torch/lib/libc10.so)
frame #1: <unknown function> + 0x16155eb (0x15369cdda5eb in /opt/conda/lib/python3.11/site-packages/torch/lib/libtorch_cpu.so)
frame #2: <unknown function> + 0x63507f4 (0x1536a1b157f4 in /opt/conda/lib/python3.11/site-packages/torch/lib/libtorch_cpu.so)
frame #3: <unknown function> + 0x630d216 (0x1536a1ad2216 in /opt/conda/lib/python3.11/site-packages/torch/lib/libtorch_cpu.so)
frame #4: c10d::TCPStore::TCPStore(std::string, c10d::TCPStoreOptions const&) + 0x20c (0x1536a1ad514c in /opt/conda/lib/python3.11/site-packages/torch/lib/libtorch_cpu.so)
frame #5: <unknown function> + 0xe486ef (0x1536b16c96ef in /opt/conda/lib/python3.11/site-packages/torch/lib/libtorch_python.so)
frame #6: <unknown function> + 0x51a017 (0x1536b0d9b017 in /opt/conda/lib/python3.11/site-packages/torch/lib/libtorch_python.so)
frame #7: <unknown function> + 0x1f9276 (0x555fd5327276 in /opt/conda/bin/python3.11)
frame #8: _PyObject_MakeTpCall + 0x29b (0x555fd530475b in /opt/conda/bin/python3.11)
frame #9: <unknown function> + 0x227206 (0x555fd5355206 in /opt/conda/bin/python3.11)
frame #10: _PyObject_Call + 0x12b (0x555fd5340b7b in /opt/conda/bin/python3.11)
frame #11: <unknown function> + 0x2101c4 (0x555fd533e1c4 in /opt/conda/bin/python3.11)
frame #12: <unknown function> + 0x1d6a11 (0x555fd5304a11 in /opt/conda/bin/python3.11)
frame #13: <unknown function> + 0x51880b (0x1536b0d9980b in /opt/conda/lib/python3.11/site-packages/torch/lib/libtorch_python.so)
frame #14: _PyObject_MakeTpCall + 0x29b (0x555fd530475b in /opt/conda/bin/python3.11)
frame #15: _PyEval_EvalFrameDefault + 0x70a (0x555fd5311dda in /opt/conda/bin/python3.11)
frame #16: _PyFunction_Vectorcall + 0x17f (0x555fd5336b4f in /opt/conda/bin/python3.11)
frame #17: _PyEval_EvalFrameDefault + 0x4ae4 (0x555fd53161b4 in /opt/conda/bin/python3.11)
frame #18: _PyFunction_Vectorcall + 0x17f (0x555fd5336b4f in /opt/conda/bin/python3.11)
frame #19: _PyEval_EvalFrameDefault + 0x4ae4 (0x555fd53161b4 in /opt/conda/bin/python3.11)
frame #20: _PyFunction_Vectorcall + 0x17f (0x555fd5336b4f in /opt/conda/bin/python3.11)
frame #21: _PyEval_EvalFrameDefault + 0x4ae4 (0x555fd53161b4 in /opt/conda/bin/python3.11)
frame #22: _PyFunction_Vectorcall + 0x17f (0x555fd5336b4f in /opt/conda/bin/python3.11)
frame #23: _PyObject_FastCallDictTstate + 0x63 (0x555fd5309353 in /opt/conda/bin/python3.11)
frame #24: _PyObject_Call_Prepend + 0x69 (0x555fd533e479 in /opt/conda/bin/python3.11)
frame #25: <unknown function> + 0x2df709 (0x555fd540d709 in /opt/conda/bin/python3.11)
frame #26: PyObject_Call + 0xbe (0x555fd534088e in /opt/conda/bin/python3.11)
frame #27: _PyEval_EvalFrameDefault + 0x4ae4 (0x555fd53161b4 in /opt/conda/bin/python3.11)
frame #28: _PyFunction_Vectorcall + 0x17f (0x555fd5336b4f in /opt/conda/bin/python3.11)
frame #29: _PyEval_EvalFrameDefault + 0x4ae4 (0x555fd53161b4 in /opt/conda/bin/python3.11)
frame #30: <unknown function> + 0x29b01d (0x555fd53c901d in /opt/conda/bin/python3.11)
frame #31: PyEval_EvalCode + 0x9f (0x555fd53c875f in /opt/conda/bin/python3.11)
frame #32: <unknown function> + 0x2b86ca (0x555fd53e66ca in /opt/conda/bin/python3.11)
frame #33: <unknown function> + 0x2b4353 (0x555fd53e2353 in /opt/conda/bin/python3.11)
frame #34: <unknown function> + 0x2c98f0 (0x555fd53f78f0 in /opt/conda/bin/python3.11)
frame #35: _PyRun_SimpleFileObject + 0x1bc (0x555fd53f727c in /opt/conda/bin/python3.11)
frame #36: _PyRun_AnyFileObject + 0x44 (0x555fd53f7014 in /opt/conda/bin/python3.11)
frame #37: Py_RunMain + 0x383 (0x555fd53f15e3 in /opt/conda/bin/python3.11)
frame #38: Py_BytesMain + 0x37 (0x555fd53b89d7 in /opt/conda/bin/python3.11)
frame #39: <unknown function> + 0x29d90 (0x1536ba2a5d90 in /lib/x86_64-linux-gnu/libc.so.6)
frame #40: __libc_start_main + 0x80 (0x1536ba2a5e40 in /lib/x86_64-linux-gnu/libc.so.6)
frame #41: <unknown function> + 0x28a88a (0x555fd53b888a in /opt/conda/bin/python3.11)

[W1126 19:32:34.289803343 socket.cpp:759] [c10d] The client socket cannot be initialized to connect to [jwb0006.juwels]:30805 (errno: 97 - Address family not supported by protocol).
[W1126 19:32:34.291111328 socket.cpp:759] [c10d] The client socket has failed to connect to jwb0006.juwels:30805 (errno: 113 - No route to host).
[E1126 19:32:34.291119329 socket.cpp:813] [c10d] The client socket has failed to connect to any network address of (10.11.241.16, 30805).
[W1126 19:32:34.291178969 TCPStore.cpp:330] [c10d] TCP client failed to connect/validate to host 10.11.241.16:30805 - retrying (try=15, timeout=900000ms, delay=82520ms): The client socket has failed to connect to any network address of (10.11.241.16, 30805). The client socket has failed to connect to jwb0006.juwels:30805 (errno: 113 - No route to host).
Exception raised from run at /pytorch/torch/csrc/distributed/c10d/socket.cpp:815 (most recent call first):
frame #0: c10::Error::Error(c10::SourceLocation, std::string) + 0x96 (0x14ee9ff6c1b6 in /opt/conda/lib/python3.11/site-packages/torch/lib/libc10.so)
frame #1: <unknown function> + 0x16155eb (0x14ee837da5eb in /opt/conda/lib/python3.11/site-packages/torch/lib/libtorch_cpu.so)
frame #2: <unknown function> + 0x63507f4 (0x14ee885157f4 in /opt/conda/lib/python3.11/site-packages/torch/lib/libtorch_cpu.so)
frame #3: <unknown function> + 0x630d216 (0x14ee884d2216 in /opt/conda/lib/python3.11/site-packages/torch/lib/libtorch_cpu.so)
frame #4: c10d::TCPStore::TCPStore(std::string, c10d::TCPStoreOptions const&) + 0x20c (0x14ee884d514c in /opt/conda/lib/python3.11/site-packages/torch/lib/libtorch_cpu.so)
frame #5: <unknown function> + 0xe486ef (0x14ee980c96ef in /opt/conda/lib/python3.11/site-packages/torch/lib/libtorch_python.so)
frame #6: <unknown function> + 0x51a017 (0x14ee9779b017 in /opt/conda/lib/python3.11/site-packages/torch/lib/libtorch_python.so)
frame #7: <unknown function> + 0x1f9276 (0x5596ebd77276 in /opt/conda/bin/python3.11)
frame #8: _PyObject_MakeTpCall + 0x29b (0x5596ebd5475b in /opt/conda/bin/python3.11)
frame #9: <unknown function> + 0x227206 (0x5596ebda5206 in /opt/conda/bin/python3.11)
frame #10: _PyObject_Call + 0x12b (0x5596ebd90b7b in /opt/conda/bin/python3.11)
frame #11: <unknown function> + 0x2101c4 (0x5596ebd8e1c4 in /opt/conda/bin/python3.11)
frame #12: <unknown function> + 0x1d6a11 (0x5596ebd54a11 in /opt/conda/bin/python3.11)
frame #13: <unknown function> + 0x51880b (0x14ee9779980b in /opt/conda/lib/python3.11/site-packages/torch/lib/libtorch_python.so)
frame #14: _PyObject_MakeTpCall + 0x29b (0x5596ebd5475b in /opt/conda/bin/python3.11)
frame #15: _PyEval_EvalFrameDefault + 0x70a (0x5596ebd61dda in /opt/conda/bin/python3.11)
frame #16: _PyFunction_Vectorcall + 0x17f (0x5596ebd86b4f in /opt/conda/bin/python3.11)
frame #17: _PyEval_EvalFrameDefault + 0x4ae4 (0x5596ebd661b4 in /opt/conda/bin/python3.11)
frame #18: _PyFunction_Vectorcall + 0x17f (0x5596ebd86b4f in /opt/conda/bin/python3.11)
frame #19: _PyEval_EvalFrameDefault + 0x4ae4 (0x5596ebd661b4 in /opt/conda/bin/python3.11)
frame #20: _PyFunction_Vectorcall + 0x17f (0x5596ebd86b4f in /opt/conda/bin/python3.11)
frame #21: _PyEval_EvalFrameDefault + 0x4ae4 (0x5596ebd661b4 in /opt/conda/bin/python3.11)
frame #22: _PyFunction_Vectorcall + 0x17f (0x5596ebd86b4f in /opt/conda/bin/python3.11)
frame #23: _PyObject_FastCallDictTstate + 0x63 (0x5596ebd59353 in /opt/conda/bin/python3.11)
frame #24: _PyObject_Call_Prepend + 0x69 (0x5596ebd8e479 in /opt/conda/bin/python3.11)
frame #25: <unknown function> + 0x2df709 (0x5596ebe5d709 in /opt/conda/bin/python3.11)
frame #26: PyObject_Call + 0xbe (0x5596ebd9088e in /opt/conda/bin/python3.11)
frame #27: _PyEval_EvalFrameDefault + 0x4ae4 (0x5596ebd661b4 in /opt/conda/bin/python3.11)
frame #28: _PyFunction_Vectorcall + 0x17f (0x5596ebd86b4f in /opt/conda/bin/python3.11)
frame #29: _PyEval_EvalFrameDefault + 0x4ae4 (0x5596ebd661b4 in /opt/conda/bin/python3.11)
frame #30: <unknown function> + 0x29b01d (0x5596ebe1901d in /opt/conda/bin/python3.11)
frame #31: PyEval_EvalCode + 0x9f (0x5596ebe1875f in /opt/conda/bin/python3.11)
frame #32: <unknown function> + 0x2b86ca (0x5596ebe366ca in /opt/conda/bin/python3.11)
frame #33: <unknown function> + 0x2b4353 (0x5596ebe32353 in /opt/conda/bin/python3.11)
frame #34: <unknown function> + 0x2c98f0 (0x5596ebe478f0 in /opt/conda/bin/python3.11)
frame #35: _PyRun_SimpleFileObject + 0x1bc (0x5596ebe4727c in /opt/conda/bin/python3.11)
frame #36: _PyRun_AnyFileObject + 0x44 (0x5596ebe47014 in /opt/conda/bin/python3.11)
frame #37: Py_RunMain + 0x383 (0x5596ebe415e3 in /opt/conda/bin/python3.11)
frame #38: Py_BytesMain + 0x37 (0x5596ebe089d7 in /opt/conda/bin/python3.11)
frame #39: <unknown function> + 0x29d90 (0x14eea0c18d90 in /lib/x86_64-linux-gnu/libc.so.6)
frame #40: __libc_start_main + 0x80 (0x14eea0c18e40 in /lib/x86_64-linux-gnu/libc.so.6)
frame #41: <unknown function> + 0x28a88a (0x5596ebe0888a in /opt/conda/bin/python3.11)

[W1126 19:32:40.731236465 socket.cpp:759] [c10d] The client socket cannot be initialized to connect to [jwb0006.juwels]:30805 (errno: 97 - Address family not supported by protocol).
[W1126 19:32:40.732465106 socket.cpp:759] [c10d] The client socket has failed to connect to jwb0006.juwels:30805 (errno: 113 - No route to host).
[E1126 19:32:40.732473946 socket.cpp:813] [c10d] The client socket has failed to connect to any network address of (10.11.241.16, 30805).
[W1126 19:32:40.732558997 TCPStore.cpp:330] [c10d] TCP client failed to connect/validate to host 10.11.241.16:30805 - retrying (try=15, timeout=900000ms, delay=65777ms): The client socket has failed to connect to any network address of (10.11.241.16, 30805). The client socket has failed to connect to jwb0006.juwels:30805 (errno: 113 - No route to host).
Exception raised from run at /pytorch/torch/csrc/distributed/c10d/socket.cpp:815 (most recent call first):
frame #0: c10::Error::Error(c10::SourceLocation, std::string) + 0x96 (0x148707b6c1b6 in /opt/conda/lib/python3.11/site-packages/torch/lib/libc10.so)
frame #1: <unknown function> + 0x16155eb (0x1486eb7da5eb in /opt/conda/lib/python3.11/site-packages/torch/lib/libtorch_cpu.so)
frame #2: <unknown function> + 0x63507f4 (0x1486f05157f4 in /opt/conda/lib/python3.11/site-packages/torch/lib/libtorch_cpu.so)
frame #3: <unknown function> + 0x630d216 (0x1486f04d2216 in /opt/conda/lib/python3.11/site-packages/torch/lib/libtorch_cpu.so)
frame #4: c10d::TCPStore::TCPStore(std::string, c10d::TCPStoreOptions const&) + 0x20c (0x1486f04d514c in /opt/conda/lib/python3.11/site-packages/torch/lib/libtorch_cpu.so)
frame #5: <unknown function> + 0xe486ef (0x1487000c96ef in /opt/conda/lib/python3.11/site-packages/torch/lib/libtorch_python.so)
frame #6: <unknown function> + 0x51a017 (0x1486ff79b017 in /opt/conda/lib/python3.11/site-packages/torch/lib/libtorch_python.so)
frame #7: <unknown function> + 0x1f9276 (0x5605059c0276 in /opt/conda/bin/python3.11)
frame #8: _PyObject_MakeTpCall + 0x29b (0x56050599d75b in /opt/conda/bin/python3.11)
frame #9: <unknown function> + 0x227206 (0x5605059ee206 in /opt/conda/bin/python3.11)
frame #10: _PyObject_Call + 0x12b (0x5605059d9b7b in /opt/conda/bin/python3.11)
frame #11: <unknown function> + 0x2101c4 (0x5605059d71c4 in /opt/conda/bin/python3.11)
frame #12: <unknown function> + 0x1d6a11 (0x56050599da11 in /opt/conda/bin/python3.11)
frame #13: <unknown function> + 0x51880b (0x1486ff79980b in /opt/conda/lib/python3.11/site-packages/torch/lib/libtorch_python.so)
frame #14: _PyObject_MakeTpCall + 0x29b (0x56050599d75b in /opt/conda/bin/python3.11)
frame #15: _PyEval_EvalFrameDefault + 0x70a (0x5605059aadda in /opt/conda/bin/python3.11)
frame #16: _PyFunction_Vectorcall + 0x17f (0x5605059cfb4f in /opt/conda/bin/python3.11)
frame #17: _PyEval_EvalFrameDefault + 0x4ae4 (0x5605059af1b4 in /opt/conda/bin/python3.11)
frame #18: _PyFunction_Vectorcall + 0x17f (0x5605059cfb4f in /opt/conda/bin/python3.11)
frame #19: _PyEval_EvalFrameDefault + 0x4ae4 (0x5605059af1b4 in /opt/conda/bin/python3.11)
frame #20: _PyFunction_Vectorcall + 0x17f (0x5605059cfb4f in /opt/conda/bin/python3.11)
frame #21: _PyEval_EvalFrameDefault + 0x4ae4 (0x5605059af1b4 in /opt/conda/bin/python3.11)
frame #22: _PyFunction_Vectorcall + 0x17f (0x5605059cfb4f in /opt/conda/bin/python3.11)
frame #23: _PyObject_FastCallDictTstate + 0x63 (0x5605059a2353 in /opt/conda/bin/python3.11)
frame #24: _PyObject_Call_Prepend + 0x69 (0x5605059d7479 in /opt/conda/bin/python3.11)
frame #25: <unknown function> + 0x2df709 (0x560505aa6709 in /opt/conda/bin/python3.11)
frame #26: PyObject_Call + 0xbe (0x5605059d988e in /opt/conda/bin/python3.11)
frame #27: _PyEval_EvalFrameDefault + 0x4ae4 (0x5605059af1b4 in /opt/conda/bin/python3.11)
frame #28: _PyFunction_Vectorcall + 0x17f (0x5605059cfb4f in /opt/conda/bin/python3.11)
frame #29: _PyEval_EvalFrameDefault + 0x4ae4 (0x5605059af1b4 in /opt/conda/bin/python3.11)
frame #30: <unknown function> + 0x29b01d (0x560505a6201d in /opt/conda/bin/python3.11)
frame #31: PyEval_EvalCode + 0x9f (0x560505a6175f in /opt/conda/bin/python3.11)
frame #32: <unknown function> + 0x2b86ca (0x560505a7f6ca in /opt/conda/bin/python3.11)
frame #33: <unknown function> + 0x2b4353 (0x560505a7b353 in /opt/conda/bin/python3.11)
frame #34: <unknown function> + 0x2c98f0 (0x560505a908f0 in /opt/conda/bin/python3.11)
frame #35: _PyRun_SimpleFileObject + 0x1bc (0x560505a9027c in /opt/conda/bin/python3.11)
frame #36: _PyRun_AnyFileObject + 0x44 (0x560505a90014 in /opt/conda/bin/python3.11)
frame #37: Py_RunMain + 0x383 (0x560505a8a5e3 in /opt/conda/bin/python3.11)
frame #38: Py_BytesMain + 0x37 (0x560505a519d7 in /opt/conda/bin/python3.11)
frame #39: <unknown function> + 0x29d90 (0x148708b78d90 in /lib/x86_64-linux-gnu/libc.so.6)
frame #40: __libc_start_main + 0x80 (0x148708b78e40 in /lib/x86_64-linux-gnu/libc.so.6)
frame #41: <unknown function> + 0x28a88a (0x560505a5188a in /opt/conda/bin/python3.11)

[W1126 19:32:57.363236135 socket.cpp:759] [c10d] The client socket cannot be initialized to connect to [jwb0006.juwels]:30805 (errno: 97 - Address family not supported by protocol).
[W1126 19:32:57.364594851 socket.cpp:759] [c10d] The client socket has failed to connect to jwb0006.juwels:30805 (errno: 113 - No route to host).
[E1126 19:32:57.364607161 socket.cpp:813] [c10d] The client socket has failed to connect to any network address of (10.11.241.16, 30805).
[W1126 19:32:57.364687872 TCPStore.cpp:330] [c10d] TCP client failed to connect/validate to host 10.11.241.16:30805 - retrying (try=16, timeout=900000ms, delay=30828ms): The client socket has failed to connect to any network address of (10.11.241.16, 30805). The client socket has failed to connect to jwb0006.juwels:30805 (errno: 113 - No route to host).
Exception raised from run at /pytorch/torch/csrc/distributed/c10d/socket.cpp:815 (most recent call first):
frame #0: c10::Error::Error(c10::SourceLocation, std::string) + 0x96 (0x150873d6c1b6 in /opt/conda/lib/python3.11/site-packages/torch/lib/libc10.so)
frame #1: <unknown function> + 0x16155eb (0x1508579da5eb in /opt/conda/lib/python3.11/site-packages/torch/lib/libtorch_cpu.so)
frame #2: <unknown function> + 0x63507f4 (0x15085c7157f4 in /opt/conda/lib/python3.11/site-packages/torch/lib/libtorch_cpu.so)
frame #3: <unknown function> + 0x630d216 (0x15085c6d2216 in /opt/conda/lib/python3.11/site-packages/torch/lib/libtorch_cpu.so)
frame #4: c10d::TCPStore::TCPStore(std::string, c10d::TCPStoreOptions const&) + 0x20c (0x15085c6d514c in /opt/conda/lib/python3.11/site-packages/torch/lib/libtorch_cpu.so)
frame #5: <unknown function> + 0xe486ef (0x15086c2c96ef in /opt/conda/lib/python3.11/site-packages/torch/lib/libtorch_python.so)
frame #6: <unknown function> + 0x51a017 (0x15086b99b017 in /opt/conda/lib/python3.11/site-packages/torch/lib/libtorch_python.so)
frame #7: <unknown function> + 0x1f9276 (0x561064099276 in /opt/conda/bin/python3.11)
frame #8: _PyObject_MakeTpCall + 0x29b (0x56106407675b in /opt/conda/bin/python3.11)
frame #9: <unknown function> + 0x227206 (0x5610640c7206 in /opt/conda/bin/python3.11)
frame #10: _PyObject_Call + 0x12b (0x5610640b2b7b in /opt/conda/bin/python3.11)
frame #11: <unknown function> + 0x2101c4 (0x5610640b01c4 in /opt/conda/bin/python3.11)
frame #12: <unknown function> + 0x1d6a11 (0x561064076a11 in /opt/conda/bin/python3.11)
frame #13: <unknown function> + 0x51880b (0x15086b99980b in /opt/conda/lib/python3.11/site-packages/torch/lib/libtorch_python.so)
frame #14: _PyObject_MakeTpCall + 0x29b (0x56106407675b in /opt/conda/bin/python3.11)
frame #15: _PyEval_EvalFrameDefault + 0x70a (0x561064083dda in /opt/conda/bin/python3.11)
frame #16: _PyFunction_Vectorcall + 0x17f (0x5610640a8b4f in /opt/conda/bin/python3.11)
frame #17: _PyEval_EvalFrameDefault + 0x4ae4 (0x5610640881b4 in /opt/conda/bin/python3.11)
frame #18: _PyFunction_Vectorcall + 0x17f (0x5610640a8b4f in /opt/conda/bin/python3.11)
frame #19: _PyEval_EvalFrameDefault + 0x4ae4 (0x5610640881b4 in /opt/conda/bin/python3.11)
frame #20: _PyFunction_Vectorcall + 0x17f (0x5610640a8b4f in /opt/conda/bin/python3.11)
frame #21: _PyEval_EvalFrameDefault + 0x4ae4 (0x5610640881b4 in /opt/conda/bin/python3.11)
frame #22: _PyFunction_Vectorcall + 0x17f (0x5610640a8b4f in /opt/conda/bin/python3.11)
frame #23: _PyObject_FastCallDictTstate + 0x63 (0x56106407b353 in /opt/conda/bin/python3.11)
frame #24: _PyObject_Call_Prepend + 0x69 (0x5610640b0479 in /opt/conda/bin/python3.11)
frame #25: <unknown function> + 0x2df709 (0x56106417f709 in /opt/conda/bin/python3.11)
frame #26: PyObject_Call + 0xbe (0x5610640b288e in /opt/conda/bin/python3.11)
frame #27: _PyEval_EvalFrameDefault + 0x4ae4 (0x5610640881b4 in /opt/conda/bin/python3.11)
frame #28: _PyFunction_Vectorcall + 0x17f (0x5610640a8b4f in /opt/conda/bin/python3.11)
frame #29: _PyEval_EvalFrameDefault + 0x4ae4 (0x5610640881b4 in /opt/conda/bin/python3.11)
frame #30: <unknown function> + 0x29b01d (0x56106413b01d in /opt/conda/bin/python3.11)
frame #31: PyEval_EvalCode + 0x9f (0x56106413a75f in /opt/conda/bin/python3.11)
frame #32: <unknown function> + 0x2b86ca (0x5610641586ca in /opt/conda/bin/python3.11)
frame #33: <unknown function> + 0x2b4353 (0x561064154353 in /opt/conda/bin/python3.11)
frame #34: <unknown function> + 0x2c98f0 (0x5610641698f0 in /opt/conda/bin/python3.11)
frame #35: _PyRun_SimpleFileObject + 0x1bc (0x56106416927c in /opt/conda/bin/python3.11)
frame #36: _PyRun_AnyFileObject + 0x44 (0x561064169014 in /opt/conda/bin/python3.11)
frame #37: Py_RunMain + 0x383 (0x5610641635e3 in /opt/conda/bin/python3.11)
frame #38: Py_BytesMain + 0x37 (0x56106412a9d7 in /opt/conda/bin/python3.11)
frame #39: <unknown function> + 0x29d90 (0x150874d40d90 in /lib/x86_64-linux-gnu/libc.so.6)
frame #40: __libc_start_main + 0x80 (0x150874d40e40 in /lib/x86_64-linux-gnu/libc.so.6)
frame #41: <unknown function> + 0x28a88a (0x56106412a88a in /opt/conda/bin/python3.11)

[W1126 19:33:09.110970576 socket.cpp:759] [c10d] The client socket cannot be initialized to connect to [jwb0006.juwels]:30805 (errno: 97 - Address family not supported by protocol).
[W1126 19:33:09.111959560 socket.cpp:759] [c10d] The client socket has failed to connect to jwb0006.juwels:30805 (errno: 113 - No route to host).
[E1126 19:33:09.111969640 socket.cpp:813] [c10d] The client socket has failed to connect to any network address of (10.11.241.16, 30805).
[W1126 19:33:09.112042171 TCPStore.cpp:330] [c10d] TCP client failed to connect/validate to host 10.11.241.16:30805 - retrying (try=15, timeout=900000ms, delay=55667ms): The client socket has failed to connect to any network address of (10.11.241.16, 30805). The client socket has failed to connect to jwb0006.juwels:30805 (errno: 113 - No route to host).
Exception raised from run at /pytorch/torch/csrc/distributed/c10d/socket.cpp:815 (most recent call first):
frame #0: c10::Error::Error(c10::SourceLocation, std::string) + 0x96 (0x1536b956c1b6 in /opt/conda/lib/python3.11/site-packages/torch/lib/libc10.so)
frame #1: <unknown function> + 0x16155eb (0x15369cdda5eb in /opt/conda/lib/python3.11/site-packages/torch/lib/libtorch_cpu.so)
frame #2: <unknown function> + 0x63507f4 (0x1536a1b157f4 in /opt/conda/lib/python3.11/site-packages/torch/lib/libtorch_cpu.so)
frame #3: <unknown function> + 0x630d216 (0x1536a1ad2216 in /opt/conda/lib/python3.11/site-packages/torch/lib/libtorch_cpu.so)
frame #4: c10d::TCPStore::TCPStore(std::string, c10d::TCPStoreOptions const&) + 0x20c (0x1536a1ad514c in /opt/conda/lib/python3.11/site-packages/torch/lib/libtorch_cpu.so)
frame #5: <unknown function> + 0xe486ef (0x1536b16c96ef in /opt/conda/lib/python3.11/site-packages/torch/lib/libtorch_python.so)
frame #6: <unknown function> + 0x51a017 (0x1536b0d9b017 in /opt/conda/lib/python3.11/site-packages/torch/lib/libtorch_python.so)
frame #7: <unknown function> + 0x1f9276 (0x555fd5327276 in /opt/conda/bin/python3.11)
frame #8: _PyObject_MakeTpCall + 0x29b (0x555fd530475b in /opt/conda/bin/python3.11)
frame #9: <unknown function> + 0x227206 (0x555fd5355206 in /opt/conda/bin/python3.11)
frame #10: _PyObject_Call + 0x12b (0x555fd5340b7b in /opt/conda/bin/python3.11)
frame #11: <unknown function> + 0x2101c4 (0x555fd533e1c4 in /opt/conda/bin/python3.11)
frame #12: <unknown function> + 0x1d6a11 (0x555fd5304a11 in /opt/conda/bin/python3.11)
frame #13: <unknown function> + 0x51880b (0x1536b0d9980b in /opt/conda/lib/python3.11/site-packages/torch/lib/libtorch_python.so)
frame #14: _PyObject_MakeTpCall + 0x29b (0x555fd530475b in /opt/conda/bin/python3.11)
frame #15: _PyEval_EvalFrameDefault + 0x70a (0x555fd5311dda in /opt/conda/bin/python3.11)
frame #16: _PyFunction_Vectorcall + 0x17f (0x555fd5336b4f in /opt/conda/bin/python3.11)
frame #17: _PyEval_EvalFrameDefault + 0x4ae4 (0x555fd53161b4 in /opt/conda/bin/python3.11)
frame #18: _PyFunction_Vectorcall + 0x17f (0x555fd5336b4f in /opt/conda/bin/python3.11)
frame #19: _PyEval_EvalFrameDefault + 0x4ae4 (0x555fd53161b4 in /opt/conda/bin/python3.11)
frame #20: _PyFunction_Vectorcall + 0x17f (0x555fd5336b4f in /opt/conda/bin/python3.11)
frame #21: _PyEval_EvalFrameDefault + 0x4ae4 (0x555fd53161b4 in /opt/conda/bin/python3.11)
frame #22: _PyFunction_Vectorcall + 0x17f (0x555fd5336b4f in /opt/conda/bin/python3.11)
frame #23: _PyObject_FastCallDictTstate + 0x63 (0x555fd5309353 in /opt/conda/bin/python3.11)
frame #24: _PyObject_Call_Prepend + 0x69 (0x555fd533e479 in /opt/conda/bin/python3.11)
frame #25: <unknown function> + 0x2df709 (0x555fd540d709 in /opt/conda/bin/python3.11)
frame #26: PyObject_Call + 0xbe (0x555fd534088e in /opt/conda/bin/python3.11)
frame #27: _PyEval_EvalFrameDefault + 0x4ae4 (0x555fd53161b4 in /opt/conda/bin/python3.11)
frame #28: _PyFunction_Vectorcall + 0x17f (0x555fd5336b4f in /opt/conda/bin/python3.11)
frame #29: _PyEval_EvalFrameDefault + 0x4ae4 (0x555fd53161b4 in /opt/conda/bin/python3.11)
frame #30: <unknown function> + 0x29b01d (0x555fd53c901d in /opt/conda/bin/python3.11)
frame #31: PyEval_EvalCode + 0x9f (0x555fd53c875f in /opt/conda/bin/python3.11)
frame #32: <unknown function> + 0x2b86ca (0x555fd53e66ca in /opt/conda/bin/python3.11)
frame #33: <unknown function> + 0x2b4353 (0x555fd53e2353 in /opt/conda/bin/python3.11)
frame #34: <unknown function> + 0x2c98f0 (0x555fd53f78f0 in /opt/conda/bin/python3.11)
frame #35: _PyRun_SimpleFileObject + 0x1bc (0x555fd53f727c in /opt/conda/bin/python3.11)
frame #36: _PyRun_AnyFileObject + 0x44 (0x555fd53f7014 in /opt/conda/bin/python3.11)
frame #37: Py_RunMain + 0x383 (0x555fd53f15e3 in /opt/conda/bin/python3.11)
frame #38: Py_BytesMain + 0x37 (0x555fd53b89d7 in /opt/conda/bin/python3.11)
frame #39: <unknown function> + 0x29d90 (0x1536ba2a5d90 in /lib/x86_64-linux-gnu/libc.so.6)
frame #40: __libc_start_main + 0x80 (0x1536ba2a5e40 in /lib/x86_64-linux-gnu/libc.so.6)
frame #41: <unknown function> + 0x28a88a (0x555fd53b888a in /opt/conda/bin/python3.11)

[W1126 19:33:27.199106517 socket.cpp:759] [c10d] The client socket cannot be initialized to connect to [jwb0006.juwels]:30805 (errno: 97 - Address family not supported by protocol).
[W1126 19:33:27.200132279 socket.cpp:759] [c10d] The client socket has failed to connect to jwb0006.juwels:30805 (errno: 113 - No route to host).
[E1126 19:33:27.200141409 socket.cpp:813] [c10d] The client socket has failed to connect to any network address of (10.11.241.16, 30805).
[W1126 19:33:27.200212340 TCPStore.cpp:330] [c10d] TCP client failed to connect/validate to host 10.11.241.16:30805 - retrying (try=17, timeout=900000ms, delay=35603ms): The client socket has failed to connect to any network address of (10.11.241.16, 30805). The client socket has failed to connect to jwb0006.juwels:30805 (errno: 113 - No route to host).
Exception raised from run at /pytorch/torch/csrc/distributed/c10d/socket.cpp:815 (most recent call first):
frame #0: c10::Error::Error(c10::SourceLocation, std::string) + 0x96 (0x150873d6c1b6 in /opt/conda/lib/python3.11/site-packages/torch/lib/libc10.so)
frame #1: <unknown function> + 0x16155eb (0x1508579da5eb in /opt/conda/lib/python3.11/site-packages/torch/lib/libtorch_cpu.so)
frame #2: <unknown function> + 0x63507f4 (0x15085c7157f4 in /opt/conda/lib/python3.11/site-packages/torch/lib/libtorch_cpu.so)
frame #3: <unknown function> + 0x630d216 (0x15085c6d2216 in /opt/conda/lib/python3.11/site-packages/torch/lib/libtorch_cpu.so)
frame #4: c10d::TCPStore::TCPStore(std::string, c10d::TCPStoreOptions const&) + 0x20c (0x15085c6d514c in /opt/conda/lib/python3.11/site-packages/torch/lib/libtorch_cpu.so)
frame #5: <unknown function> + 0xe486ef (0x15086c2c96ef in /opt/conda/lib/python3.11/site-packages/torch/lib/libtorch_python.so)
frame #6: <unknown function> + 0x51a017 (0x15086b99b017 in /opt/conda/lib/python3.11/site-packages/torch/lib/libtorch_python.so)
frame #7: <unknown function> + 0x1f9276 (0x561064099276 in /opt/conda/bin/python3.11)
frame #8: _PyObject_MakeTpCall + 0x29b (0x56106407675b in /opt/conda/bin/python3.11)
frame #9: <unknown function> + 0x227206 (0x5610640c7206 in /opt/conda/bin/python3.11)
frame #10: _PyObject_Call + 0x12b (0x5610640b2b7b in /opt/conda/bin/python3.11)
frame #11: <unknown function> + 0x2101c4 (0x5610640b01c4 in /opt/conda/bin/python3.11)
frame #12: <unknown function> + 0x1d6a11 (0x561064076a11 in /opt/conda/bin/python3.11)
frame #13: <unknown function> + 0x51880b (0x15086b99980b in /opt/conda/lib/python3.11/site-packages/torch/lib/libtorch_python.so)
frame #14: _PyObject_MakeTpCall + 0x29b (0x56106407675b in /opt/conda/bin/python3.11)
frame #15: _PyEval_EvalFrameDefault + 0x70a (0x561064083dda in /opt/conda/bin/python3.11)
frame #16: _PyFunction_Vectorcall + 0x17f (0x5610640a8b4f in /opt/conda/bin/python3.11)
frame #17: _PyEval_EvalFrameDefault + 0x4ae4 (0x5610640881b4 in /opt/conda/bin/python3.11)
frame #18: _PyFunction_Vectorcall + 0x17f (0x5610640a8b4f in /opt/conda/bin/python3.11)
frame #19: _PyEval_EvalFrameDefault + 0x4ae4 (0x5610640881b4 in /opt/conda/bin/python3.11)
frame #20: _PyFunction_Vectorcall + 0x17f (0x5610640a8b4f in /opt/conda/bin/python3.11)
frame #21: _PyEval_EvalFrameDefault + 0x4ae4 (0x5610640881b4 in /opt/conda/bin/python3.11)
frame #22: _PyFunction_Vectorcall + 0x17f (0x5610640a8b4f in /opt/conda/bin/python3.11)
frame #23: _PyObject_FastCallDictTstate + 0x63 (0x56106407b353 in /opt/conda/bin/python3.11)
frame #24: _PyObject_Call_Prepend + 0x69 (0x5610640b0479 in /opt/conda/bin/python3.11)
frame #25: <unknown function> + 0x2df709 (0x56106417f709 in /opt/conda/bin/python3.11)
frame #26: PyObject_Call + 0xbe (0x5610640b288e in /opt/conda/bin/python3.11)
frame #27: _PyEval_EvalFrameDefault + 0x4ae4 (0x5610640881b4 in /opt/conda/bin/python3.11)
frame #28: _PyFunction_Vectorcall + 0x17f (0x5610640a8b4f in /opt/conda/bin/python3.11)
frame #29: _PyEval_EvalFrameDefault + 0x4ae4 (0x5610640881b4 in /opt/conda/bin/python3.11)
frame #30: <unknown function> + 0x29b01d (0x56106413b01d in /opt/conda/bin/python3.11)
frame #31: PyEval_EvalCode + 0x9f (0x56106413a75f in /opt/conda/bin/python3.11)
frame #32: <unknown function> + 0x2b86ca (0x5610641586ca in /opt/conda/bin/python3.11)
frame #33: <unknown function> + 0x2b4353 (0x561064154353 in /opt/conda/bin/python3.11)
frame #34: <unknown function> + 0x2c98f0 (0x5610641698f0 in /opt/conda/bin/python3.11)
frame #35: _PyRun_SimpleFileObject + 0x1bc (0x56106416927c in /opt/conda/bin/python3.11)
frame #36: _PyRun_AnyFileObject + 0x44 (0x561064169014 in /opt/conda/bin/python3.11)
frame #37: Py_RunMain + 0x383 (0x5610641635e3 in /opt/conda/bin/python3.11)
frame #38: Py_BytesMain + 0x37 (0x56106412a9d7 in /opt/conda/bin/python3.11)
frame #39: <unknown function> + 0x29d90 (0x150874d40d90 in /lib/x86_64-linux-gnu/libc.so.6)
frame #40: __libc_start_main + 0x80 (0x150874d40e40 in /lib/x86_64-linux-gnu/libc.so.6)
frame #41: <unknown function> + 0x28a88a (0x56106412a88a in /opt/conda/bin/python3.11)

[W1126 19:33:46.516293151 socket.cpp:759] [c10d] The client socket cannot be initialized to connect to [jwb0006.juwels]:30805 (errno: 97 - Address family not supported by protocol).
[W1126 19:33:46.517653952 socket.cpp:759] [c10d] The client socket has failed to connect to jwb0006.juwels:30805 (errno: 113 - No route to host).
[E1126 19:33:46.517663502 socket.cpp:813] [c10d] The client socket has failed to connect to any network address of (10.11.241.16, 30805).
[W1126 19:33:46.517753543 TCPStore.cpp:330] [c10d] TCP client failed to connect/validate to host 10.11.241.16:30805 - retrying (try=16, timeout=900000ms, delay=64471ms): The client socket has failed to connect to any network address of (10.11.241.16, 30805). The client socket has failed to connect to jwb0006.juwels:30805 (errno: 113 - No route to host).
Exception raised from run at /pytorch/torch/csrc/distributed/c10d/socket.cpp:815 (most recent call first):
frame #0: c10::Error::Error(c10::SourceLocation, std::string) + 0x96 (0x148707b6c1b6 in /opt/conda/lib/python3.11/site-packages/torch/lib/libc10.so)
frame #1: <unknown function> + 0x16155eb (0x1486eb7da5eb in /opt/conda/lib/python3.11/site-packages/torch/lib/libtorch_cpu.so)
frame #2: <unknown function> + 0x63507f4 (0x1486f05157f4 in /opt/conda/lib/python3.11/site-packages/torch/lib/libtorch_cpu.so)
frame #3: <unknown function> + 0x630d216 (0x1486f04d2216 in /opt/conda/lib/python3.11/site-packages/torch/lib/libtorch_cpu.so)
frame #4: c10d::TCPStore::TCPStore(std::string, c10d::TCPStoreOptions const&) + 0x20c (0x1486f04d514c in /opt/conda/lib/python3.11/site-packages/torch/lib/libtorch_cpu.so)
frame #5: <unknown function> + 0xe486ef (0x1487000c96ef in /opt/conda/lib/python3.11/site-packages/torch/lib/libtorch_python.so)
frame #6: <unknown function> + 0x51a017 (0x1486ff79b017 in /opt/conda/lib/python3.11/site-packages/torch/lib/libtorch_python.so)
frame #7: <unknown function> + 0x1f9276 (0x5605059c0276 in /opt/conda/bin/python3.11)
frame #8: _PyObject_MakeTpCall + 0x29b (0x56050599d75b in /opt/conda/bin/python3.11)
frame #9: <unknown function> + 0x227206 (0x5605059ee206 in /opt/conda/bin/python3.11)
frame #10: _PyObject_Call + 0x12b (0x5605059d9b7b in /opt/conda/bin/python3.11)
frame #11: <unknown function> + 0x2101c4 (0x5605059d71c4 in /opt/conda/bin/python3.11)
frame #12: <unknown function> + 0x1d6a11 (0x56050599da11 in /opt/conda/bin/python3.11)
frame #13: <unknown function> + 0x51880b (0x1486ff79980b in /opt/conda/lib/python3.11/site-packages/torch/lib/libtorch_python.so)
frame #14: _PyObject_MakeTpCall + 0x29b (0x56050599d75b in /opt/conda/bin/python3.11)
frame #15: _PyEval_EvalFrameDefault + 0x70a (0x5605059aadda in /opt/conda/bin/python3.11)
frame #16: _PyFunction_Vectorcall + 0x17f (0x5605059cfb4f in /opt/conda/bin/python3.11)
frame #17: _PyEval_EvalFrameDefault + 0x4ae4 (0x5605059af1b4 in /opt/conda/bin/python3.11)
frame #18: _PyFunction_Vectorcall + 0x17f (0x5605059cfb4f in /opt/conda/bin/python3.11)
frame #19: _PyEval_EvalFrameDefault + 0x4ae4 (0x5605059af1b4 in /opt/conda/bin/python3.11)
frame #20: _PyFunction_Vectorcall + 0x17f (0x5605059cfb4f in /opt/conda/bin/python3.11)
frame #21: _PyEval_EvalFrameDefault + 0x4ae4 (0x5605059af1b4 in /opt/conda/bin/python3.11)
frame #22: _PyFunction_Vectorcall + 0x17f (0x5605059cfb4f in /opt/conda/bin/python3.11)
frame #23: _PyObject_FastCallDictTstate + 0x63 (0x5605059a2353 in /opt/conda/bin/python3.11)
frame #24: _PyObject_Call_Prepend + 0x69 (0x5605059d7479 in /opt/conda/bin/python3.11)
frame #25: <unknown function> + 0x2df709 (0x560505aa6709 in /opt/conda/bin/python3.11)
frame #26: PyObject_Call + 0xbe (0x5605059d988e in /opt/conda/bin/python3.11)
frame #27: _PyEval_EvalFrameDefault + 0x4ae4 (0x5605059af1b4 in /opt/conda/bin/python3.11)
frame #28: _PyFunction_Vectorcall + 0x17f (0x5605059cfb4f in /opt/conda/bin/python3.11)
frame #29: _PyEval_EvalFrameDefault + 0x4ae4 (0x5605059af1b4 in /opt/conda/bin/python3.11)
frame #30: <unknown function> + 0x29b01d (0x560505a6201d in /opt/conda/bin/python3.11)
frame #31: PyEval_EvalCode + 0x9f (0x560505a6175f in /opt/conda/bin/python3.11)
frame #32: <unknown function> + 0x2b86ca (0x560505a7f6ca in /opt/conda/bin/python3.11)
frame #33: <unknown function> + 0x2b4353 (0x560505a7b353 in /opt/conda/bin/python3.11)
frame #34: <unknown function> + 0x2c98f0 (0x560505a908f0 in /opt/conda/bin/python3.11)
frame #35: _PyRun_SimpleFileObject + 0x1bc (0x560505a9027c in /opt/conda/bin/python3.11)
frame #36: _PyRun_AnyFileObject + 0x44 (0x560505a90014 in /opt/conda/bin/python3.11)
frame #37: Py_RunMain + 0x383 (0x560505a8a5e3 in /opt/conda/bin/python3.11)
frame #38: Py_BytesMain + 0x37 (0x560505a519d7 in /opt/conda/bin/python3.11)
frame #39: <unknown function> + 0x29d90 (0x148708b78d90 in /lib/x86_64-linux-gnu/libc.so.6)
frame #40: __libc_start_main + 0x80 (0x148708b78e40 in /lib/x86_64-linux-gnu/libc.so.6)
frame #41: <unknown function> + 0x28a88a (0x560505a5188a in /opt/conda/bin/python3.11)

[W1126 19:33:56.817908300 socket.cpp:759] [c10d] The client socket cannot be initialized to connect to [jwb0006.juwels]:30805 (errno: 97 - Address family not supported by protocol).
[W1126 19:33:56.819325626 socket.cpp:759] [c10d] The client socket has failed to connect to jwb0006.juwels:30805 (errno: 113 - No route to host).
[E1126 19:33:56.819333416 socket.cpp:813] [c10d] The client socket has failed to connect to any network address of (10.11.241.16, 30805).
[W1126 19:33:56.819392706 TCPStore.cpp:330] [c10d] TCP client failed to connect/validate to host 10.11.241.16:30805 - retrying (try=16, timeout=900000ms, delay=88198ms): The client socket has failed to connect to any network address of (10.11.241.16, 30805). The client socket has failed to connect to jwb0006.juwels:30805 (errno: 113 - No route to host).
Exception raised from run at /pytorch/torch/csrc/distributed/c10d/socket.cpp:815 (most recent call first):
frame #0: c10::Error::Error(c10::SourceLocation, std::string) + 0x96 (0x14ee9ff6c1b6 in /opt/conda/lib/python3.11/site-packages/torch/lib/libc10.so)
frame #1: <unknown function> + 0x16155eb (0x14ee837da5eb in /opt/conda/lib/python3.11/site-packages/torch/lib/libtorch_cpu.so)
frame #2: <unknown function> + 0x63507f4 (0x14ee885157f4 in /opt/conda/lib/python3.11/site-packages/torch/lib/libtorch_cpu.so)
frame #3: <unknown function> + 0x630d216 (0x14ee884d2216 in /opt/conda/lib/python3.11/site-packages/torch/lib/libtorch_cpu.so)
frame #4: c10d::TCPStore::TCPStore(std::string, c10d::TCPStoreOptions const&) + 0x20c (0x14ee884d514c in /opt/conda/lib/python3.11/site-packages/torch/lib/libtorch_cpu.so)
frame #5: <unknown function> + 0xe486ef (0x14ee980c96ef in /opt/conda/lib/python3.11/site-packages/torch/lib/libtorch_python.so)
frame #6: <unknown function> + 0x51a017 (0x14ee9779b017 in /opt/conda/lib/python3.11/site-packages/torch/lib/libtorch_python.so)
frame #7: <unknown function> + 0x1f9276 (0x5596ebd77276 in /opt/conda/bin/python3.11)
frame #8: _PyObject_MakeTpCall + 0x29b (0x5596ebd5475b in /opt/conda/bin/python3.11)
frame #9: <unknown function> + 0x227206 (0x5596ebda5206 in /opt/conda/bin/python3.11)
frame #10: _PyObject_Call + 0x12b (0x5596ebd90b7b in /opt/conda/bin/python3.11)
frame #11: <unknown function> + 0x2101c4 (0x5596ebd8e1c4 in /opt/conda/bin/python3.11)
frame #12: <unknown function> + 0x1d6a11 (0x5596ebd54a11 in /opt/conda/bin/python3.11)
frame #13: <unknown function> + 0x51880b (0x14ee9779980b in /opt/conda/lib/python3.11/site-packages/torch/lib/libtorch_python.so)
frame #14: _PyObject_MakeTpCall + 0x29b (0x5596ebd5475b in /opt/conda/bin/python3.11)
frame #15: _PyEval_EvalFrameDefault + 0x70a (0x5596ebd61dda in /opt/conda/bin/python3.11)
frame #16: _PyFunction_Vectorcall + 0x17f (0x5596ebd86b4f in /opt/conda/bin/python3.11)
frame #17: _PyEval_EvalFrameDefault + 0x4ae4 (0x5596ebd661b4 in /opt/conda/bin/python3.11)
frame #18: _PyFunction_Vectorcall + 0x17f (0x5596ebd86b4f in /opt/conda/bin/python3.11)
frame #19: _PyEval_EvalFrameDefault + 0x4ae4 (0x5596ebd661b4 in /opt/conda/bin/python3.11)
frame #20: _PyFunction_Vectorcall + 0x17f (0x5596ebd86b4f in /opt/conda/bin/python3.11)
frame #21: _PyEval_EvalFrameDefault + 0x4ae4 (0x5596ebd661b4 in /opt/conda/bin/python3.11)
frame #22: _PyFunction_Vectorcall + 0x17f (0x5596ebd86b4f in /opt/conda/bin/python3.11)
frame #23: _PyObject_FastCallDictTstate + 0x63 (0x5596ebd59353 in /opt/conda/bin/python3.11)
frame #24: _PyObject_Call_Prepend + 0x69 (0x5596ebd8e479 in /opt/conda/bin/python3.11)
frame #25: <unknown function> + 0x2df709 (0x5596ebe5d709 in /opt/conda/bin/python3.11)
frame #26: PyObject_Call + 0xbe (0x5596ebd9088e in /opt/conda/bin/python3.11)
frame #27: _PyEval_EvalFrameDefault + 0x4ae4 (0x5596ebd661b4 in /opt/conda/bin/python3.11)
frame #28: _PyFunction_Vectorcall + 0x17f (0x5596ebd86b4f in /opt/conda/bin/python3.11)
frame #29: _PyEval_EvalFrameDefault + 0x4ae4 (0x5596ebd661b4 in /opt/conda/bin/python3.11)
frame #30: <unknown function> + 0x29b01d (0x5596ebe1901d in /opt/conda/bin/python3.11)
frame #31: PyEval_EvalCode + 0x9f (0x5596ebe1875f in /opt/conda/bin/python3.11)
frame #32: <unknown function> + 0x2b86ca (0x5596ebe366ca in /opt/conda/bin/python3.11)
frame #33: <unknown function> + 0x2b4353 (0x5596ebe32353 in /opt/conda/bin/python3.11)
frame #34: <unknown function> + 0x2c98f0 (0x5596ebe478f0 in /opt/conda/bin/python3.11)
frame #35: _PyRun_SimpleFileObject + 0x1bc (0x5596ebe4727c in /opt/conda/bin/python3.11)
frame #36: _PyRun_AnyFileObject + 0x44 (0x5596ebe47014 in /opt/conda/bin/python3.11)
frame #37: Py_RunMain + 0x383 (0x5596ebe415e3 in /opt/conda/bin/python3.11)
frame #38: Py_BytesMain + 0x37 (0x5596ebe089d7 in /opt/conda/bin/python3.11)
frame #39: <unknown function> + 0x29d90 (0x14eea0c18d90 in /lib/x86_64-linux-gnu/libc.so.6)
frame #40: __libc_start_main + 0x80 (0x14eea0c18e40 in /lib/x86_64-linux-gnu/libc.so.6)
frame #41: <unknown function> + 0x28a88a (0x5596ebe0888a in /opt/conda/bin/python3.11)

[W1126 19:34:03.809953144 socket.cpp:759] [c10d] The client socket cannot be initialized to connect to [jwb0006.juwels]:30805 (errno: 97 - Address family not supported by protocol).
[W1126 19:34:03.811428811 socket.cpp:759] [c10d] The client socket has failed to connect to jwb0006.juwels:30805 (errno: 113 - No route to host).
[E1126 19:34:03.811440011 socket.cpp:813] [c10d] The client socket has failed to connect to any network address of (10.11.241.16, 30805).
[W1126 19:34:03.811515842 TCPStore.cpp:330] [c10d] TCP client failed to connect/validate to host 10.11.241.16:30805 - retrying (try=18, timeout=900000ms, delay=34752ms): The client socket has failed to connect to any network address of (10.11.241.16, 30805). The client socket has failed to connect to jwb0006.juwels:30805 (errno: 113 - No route to host).
Exception raised from run at /pytorch/torch/csrc/distributed/c10d/socket.cpp:815 (most recent call first):
frame #0: c10::Error::Error(c10::SourceLocation, std::string) + 0x96 (0x150873d6c1b6 in /opt/conda/lib/python3.11/site-packages/torch/lib/libc10.so)
frame #1: <unknown function> + 0x16155eb (0x1508579da5eb in /opt/conda/lib/python3.11/site-packages/torch/lib/libtorch_cpu.so)
frame #2: <unknown function> + 0x63507f4 (0x15085c7157f4 in /opt/conda/lib/python3.11/site-packages/torch/lib/libtorch_cpu.so)
frame #3: <unknown function> + 0x630d216 (0x15085c6d2216 in /opt/conda/lib/python3.11/site-packages/torch/lib/libtorch_cpu.so)
frame #4: c10d::TCPStore::TCPStore(std::string, c10d::TCPStoreOptions const&) + 0x20c (0x15085c6d514c in /opt/conda/lib/python3.11/site-packages/torch/lib/libtorch_cpu.so)
frame #5: <unknown function> + 0xe486ef (0x15086c2c96ef in /opt/conda/lib/python3.11/site-packages/torch/lib/libtorch_python.so)
frame #6: <unknown function> + 0x51a017 (0x15086b99b017 in /opt/conda/lib/python3.11/site-packages/torch/lib/libtorch_python.so)
frame #7: <unknown function> + 0x1f9276 (0x561064099276 in /opt/conda/bin/python3.11)
frame #8: _PyObject_MakeTpCall + 0x29b (0x56106407675b in /opt/conda/bin/python3.11)
frame #9: <unknown function> + 0x227206 (0x5610640c7206 in /opt/conda/bin/python3.11)
frame #10: _PyObject_Call + 0x12b (0x5610640b2b7b in /opt/conda/bin/python3.11)
frame #11: <unknown function> + 0x2101c4 (0x5610640b01c4 in /opt/conda/bin/python3.11)
frame #12: <unknown function> + 0x1d6a11 (0x561064076a11 in /opt/conda/bin/python3.11)
frame #13: <unknown function> + 0x51880b (0x15086b99980b in /opt/conda/lib/python3.11/site-packages/torch/lib/libtorch_python.so)
frame #14: _PyObject_MakeTpCall + 0x29b (0x56106407675b in /opt/conda/bin/python3.11)
frame #15: _PyEval_EvalFrameDefault + 0x70a (0x561064083dda in /opt/conda/bin/python3.11)
frame #16: _PyFunction_Vectorcall + 0x17f (0x5610640a8b4f in /opt/conda/bin/python3.11)
frame #17: _PyEval_EvalFrameDefault + 0x4ae4 (0x5610640881b4 in /opt/conda/bin/python3.11)
frame #18: _PyFunction_Vectorcall + 0x17f (0x5610640a8b4f in /opt/conda/bin/python3.11)
frame #19: _PyEval_EvalFrameDefault + 0x4ae4 (0x5610640881b4 in /opt/conda/bin/python3.11)
frame #20: _PyFunction_Vectorcall + 0x17f (0x5610640a8b4f in /opt/conda/bin/python3.11)
frame #21: _PyEval_EvalFrameDefault + 0x4ae4 (0x5610640881b4 in /opt/conda/bin/python3.11)
frame #22: _PyFunction_Vectorcall + 0x17f (0x5610640a8b4f in /opt/conda/bin/python3.11)
frame #23: _PyObject_FastCallDictTstate + 0x63 (0x56106407b353 in /opt/conda/bin/python3.11)
frame #24: _PyObject_Call_Prepend + 0x69 (0x5610640b0479 in /opt/conda/bin/python3.11)
frame #25: <unknown function> + 0x2df709 (0x56106417f709 in /opt/conda/bin/python3.11)
frame #26: PyObject_Call + 0xbe (0x5610640b288e in /opt/conda/bin/python3.11)
frame #27: _PyEval_EvalFrameDefault + 0x4ae4 (0x5610640881b4 in /opt/conda/bin/python3.11)
frame #28: _PyFunction_Vectorcall + 0x17f (0x5610640a8b4f in /opt/conda/bin/python3.11)
frame #29: _PyEval_EvalFrameDefault + 0x4ae4 (0x5610640881b4 in /opt/conda/bin/python3.11)
frame #30: <unknown function> + 0x29b01d (0x56106413b01d in /opt/conda/bin/python3.11)
frame #31: PyEval_EvalCode + 0x9f (0x56106413a75f in /opt/conda/bin/python3.11)
frame #32: <unknown function> + 0x2b86ca (0x5610641586ca in /opt/conda/bin/python3.11)
frame #33: <unknown function> + 0x2b4353 (0x561064154353 in /opt/conda/bin/python3.11)
frame #34: <unknown function> + 0x2c98f0 (0x5610641698f0 in /opt/conda/bin/python3.11)
frame #35: _PyRun_SimpleFileObject + 0x1bc (0x56106416927c in /opt/conda/bin/python3.11)
frame #36: _PyRun_AnyFileObject + 0x44 (0x561064169014 in /opt/conda/bin/python3.11)
frame #37: Py_RunMain + 0x383 (0x5610641635e3 in /opt/conda/bin/python3.11)
frame #38: Py_BytesMain + 0x37 (0x56106412a9d7 in /opt/conda/bin/python3.11)
frame #39: <unknown function> + 0x29d90 (0x150874d40d90 in /lib/x86_64-linux-gnu/libc.so.6)
frame #40: __libc_start_main + 0x80 (0x150874d40e40 in /lib/x86_64-linux-gnu/libc.so.6)
frame #41: <unknown function> + 0x28a88a (0x56106412a88a in /opt/conda/bin/python3.11)

[W1126 19:34:05.785460363 socket.cpp:759] [c10d] The client socket cannot be initialized to connect to [jwb0006.juwels]:30805 (errno: 97 - Address family not supported by protocol).
[W1126 19:34:05.786820519 socket.cpp:759] [c10d] The client socket has failed to connect to jwb0006.juwels:30805 (errno: 113 - No route to host).
[E1126 19:34:05.786830159 socket.cpp:813] [c10d] The client socket has failed to connect to any network address of (10.11.241.16, 30805).
[W1126 19:34:05.786914470 TCPStore.cpp:330] [c10d] TCP client failed to connect/validate to host 10.11.241.16:30805 - retrying (try=16, timeout=900000ms, delay=75872ms): The client socket has failed to connect to any network address of (10.11.241.16, 30805). The client socket has failed to connect to jwb0006.juwels:30805 (errno: 113 - No route to host).
Exception raised from run at /pytorch/torch/csrc/distributed/c10d/socket.cpp:815 (most recent call first):
frame #0: c10::Error::Error(c10::SourceLocation, std::string) + 0x96 (0x1536b956c1b6 in /opt/conda/lib/python3.11/site-packages/torch/lib/libc10.so)
frame #1: <unknown function> + 0x16155eb (0x15369cdda5eb in /opt/conda/lib/python3.11/site-packages/torch/lib/libtorch_cpu.so)
frame #2: <unknown function> + 0x63507f4 (0x1536a1b157f4 in /opt/conda/lib/python3.11/site-packages/torch/lib/libtorch_cpu.so)
frame #3: <unknown function> + 0x630d216 (0x1536a1ad2216 in /opt/conda/lib/python3.11/site-packages/torch/lib/libtorch_cpu.so)
frame #4: c10d::TCPStore::TCPStore(std::string, c10d::TCPStoreOptions const&) + 0x20c (0x1536a1ad514c in /opt/conda/lib/python3.11/site-packages/torch/lib/libtorch_cpu.so)
frame #5: <unknown function> + 0xe486ef (0x1536b16c96ef in /opt/conda/lib/python3.11/site-packages/torch/lib/libtorch_python.so)
frame #6: <unknown function> + 0x51a017 (0x1536b0d9b017 in /opt/conda/lib/python3.11/site-packages/torch/lib/libtorch_python.so)
frame #7: <unknown function> + 0x1f9276 (0x555fd5327276 in /opt/conda/bin/python3.11)
frame #8: _PyObject_MakeTpCall + 0x29b (0x555fd530475b in /opt/conda/bin/python3.11)
frame #9: <unknown function> + 0x227206 (0x555fd5355206 in /opt/conda/bin/python3.11)
frame #10: _PyObject_Call + 0x12b (0x555fd5340b7b in /opt/conda/bin/python3.11)
frame #11: <unknown function> + 0x2101c4 (0x555fd533e1c4 in /opt/conda/bin/python3.11)
frame #12: <unknown function> + 0x1d6a11 (0x555fd5304a11 in /opt/conda/bin/python3.11)
frame #13: <unknown function> + 0x51880b (0x1536b0d9980b in /opt/conda/lib/python3.11/site-packages/torch/lib/libtorch_python.so)
frame #14: _PyObject_MakeTpCall + 0x29b (0x555fd530475b in /opt/conda/bin/python3.11)
frame #15: _PyEval_EvalFrameDefault + 0x70a (0x555fd5311dda in /opt/conda/bin/python3.11)
frame #16: _PyFunction_Vectorcall + 0x17f (0x555fd5336b4f in /opt/conda/bin/python3.11)
frame #17: _PyEval_EvalFrameDefault + 0x4ae4 (0x555fd53161b4 in /opt/conda/bin/python3.11)
frame #18: _PyFunction_Vectorcall + 0x17f (0x555fd5336b4f in /opt/conda/bin/python3.11)
frame #19: _PyEval_EvalFrameDefault + 0x4ae4 (0x555fd53161b4 in /opt/conda/bin/python3.11)
frame #20: _PyFunction_Vectorcall + 0x17f (0x555fd5336b4f in /opt/conda/bin/python3.11)
frame #21: _PyEval_EvalFrameDefault + 0x4ae4 (0x555fd53161b4 in /opt/conda/bin/python3.11)
frame #22: _PyFunction_Vectorcall + 0x17f (0x555fd5336b4f in /opt/conda/bin/python3.11)
frame #23: _PyObject_FastCallDictTstate + 0x63 (0x555fd5309353 in /opt/conda/bin/python3.11)
frame #24: _PyObject_Call_Prepend + 0x69 (0x555fd533e479 in /opt/conda/bin/python3.11)
frame #25: <unknown function> + 0x2df709 (0x555fd540d709 in /opt/conda/bin/python3.11)
frame #26: PyObject_Call + 0xbe (0x555fd534088e in /opt/conda/bin/python3.11)
frame #27: _PyEval_EvalFrameDefault + 0x4ae4 (0x555fd53161b4 in /opt/conda/bin/python3.11)
frame #28: _PyFunction_Vectorcall + 0x17f (0x555fd5336b4f in /opt/conda/bin/python3.11)
frame #29: _PyEval_EvalFrameDefault + 0x4ae4 (0x555fd53161b4 in /opt/conda/bin/python3.11)
frame #30: <unknown function> + 0x29b01d (0x555fd53c901d in /opt/conda/bin/python3.11)
frame #31: PyEval_EvalCode + 0x9f (0x555fd53c875f in /opt/conda/bin/python3.11)
frame #32: <unknown function> + 0x2b86ca (0x555fd53e66ca in /opt/conda/bin/python3.11)
frame #33: <unknown function> + 0x2b4353 (0x555fd53e2353 in /opt/conda/bin/python3.11)
frame #34: <unknown function> + 0x2c98f0 (0x555fd53f78f0 in /opt/conda/bin/python3.11)
frame #35: _PyRun_SimpleFileObject + 0x1bc (0x555fd53f727c in /opt/conda/bin/python3.11)
frame #36: _PyRun_AnyFileObject + 0x44 (0x555fd53f7014 in /opt/conda/bin/python3.11)
frame #37: Py_RunMain + 0x383 (0x555fd53f15e3 in /opt/conda/bin/python3.11)
frame #38: Py_BytesMain + 0x37 (0x555fd53b89d7 in /opt/conda/bin/python3.11)
frame #39: <unknown function> + 0x29d90 (0x1536ba2a5d90 in /lib/x86_64-linux-gnu/libc.so.6)
frame #40: __libc_start_main + 0x80 (0x1536ba2a5e40 in /lib/x86_64-linux-gnu/libc.so.6)
frame #41: <unknown function> + 0x28a88a (0x555fd53b888a in /opt/conda/bin/python3.11)

[W1126 19:34:38.570180435 socket.cpp:759] [c10d] The client socket cannot be initialized to connect to [jwb0006.juwels]:30805 (errno: 97 - Address family not supported by protocol).
[W1126 19:34:38.571039045 socket.cpp:759] [c10d] The client socket has failed to connect to jwb0006.juwels:30805 (errno: 113 - No route to host).
[E1126 19:34:38.571047825 socket.cpp:813] [c10d] The client socket has failed to connect to any network address of (10.11.241.16, 30805).
[W1126 19:34:38.571125426 TCPStore.cpp:330] [c10d] TCP client failed to connect/validate to host 10.11.241.16:30805 - retrying (try=19, timeout=900000ms, delay=67187ms): The client socket has failed to connect to any network address of (10.11.241.16, 30805). The client socket has failed to connect to jwb0006.juwels:30805 (errno: 113 - No route to host).
Exception raised from run at /pytorch/torch/csrc/distributed/c10d/socket.cpp:815 (most recent call first):
frame #0: c10::Error::Error(c10::SourceLocation, std::string) + 0x96 (0x150873d6c1b6 in /opt/conda/lib/python3.11/site-packages/torch/lib/libc10.so)
frame #1: <unknown function> + 0x16155eb (0x1508579da5eb in /opt/conda/lib/python3.11/site-packages/torch/lib/libtorch_cpu.so)
frame #2: <unknown function> + 0x63507f4 (0x15085c7157f4 in /opt/conda/lib/python3.11/site-packages/torch/lib/libtorch_cpu.so)
frame #3: <unknown function> + 0x630d216 (0x15085c6d2216 in /opt/conda/lib/python3.11/site-packages/torch/lib/libtorch_cpu.so)
frame #4: c10d::TCPStore::TCPStore(std::string, c10d::TCPStoreOptions const&) + 0x20c (0x15085c6d514c in /opt/conda/lib/python3.11/site-packages/torch/lib/libtorch_cpu.so)
frame #5: <unknown function> + 0xe486ef (0x15086c2c96ef in /opt/conda/lib/python3.11/site-packages/torch/lib/libtorch_python.so)
frame #6: <unknown function> + 0x51a017 (0x15086b99b017 in /opt/conda/lib/python3.11/site-packages/torch/lib/libtorch_python.so)
frame #7: <unknown function> + 0x1f9276 (0x561064099276 in /opt/conda/bin/python3.11)
frame #8: _PyObject_MakeTpCall + 0x29b (0x56106407675b in /opt/conda/bin/python3.11)
frame #9: <unknown function> + 0x227206 (0x5610640c7206 in /opt/conda/bin/python3.11)
frame #10: _PyObject_Call + 0x12b (0x5610640b2b7b in /opt/conda/bin/python3.11)
frame #11: <unknown function> + 0x2101c4 (0x5610640b01c4 in /opt/conda/bin/python3.11)
frame #12: <unknown function> + 0x1d6a11 (0x561064076a11 in /opt/conda/bin/python3.11)
frame #13: <unknown function> + 0x51880b (0x15086b99980b in /opt/conda/lib/python3.11/site-packages/torch/lib/libtorch_python.so)
frame #14: _PyObject_MakeTpCall + 0x29b (0x56106407675b in /opt/conda/bin/python3.11)
frame #15: _PyEval_EvalFrameDefault + 0x70a (0x561064083dda in /opt/conda/bin/python3.11)
frame #16: _PyFunction_Vectorcall + 0x17f (0x5610640a8b4f in /opt/conda/bin/python3.11)
frame #17: _PyEval_EvalFrameDefault + 0x4ae4 (0x5610640881b4 in /opt/conda/bin/python3.11)
frame #18: _PyFunction_Vectorcall + 0x17f (0x5610640a8b4f in /opt/conda/bin/python3.11)
frame #19: _PyEval_EvalFrameDefault + 0x4ae4 (0x5610640881b4 in /opt/conda/bin/python3.11)
frame #20: _PyFunction_Vectorcall + 0x17f (0x5610640a8b4f in /opt/conda/bin/python3.11)
frame #21: _PyEval_EvalFrameDefault + 0x4ae4 (0x5610640881b4 in /opt/conda/bin/python3.11)
frame #22: _PyFunction_Vectorcall + 0x17f (0x5610640a8b4f in /opt/conda/bin/python3.11)
frame #23: _PyObject_FastCallDictTstate + 0x63 (0x56106407b353 in /opt/conda/bin/python3.11)
frame #24: _PyObject_Call_Prepend + 0x69 (0x5610640b0479 in /opt/conda/bin/python3.11)
frame #25: <unknown function> + 0x2df709 (0x56106417f709 in /opt/conda/bin/python3.11)
frame #26: PyObject_Call + 0xbe (0x5610640b288e in /opt/conda/bin/python3.11)
frame #27: _PyEval_EvalFrameDefault + 0x4ae4 (0x5610640881b4 in /opt/conda/bin/python3.11)
frame #28: _PyFunction_Vectorcall + 0x17f (0x5610640a8b4f in /opt/conda/bin/python3.11)
frame #29: _PyEval_EvalFrameDefault + 0x4ae4 (0x5610640881b4 in /opt/conda/bin/python3.11)
frame #30: <unknown function> + 0x29b01d (0x56106413b01d in /opt/conda/bin/python3.11)
frame #31: PyEval_EvalCode + 0x9f (0x56106413a75f in /opt/conda/bin/python3.11)
frame #32: <unknown function> + 0x2b86ca (0x5610641586ca in /opt/conda/bin/python3.11)
frame #33: <unknown function> + 0x2b4353 (0x561064154353 in /opt/conda/bin/python3.11)
frame #34: <unknown function> + 0x2c98f0 (0x5610641698f0 in /opt/conda/bin/python3.11)
frame #35: _PyRun_SimpleFileObject + 0x1bc (0x56106416927c in /opt/conda/bin/python3.11)
frame #36: _PyRun_AnyFileObject + 0x44 (0x561064169014 in /opt/conda/bin/python3.11)
frame #37: Py_RunMain + 0x383 (0x5610641635e3 in /opt/conda/bin/python3.11)
frame #38: Py_BytesMain + 0x37 (0x56106412a9d7 in /opt/conda/bin/python3.11)
frame #39: <unknown function> + 0x29d90 (0x150874d40d90 in /lib/x86_64-linux-gnu/libc.so.6)
frame #40: __libc_start_main + 0x80 (0x150874d40e40 in /lib/x86_64-linux-gnu/libc.so.6)
frame #41: <unknown function> + 0x28a88a (0x56106412a88a in /opt/conda/bin/python3.11)

[W1126 19:34:50.995706102 socket.cpp:759] [c10d] The client socket cannot be initialized to connect to [jwb0006.juwels]:30805 (errno: 97 - Address family not supported by protocol).
[W1126 19:34:50.996702210 socket.cpp:759] [c10d] The client socket has failed to connect to jwb0006.juwels:30805 (errno: 113 - No route to host).
[E1126 19:34:50.996712050 socket.cpp:813] [c10d] The client socket has failed to connect to any network address of (10.11.241.16, 30805).
[W1126 19:34:50.996803841 TCPStore.cpp:330] [c10d] TCP client failed to connect/validate to host 10.11.241.16:30805 - retrying (try=17, timeout=900000ms, delay=83187ms): The client socket has failed to connect to any network address of (10.11.241.16, 30805). The client socket has failed to connect to jwb0006.juwels:30805 (errno: 113 - No route to host).
Exception raised from run at /pytorch/torch/csrc/distributed/c10d/socket.cpp:815 (most recent call first):
frame #0: c10::Error::Error(c10::SourceLocation, std::string) + 0x96 (0x148707b6c1b6 in /opt/conda/lib/python3.11/site-packages/torch/lib/libc10.so)
frame #1: <unknown function> + 0x16155eb (0x1486eb7da5eb in /opt/conda/lib/python3.11/site-packages/torch/lib/libtorch_cpu.so)
frame #2: <unknown function> + 0x63507f4 (0x1486f05157f4 in /opt/conda/lib/python3.11/site-packages/torch/lib/libtorch_cpu.so)
frame #3: <unknown function> + 0x630d216 (0x1486f04d2216 in /opt/conda/lib/python3.11/site-packages/torch/lib/libtorch_cpu.so)
frame #4: c10d::TCPStore::TCPStore(std::string, c10d::TCPStoreOptions const&) + 0x20c (0x1486f04d514c in /opt/conda/lib/python3.11/site-packages/torch/lib/libtorch_cpu.so)
frame #5: <unknown function> + 0xe486ef (0x1487000c96ef in /opt/conda/lib/python3.11/site-packages/torch/lib/libtorch_python.so)
frame #6: <unknown function> + 0x51a017 (0x1486ff79b017 in /opt/conda/lib/python3.11/site-packages/torch/lib/libtorch_python.so)
frame #7: <unknown function> + 0x1f9276 (0x5605059c0276 in /opt/conda/bin/python3.11)
frame #8: _PyObject_MakeTpCall + 0x29b (0x56050599d75b in /opt/conda/bin/python3.11)
frame #9: <unknown function> + 0x227206 (0x5605059ee206 in /opt/conda/bin/python3.11)
frame #10: _PyObject_Call + 0x12b (0x5605059d9b7b in /opt/conda/bin/python3.11)
frame #11: <unknown function> + 0x2101c4 (0x5605059d71c4 in /opt/conda/bin/python3.11)
frame #12: <unknown function> + 0x1d6a11 (0x56050599da11 in /opt/conda/bin/python3.11)
frame #13: <unknown function> + 0x51880b (0x1486ff79980b in /opt/conda/lib/python3.11/site-packages/torch/lib/libtorch_python.so)
frame #14: _PyObject_MakeTpCall + 0x29b (0x56050599d75b in /opt/conda/bin/python3.11)
frame #15: _PyEval_EvalFrameDefault + 0x70a (0x5605059aadda in /opt/conda/bin/python3.11)
frame #16: _PyFunction_Vectorcall + 0x17f (0x5605059cfb4f in /opt/conda/bin/python3.11)
frame #17: _PyEval_EvalFrameDefault + 0x4ae4 (0x5605059af1b4 in /opt/conda/bin/python3.11)
frame #18: _PyFunction_Vectorcall + 0x17f (0x5605059cfb4f in /opt/conda/bin/python3.11)
frame #19: _PyEval_EvalFrameDefault + 0x4ae4 (0x5605059af1b4 in /opt/conda/bin/python3.11)
frame #20: _PyFunction_Vectorcall + 0x17f (0x5605059cfb4f in /opt/conda/bin/python3.11)
frame #21: _PyEval_EvalFrameDefault + 0x4ae4 (0x5605059af1b4 in /opt/conda/bin/python3.11)
frame #22: _PyFunction_Vectorcall + 0x17f (0x5605059cfb4f in /opt/conda/bin/python3.11)
frame #23: _PyObject_FastCallDictTstate + 0x63 (0x5605059a2353 in /opt/conda/bin/python3.11)
frame #24: _PyObject_Call_Prepend + 0x69 (0x5605059d7479 in /opt/conda/bin/python3.11)
frame #25: <unknown function> + 0x2df709 (0x560505aa6709 in /opt/conda/bin/python3.11)
frame #26: PyObject_Call + 0xbe (0x5605059d988e in /opt/conda/bin/python3.11)
frame #27: _PyEval_EvalFrameDefault + 0x4ae4 (0x5605059af1b4 in /opt/conda/bin/python3.11)
frame #28: _PyFunction_Vectorcall + 0x17f (0x5605059cfb4f in /opt/conda/bin/python3.11)
frame #29: _PyEval_EvalFrameDefault + 0x4ae4 (0x5605059af1b4 in /opt/conda/bin/python3.11)
frame #30: <unknown function> + 0x29b01d (0x560505a6201d in /opt/conda/bin/python3.11)
frame #31: PyEval_EvalCode + 0x9f (0x560505a6175f in /opt/conda/bin/python3.11)
frame #32: <unknown function> + 0x2b86ca (0x560505a7f6ca in /opt/conda/bin/python3.11)
frame #33: <unknown function> + 0x2b4353 (0x560505a7b353 in /opt/conda/bin/python3.11)
frame #34: <unknown function> + 0x2c98f0 (0x560505a908f0 in /opt/conda/bin/python3.11)
frame #35: _PyRun_SimpleFileObject + 0x1bc (0x560505a9027c in /opt/conda/bin/python3.11)
frame #36: _PyRun_AnyFileObject + 0x44 (0x560505a90014 in /opt/conda/bin/python3.11)
frame #37: Py_RunMain + 0x383 (0x560505a8a5e3 in /opt/conda/bin/python3.11)
frame #38: Py_BytesMain + 0x37 (0x560505a519d7 in /opt/conda/bin/python3.11)
frame #39: <unknown function> + 0x29d90 (0x148708b78d90 in /lib/x86_64-linux-gnu/libc.so.6)
frame #40: __libc_start_main + 0x80 (0x148708b78e40 in /lib/x86_64-linux-gnu/libc.so.6)
frame #41: <unknown function> + 0x28a88a (0x560505a5188a in /opt/conda/bin/python3.11)

[W1126 19:35:21.665282764 socket.cpp:759] [c10d] The client socket cannot be initialized to connect to [jwb0006.juwels]:30805 (errno: 97 - Address family not supported by protocol).
[W1126 19:35:21.666731280 socket.cpp:759] [c10d] The client socket has failed to connect to jwb0006.juwels:30805 (errno: 113 - No route to host).
[E1126 19:35:21.666741281 socket.cpp:813] [c10d] The client socket has failed to connect to any network address of (10.11.241.16, 30805).
[W1126 19:35:21.666811241 TCPStore.cpp:330] [c10d] TCP client failed to connect/validate to host 10.11.241.16:30805 - retrying (try=17, timeout=900000ms, delay=46010ms): The client socket has failed to connect to any network address of (10.11.241.16, 30805). The client socket has failed to connect to jwb0006.juwels:30805 (errno: 113 - No route to host).
Exception raised from run at /pytorch/torch/csrc/distributed/c10d/socket.cpp:815 (most recent call first):
frame #0: c10::Error::Error(c10::SourceLocation, std::string) + 0x96 (0x1536b956c1b6 in /opt/conda/lib/python3.11/site-packages/torch/lib/libc10.so)
frame #1: <unknown function> + 0x16155eb (0x15369cdda5eb in /opt/conda/lib/python3.11/site-packages/torch/lib/libtorch_cpu.so)
frame #2: <unknown function> + 0x63507f4 (0x1536a1b157f4 in /opt/conda/lib/python3.11/site-packages/torch/lib/libtorch_cpu.so)
frame #3: <unknown function> + 0x630d216 (0x1536a1ad2216 in /opt/conda/lib/python3.11/site-packages/torch/lib/libtorch_cpu.so)
frame #4: c10d::TCPStore::TCPStore(std::string, c10d::TCPStoreOptions const&) + 0x20c (0x1536a1ad514c in /opt/conda/lib/python3.11/site-packages/torch/lib/libtorch_cpu.so)
frame #5: <unknown function> + 0xe486ef (0x1536b16c96ef in /opt/conda/lib/python3.11/site-packages/torch/lib/libtorch_python.so)
frame #6: <unknown function> + 0x51a017 (0x1536b0d9b017 in /opt/conda/lib/python3.11/site-packages/torch/lib/libtorch_python.so)
frame #7: <unknown function> + 0x1f9276 (0x555fd5327276 in /opt/conda/bin/python3.11)
frame #8: _PyObject_MakeTpCall + 0x29b (0x555fd530475b in /opt/conda/bin/python3.11)
frame #9: <unknown function> + 0x227206 (0x555fd5355206 in /opt/conda/bin/python3.11)
frame #10: _PyObject_Call + 0x12b (0x555fd5340b7b in /opt/conda/bin/python3.11)
frame #11: <unknown function> + 0x2101c4 (0x555fd533e1c4 in /opt/conda/bin/python3.11)
frame #12: <unknown function> + 0x1d6a11 (0x555fd5304a11 in /opt/conda/bin/python3.11)
frame #13: <unknown function> + 0x51880b (0x1536b0d9980b in /opt/conda/lib/python3.11/site-packages/torch/lib/libtorch_python.so)
frame #14: _PyObject_MakeTpCall + 0x29b (0x555fd530475b in /opt/conda/bin/python3.11)
frame #15: _PyEval_EvalFrameDefault + 0x70a (0x555fd5311dda in /opt/conda/bin/python3.11)
frame #16: _PyFunction_Vectorcall + 0x17f (0x555fd5336b4f in /opt/conda/bin/python3.11)
frame #17: _PyEval_EvalFrameDefault + 0x4ae4 (0x555fd53161b4 in /opt/conda/bin/python3.11)
frame #18: _PyFunction_Vectorcall + 0x17f (0x555fd5336b4f in /opt/conda/bin/python3.11)
frame #19: _PyEval_EvalFrameDefault + 0x4ae4 (0x555fd53161b4 in /opt/conda/bin/python3.11)
frame #20: _PyFunction_Vectorcall + 0x17f (0x555fd5336b4f in /opt/conda/bin/python3.11)
frame #21: _PyEval_EvalFrameDefault + 0x4ae4 (0x555fd53161b4 in /opt/conda/bin/python3.11)
frame #22: _PyFunction_Vectorcall + 0x17f (0x555fd5336b4f in /opt/conda/bin/python3.11)
frame #23: _PyObject_FastCallDictTstate + 0x63 (0x555fd5309353 in /opt/conda/bin/python3.11)
frame #24: _PyObject_Call_Prepend + 0x69 (0x555fd533e479 in /opt/conda/bin/python3.11)
frame #25: <unknown function> + 0x2df709 (0x555fd540d709 in /opt/conda/bin/python3.11)
frame #26: PyObject_Call + 0xbe (0x555fd534088e in /opt/conda/bin/python3.11)
frame #27: _PyEval_EvalFrameDefault + 0x4ae4 (0x555fd53161b4 in /opt/conda/bin/python3.11)
frame #28: _PyFunction_Vectorcall + 0x17f (0x555fd5336b4f in /opt/conda/bin/python3.11)
frame #29: _PyEval_EvalFrameDefault + 0x4ae4 (0x555fd53161b4 in /opt/conda/bin/python3.11)
frame #30: <unknown function> + 0x29b01d (0x555fd53c901d in /opt/conda/bin/python3.11)
frame #31: PyEval_EvalCode + 0x9f (0x555fd53c875f in /opt/conda/bin/python3.11)
frame #32: <unknown function> + 0x2b86ca (0x555fd53e66ca in /opt/conda/bin/python3.11)
frame #33: <unknown function> + 0x2b4353 (0x555fd53e2353 in /opt/conda/bin/python3.11)
frame #34: <unknown function> + 0x2c98f0 (0x555fd53f78f0 in /opt/conda/bin/python3.11)
frame #35: _PyRun_SimpleFileObject + 0x1bc (0x555fd53f727c in /opt/conda/bin/python3.11)
frame #36: _PyRun_AnyFileObject + 0x44 (0x555fd53f7014 in /opt/conda/bin/python3.11)
frame #37: Py_RunMain + 0x383 (0x555fd53f15e3 in /opt/conda/bin/python3.11)
frame #38: Py_BytesMain + 0x37 (0x555fd53b89d7 in /opt/conda/bin/python3.11)
frame #39: <unknown function> + 0x29d90 (0x1536ba2a5d90 in /lib/x86_64-linux-gnu/libc.so.6)
frame #40: __libc_start_main + 0x80 (0x1536ba2a5e40 in /lib/x86_64-linux-gnu/libc.so.6)
frame #41: <unknown function> + 0x28a88a (0x555fd53b888a in /opt/conda/bin/python3.11)

[W1126 19:35:24.024144834 socket.cpp:759] [c10d] The client socket cannot be initialized to connect to [jwb0006.juwels]:30805 (errno: 97 - Address family not supported by protocol).
[W1126 19:35:24.025143728 socket.cpp:759] [c10d] The client socket has failed to connect to jwb0006.juwels:30805 (errno: 113 - No route to host).
[E1126 19:35:24.025151848 socket.cpp:813] [c10d] The client socket has failed to connect to any network address of (10.11.241.16, 30805).
[W1126 19:35:24.025212298 TCPStore.cpp:330] [c10d] TCP client failed to connect/validate to host 10.11.241.16:30805 - retrying (try=17, timeout=900000ms, delay=51506ms): The client socket has failed to connect to any network address of (10.11.241.16, 30805). The client socket has failed to connect to jwb0006.juwels:30805 (errno: 113 - No route to host).
Exception raised from run at /pytorch/torch/csrc/distributed/c10d/socket.cpp:815 (most recent call first):
frame #0: c10::Error::Error(c10::SourceLocation, std::string) + 0x96 (0x14ee9ff6c1b6 in /opt/conda/lib/python3.11/site-packages/torch/lib/libc10.so)
frame #1: <unknown function> + 0x16155eb (0x14ee837da5eb in /opt/conda/lib/python3.11/site-packages/torch/lib/libtorch_cpu.so)
frame #2: <unknown function> + 0x63507f4 (0x14ee885157f4 in /opt/conda/lib/python3.11/site-packages/torch/lib/libtorch_cpu.so)
frame #3: <unknown function> + 0x630d216 (0x14ee884d2216 in /opt/conda/lib/python3.11/site-packages/torch/lib/libtorch_cpu.so)
frame #4: c10d::TCPStore::TCPStore(std::string, c10d::TCPStoreOptions const&) + 0x20c (0x14ee884d514c in /opt/conda/lib/python3.11/site-packages/torch/lib/libtorch_cpu.so)
frame #5: <unknown function> + 0xe486ef (0x14ee980c96ef in /opt/conda/lib/python3.11/site-packages/torch/lib/libtorch_python.so)
frame #6: <unknown function> + 0x51a017 (0x14ee9779b017 in /opt/conda/lib/python3.11/site-packages/torch/lib/libtorch_python.so)
frame #7: <unknown function> + 0x1f9276 (0x5596ebd77276 in /opt/conda/bin/python3.11)
frame #8: _PyObject_MakeTpCall + 0x29b (0x5596ebd5475b in /opt/conda/bin/python3.11)
frame #9: <unknown function> + 0x227206 (0x5596ebda5206 in /opt/conda/bin/python3.11)
frame #10: _PyObject_Call + 0x12b (0x5596ebd90b7b in /opt/conda/bin/python3.11)
frame #11: <unknown function> + 0x2101c4 (0x5596ebd8e1c4 in /opt/conda/bin/python3.11)
frame #12: <unknown function> + 0x1d6a11 (0x5596ebd54a11 in /opt/conda/bin/python3.11)
frame #13: <unknown function> + 0x51880b (0x14ee9779980b in /opt/conda/lib/python3.11/site-packages/torch/lib/libtorch_python.so)
frame #14: _PyObject_MakeTpCall + 0x29b (0x5596ebd5475b in /opt/conda/bin/python3.11)
frame #15: _PyEval_EvalFrameDefault + 0x70a (0x5596ebd61dda in /opt/conda/bin/python3.11)
frame #16: _PyFunction_Vectorcall + 0x17f (0x5596ebd86b4f in /opt/conda/bin/python3.11)
frame #17: _PyEval_EvalFrameDefault + 0x4ae4 (0x5596ebd661b4 in /opt/conda/bin/python3.11)
frame #18: _PyFunction_Vectorcall + 0x17f (0x5596ebd86b4f in /opt/conda/bin/python3.11)
frame #19: _PyEval_EvalFrameDefault + 0x4ae4 (0x5596ebd661b4 in /opt/conda/bin/python3.11)
frame #20: _PyFunction_Vectorcall + 0x17f (0x5596ebd86b4f in /opt/conda/bin/python3.11)
frame #21: _PyEval_EvalFrameDefault + 0x4ae4 (0x5596ebd661b4 in /opt/conda/bin/python3.11)
frame #22: _PyFunction_Vectorcall + 0x17f (0x5596ebd86b4f in /opt/conda/bin/python3.11)
frame #23: _PyObject_FastCallDictTstate + 0x63 (0x5596ebd59353 in /opt/conda/bin/python3.11)
frame #24: _PyObject_Call_Prepend + 0x69 (0x5596ebd8e479 in /opt/conda/bin/python3.11)
frame #25: <unknown function> + 0x2df709 (0x5596ebe5d709 in /opt/conda/bin/python3.11)
frame #26: PyObject_Call + 0xbe (0x5596ebd9088e in /opt/conda/bin/python3.11)
frame #27: _PyEval_EvalFrameDefault + 0x4ae4 (0x5596ebd661b4 in /opt/conda/bin/python3.11)
frame #28: _PyFunction_Vectorcall + 0x17f (0x5596ebd86b4f in /opt/conda/bin/python3.11)
frame #29: _PyEval_EvalFrameDefault + 0x4ae4 (0x5596ebd661b4 in /opt/conda/bin/python3.11)
frame #30: <unknown function> + 0x29b01d (0x5596ebe1901d in /opt/conda/bin/python3.11)
frame #31: PyEval_EvalCode + 0x9f (0x5596ebe1875f in /opt/conda/bin/python3.11)
frame #32: <unknown function> + 0x2b86ca (0x5596ebe366ca in /opt/conda/bin/python3.11)
frame #33: <unknown function> + 0x2b4353 (0x5596ebe32353 in /opt/conda/bin/python3.11)
frame #34: <unknown function> + 0x2c98f0 (0x5596ebe478f0 in /opt/conda/bin/python3.11)
frame #35: _PyRun_SimpleFileObject + 0x1bc (0x5596ebe4727c in /opt/conda/bin/python3.11)
frame #36: _PyRun_AnyFileObject + 0x44 (0x5596ebe47014 in /opt/conda/bin/python3.11)
frame #37: Py_RunMain + 0x383 (0x5596ebe415e3 in /opt/conda/bin/python3.11)
frame #38: Py_BytesMain + 0x37 (0x5596ebe089d7 in /opt/conda/bin/python3.11)
frame #39: <unknown function> + 0x29d90 (0x14eea0c18d90 in /lib/x86_64-linux-gnu/libc.so.6)
frame #40: __libc_start_main + 0x80 (0x14eea0c18e40 in /lib/x86_64-linux-gnu/libc.so.6)
frame #41: <unknown function> + 0x28a88a (0x5596ebe0888a in /opt/conda/bin/python3.11)

[W1126 19:35:45.764804374 socket.cpp:759] [c10d] The client socket cannot be initialized to connect to [jwb0006.juwels]:30805 (errno: 97 - Address family not supported by protocol).
[W1126 19:35:45.766181040 socket.cpp:759] [c10d] The client socket has failed to connect to jwb0006.juwels:30805 (errno: 113 - No route to host).
[E1126 19:35:45.766192010 socket.cpp:813] [c10d] The client socket has failed to connect to any network address of (10.11.241.16, 30805).
[W1126 19:35:45.766275661 TCPStore.cpp:330] [c10d] TCP client failed to connect/validate to host 10.11.241.16:30805 - retrying (try=20, timeout=900000ms, delay=41243ms): The client socket has failed to connect to any network address of (10.11.241.16, 30805). The client socket has failed to connect to jwb0006.juwels:30805 (errno: 113 - No route to host).
Exception raised from run at /pytorch/torch/csrc/distributed/c10d/socket.cpp:815 (most recent call first):
frame #0: c10::Error::Error(c10::SourceLocation, std::string) + 0x96 (0x150873d6c1b6 in /opt/conda/lib/python3.11/site-packages/torch/lib/libc10.so)
frame #1: <unknown function> + 0x16155eb (0x1508579da5eb in /opt/conda/lib/python3.11/site-packages/torch/lib/libtorch_cpu.so)
frame #2: <unknown function> + 0x63507f4 (0x15085c7157f4 in /opt/conda/lib/python3.11/site-packages/torch/lib/libtorch_cpu.so)
frame #3: <unknown function> + 0x630d216 (0x15085c6d2216 in /opt/conda/lib/python3.11/site-packages/torch/lib/libtorch_cpu.so)
frame #4: c10d::TCPStore::TCPStore(std::string, c10d::TCPStoreOptions const&) + 0x20c (0x15085c6d514c in /opt/conda/lib/python3.11/site-packages/torch/lib/libtorch_cpu.so)
frame #5: <unknown function> + 0xe486ef (0x15086c2c96ef in /opt/conda/lib/python3.11/site-packages/torch/lib/libtorch_python.so)
frame #6: <unknown function> + 0x51a017 (0x15086b99b017 in /opt/conda/lib/python3.11/site-packages/torch/lib/libtorch_python.so)
frame #7: <unknown function> + 0x1f9276 (0x561064099276 in /opt/conda/bin/python3.11)
frame #8: _PyObject_MakeTpCall + 0x29b (0x56106407675b in /opt/conda/bin/python3.11)
frame #9: <unknown function> + 0x227206 (0x5610640c7206 in /opt/conda/bin/python3.11)
frame #10: _PyObject_Call + 0x12b (0x5610640b2b7b in /opt/conda/bin/python3.11)
frame #11: <unknown function> + 0x2101c4 (0x5610640b01c4 in /opt/conda/bin/python3.11)
frame #12: <unknown function> + 0x1d6a11 (0x561064076a11 in /opt/conda/bin/python3.11)
frame #13: <unknown function> + 0x51880b (0x15086b99980b in /opt/conda/lib/python3.11/site-packages/torch/lib/libtorch_python.so)
frame #14: _PyObject_MakeTpCall + 0x29b (0x56106407675b in /opt/conda/bin/python3.11)
frame #15: _PyEval_EvalFrameDefault + 0x70a (0x561064083dda in /opt/conda/bin/python3.11)
frame #16: _PyFunction_Vectorcall + 0x17f (0x5610640a8b4f in /opt/conda/bin/python3.11)
frame #17: _PyEval_EvalFrameDefault + 0x4ae4 (0x5610640881b4 in /opt/conda/bin/python3.11)
frame #18: _PyFunction_Vectorcall + 0x17f (0x5610640a8b4f in /opt/conda/bin/python3.11)
frame #19: _PyEval_EvalFrameDefault + 0x4ae4 (0x5610640881b4 in /opt/conda/bin/python3.11)
frame #20: _PyFunction_Vectorcall + 0x17f (0x5610640a8b4f in /opt/conda/bin/python3.11)
frame #21: _PyEval_EvalFrameDefault + 0x4ae4 (0x5610640881b4 in /opt/conda/bin/python3.11)
frame #22: _PyFunction_Vectorcall + 0x17f (0x5610640a8b4f in /opt/conda/bin/python3.11)
frame #23: _PyObject_FastCallDictTstate + 0x63 (0x56106407b353 in /opt/conda/bin/python3.11)
frame #24: _PyObject_Call_Prepend + 0x69 (0x5610640b0479 in /opt/conda/bin/python3.11)
frame #25: <unknown function> + 0x2df709 (0x56106417f709 in /opt/conda/bin/python3.11)
frame #26: PyObject_Call + 0xbe (0x5610640b288e in /opt/conda/bin/python3.11)
frame #27: _PyEval_EvalFrameDefault + 0x4ae4 (0x5610640881b4 in /opt/conda/bin/python3.11)
frame #28: _PyFunction_Vectorcall + 0x17f (0x5610640a8b4f in /opt/conda/bin/python3.11)
frame #29: _PyEval_EvalFrameDefault + 0x4ae4 (0x5610640881b4 in /opt/conda/bin/python3.11)
frame #30: <unknown function> + 0x29b01d (0x56106413b01d in /opt/conda/bin/python3.11)
frame #31: PyEval_EvalCode + 0x9f (0x56106413a75f in /opt/conda/bin/python3.11)
frame #32: <unknown function> + 0x2b86ca (0x5610641586ca in /opt/conda/bin/python3.11)
frame #33: <unknown function> + 0x2b4353 (0x561064154353 in /opt/conda/bin/python3.11)
frame #34: <unknown function> + 0x2c98f0 (0x5610641698f0 in /opt/conda/bin/python3.11)
frame #35: _PyRun_SimpleFileObject + 0x1bc (0x56106416927c in /opt/conda/bin/python3.11)
frame #36: _PyRun_AnyFileObject + 0x44 (0x561064169014 in /opt/conda/bin/python3.11)
frame #37: Py_RunMain + 0x383 (0x5610641635e3 in /opt/conda/bin/python3.11)
frame #38: Py_BytesMain + 0x37 (0x56106412a9d7 in /opt/conda/bin/python3.11)
frame #39: <unknown function> + 0x29d90 (0x150874d40d90 in /lib/x86_64-linux-gnu/libc.so.6)
frame #40: __libc_start_main + 0x80 (0x150874d40e40 in /lib/x86_64-linux-gnu/libc.so.6)
frame #41: <unknown function> + 0x28a88a (0x56106412a88a in /opt/conda/bin/python3.11)

[W1126 19:36:07.683203975 socket.cpp:759] [c10d] The client socket cannot be initialized to connect to [jwb0006.juwels]:30805 (errno: 97 - Address family not supported by protocol).
[W1126 19:36:07.684184769 socket.cpp:759] [c10d] The client socket has failed to connect to jwb0006.juwels:30805 (errno: 113 - No route to host).
[E1126 19:36:07.684194019 socket.cpp:813] [c10d] The client socket has failed to connect to any network address of (10.11.241.16, 30805).
[W1126 19:36:07.684267820 TCPStore.cpp:330] [c10d] TCP client failed to connect/validate to host 10.11.241.16:30805 - retrying (try=18, timeout=900000ms, delay=73191ms): The client socket has failed to connect to any network address of (10.11.241.16, 30805). The client socket has failed to connect to jwb0006.juwels:30805 (errno: 113 - No route to host).
Exception raised from run at /pytorch/torch/csrc/distributed/c10d/socket.cpp:815 (most recent call first):
frame #0: c10::Error::Error(c10::SourceLocation, std::string) + 0x96 (0x1536b956c1b6 in /opt/conda/lib/python3.11/site-packages/torch/lib/libc10.so)
frame #1: <unknown function> + 0x16155eb (0x15369cdda5eb in /opt/conda/lib/python3.11/site-packages/torch/lib/libtorch_cpu.so)
frame #2: <unknown function> + 0x63507f4 (0x1536a1b157f4 in /opt/conda/lib/python3.11/site-packages/torch/lib/libtorch_cpu.so)
frame #3: <unknown function> + 0x630d216 (0x1536a1ad2216 in /opt/conda/lib/python3.11/site-packages/torch/lib/libtorch_cpu.so)
frame #4: c10d::TCPStore::TCPStore(std::string, c10d::TCPStoreOptions const&) + 0x20c (0x1536a1ad514c in /opt/conda/lib/python3.11/site-packages/torch/lib/libtorch_cpu.so)
frame #5: <unknown function> + 0xe486ef (0x1536b16c96ef in /opt/conda/lib/python3.11/site-packages/torch/lib/libtorch_python.so)
frame #6: <unknown function> + 0x51a017 (0x1536b0d9b017 in /opt/conda/lib/python3.11/site-packages/torch/lib/libtorch_python.so)
frame #7: <unknown function> + 0x1f9276 (0x555fd5327276 in /opt/conda/bin/python3.11)
frame #8: _PyObject_MakeTpCall + 0x29b (0x555fd530475b in /opt/conda/bin/python3.11)
frame #9: <unknown function> + 0x227206 (0x555fd5355206 in /opt/conda/bin/python3.11)
frame #10: _PyObject_Call + 0x12b (0x555fd5340b7b in /opt/conda/bin/python3.11)
frame #11: <unknown function> + 0x2101c4 (0x555fd533e1c4 in /opt/conda/bin/python3.11)
frame #12: <unknown function> + 0x1d6a11 (0x555fd5304a11 in /opt/conda/bin/python3.11)
frame #13: <unknown function> + 0x51880b (0x1536b0d9980b in /opt/conda/lib/python3.11/site-packages/torch/lib/libtorch_python.so)
frame #14: _PyObject_MakeTpCall + 0x29b (0x555fd530475b in /opt/conda/bin/python3.11)
frame #15: _PyEval_EvalFrameDefault + 0x70a (0x555fd5311dda in /opt/conda/bin/python3.11)
frame #16: _PyFunction_Vectorcall + 0x17f (0x555fd5336b4f in /opt/conda/bin/python3.11)
frame #17: _PyEval_EvalFrameDefault + 0x4ae4 (0x555fd53161b4 in /opt/conda/bin/python3.11)
frame #18: _PyFunction_Vectorcall + 0x17f (0x555fd5336b4f in /opt/conda/bin/python3.11)
frame #19: _PyEval_EvalFrameDefault + 0x4ae4 (0x555fd53161b4 in /opt/conda/bin/python3.11)
frame #20: _PyFunction_Vectorcall + 0x17f (0x555fd5336b4f in /opt/conda/bin/python3.11)
frame #21: _PyEval_EvalFrameDefault + 0x4ae4 (0x555fd53161b4 in /opt/conda/bin/python3.11)
frame #22: _PyFunction_Vectorcall + 0x17f (0x555fd5336b4f in /opt/conda/bin/python3.11)
frame #23: _PyObject_FastCallDictTstate + 0x63 (0x555fd5309353 in /opt/conda/bin/python3.11)
frame #24: _PyObject_Call_Prepend + 0x69 (0x555fd533e479 in /opt/conda/bin/python3.11)
frame #25: <unknown function> + 0x2df709 (0x555fd540d709 in /opt/conda/bin/python3.11)
frame #26: PyObject_Call + 0xbe (0x555fd534088e in /opt/conda/bin/python3.11)
frame #27: _PyEval_EvalFrameDefault + 0x4ae4 (0x555fd53161b4 in /opt/conda/bin/python3.11)
frame #28: _PyFunction_Vectorcall + 0x17f (0x555fd5336b4f in /opt/conda/bin/python3.11)
frame #29: _PyEval_EvalFrameDefault + 0x4ae4 (0x555fd53161b4 in /opt/conda/bin/python3.11)
frame #30: <unknown function> + 0x29b01d (0x555fd53c901d in /opt/conda/bin/python3.11)
frame #31: PyEval_EvalCode + 0x9f (0x555fd53c875f in /opt/conda/bin/python3.11)
frame #32: <unknown function> + 0x2b86ca (0x555fd53e66ca in /opt/conda/bin/python3.11)
frame #33: <unknown function> + 0x2b4353 (0x555fd53e2353 in /opt/conda/bin/python3.11)
frame #34: <unknown function> + 0x2c98f0 (0x555fd53f78f0 in /opt/conda/bin/python3.11)
frame #35: _PyRun_SimpleFileObject + 0x1bc (0x555fd53f727c in /opt/conda/bin/python3.11)
frame #36: _PyRun_AnyFileObject + 0x44 (0x555fd53f7014 in /opt/conda/bin/python3.11)
frame #37: Py_RunMain + 0x383 (0x555fd53f15e3 in /opt/conda/bin/python3.11)
frame #38: Py_BytesMain + 0x37 (0x555fd53b89d7 in /opt/conda/bin/python3.11)
frame #39: <unknown function> + 0x29d90 (0x1536ba2a5d90 in /lib/x86_64-linux-gnu/libc.so.6)
frame #40: __libc_start_main + 0x80 (0x1536ba2a5e40 in /lib/x86_64-linux-gnu/libc.so.6)
frame #41: <unknown function> + 0x28a88a (0x555fd53b888a in /opt/conda/bin/python3.11)

[W1126 19:36:13.190878788 socket.cpp:759] [c10d] The client socket cannot be initialized to connect to [jwb0006.juwels]:30805 (errno: 97 - Address family not supported by protocol).
[W1126 19:36:13.192237720 socket.cpp:759] [c10d] The client socket has failed to connect to jwb0006.juwels:30805 (errno: 113 - No route to host).
[E1126 19:36:13.192248260 socket.cpp:813] [c10d] The client socket has failed to connect to any network address of (10.11.241.16, 30805).
[W1126 19:36:13.192332010 TCPStore.cpp:330] [c10d] TCP client failed to connect/validate to host 10.11.241.16:30805 - retrying (try=18, timeout=900000ms, delay=84773ms): The client socket has failed to connect to any network address of (10.11.241.16, 30805). The client socket has failed to connect to jwb0006.juwels:30805 (errno: 113 - No route to host).
Exception raised from run at /pytorch/torch/csrc/distributed/c10d/socket.cpp:815 (most recent call first):
frame #0: c10::Error::Error(c10::SourceLocation, std::string) + 0x96 (0x148707b6c1b6 in /opt/conda/lib/python3.11/site-packages/torch/lib/libc10.so)
frame #1: <unknown function> + 0x16155eb (0x1486eb7da5eb in /opt/conda/lib/python3.11/site-packages/torch/lib/libtorch_cpu.so)
frame #2: <unknown function> + 0x63507f4 (0x1486f05157f4 in /opt/conda/lib/python3.11/site-packages/torch/lib/libtorch_cpu.so)
frame #3: <unknown function> + 0x630d216 (0x1486f04d2216 in /opt/conda/lib/python3.11/site-packages/torch/lib/libtorch_cpu.so)
frame #4: c10d::TCPStore::TCPStore(std::string, c10d::TCPStoreOptions const&) + 0x20c (0x1486f04d514c in /opt/conda/lib/python3.11/site-packages/torch/lib/libtorch_cpu.so)
frame #5: <unknown function> + 0xe486ef (0x1487000c96ef in /opt/conda/lib/python3.11/site-packages/torch/lib/libtorch_python.so)
frame #6: <unknown function> + 0x51a017 (0x1486ff79b017 in /opt/conda/lib/python3.11/site-packages/torch/lib/libtorch_python.so)
frame #7: <unknown function> + 0x1f9276 (0x5605059c0276 in /opt/conda/bin/python3.11)
frame #8: _PyObject_MakeTpCall + 0x29b (0x56050599d75b in /opt/conda/bin/python3.11)
frame #9: <unknown function> + 0x227206 (0x5605059ee206 in /opt/conda/bin/python3.11)
frame #10: _PyObject_Call + 0x12b (0x5605059d9b7b in /opt/conda/bin/python3.11)
frame #11: <unknown function> + 0x2101c4 (0x5605059d71c4 in /opt/conda/bin/python3.11)
frame #12: <unknown function> + 0x1d6a11 (0x56050599da11 in /opt/conda/bin/python3.11)
frame #13: <unknown function> + 0x51880b (0x1486ff79980b in /opt/conda/lib/python3.11/site-packages/torch/lib/libtorch_python.so)
frame #14: _PyObject_MakeTpCall + 0x29b (0x56050599d75b in /opt/conda/bin/python3.11)
frame #15: _PyEval_EvalFrameDefault + 0x70a (0x5605059aadda in /opt/conda/bin/python3.11)
frame #16: _PyFunction_Vectorcall + 0x17f (0x5605059cfb4f in /opt/conda/bin/python3.11)
frame #17: _PyEval_EvalFrameDefault + 0x4ae4 (0x5605059af1b4 in /opt/conda/bin/python3.11)
frame #18: _PyFunction_Vectorcall + 0x17f (0x5605059cfb4f in /opt/conda/bin/python3.11)
frame #19: _PyEval_EvalFrameDefault + 0x4ae4 (0x5605059af1b4 in /opt/conda/bin/python3.11)
frame #20: _PyFunction_Vectorcall + 0x17f (0x5605059cfb4f in /opt/conda/bin/python3.11)
frame #21: _PyEval_EvalFrameDefault + 0x4ae4 (0x5605059af1b4 in /opt/conda/bin/python3.11)
frame #22: _PyFunction_Vectorcall + 0x17f (0x5605059cfb4f in /opt/conda/bin/python3.11)
frame #23: _PyObject_FastCallDictTstate + 0x63 (0x5605059a2353 in /opt/conda/bin/python3.11)
frame #24: _PyObject_Call_Prepend + 0x69 (0x5605059d7479 in /opt/conda/bin/python3.11)
frame #25: <unknown function> + 0x2df709 (0x560505aa6709 in /opt/conda/bin/python3.11)
frame #26: PyObject_Call + 0xbe (0x5605059d988e in /opt/conda/bin/python3.11)
frame #27: _PyEval_EvalFrameDefault + 0x4ae4 (0x5605059af1b4 in /opt/conda/bin/python3.11)
frame #28: _PyFunction_Vectorcall + 0x17f (0x5605059cfb4f in /opt/conda/bin/python3.11)
frame #29: _PyEval_EvalFrameDefault + 0x4ae4 (0x5605059af1b4 in /opt/conda/bin/python3.11)
frame #30: <unknown function> + 0x29b01d (0x560505a6201d in /opt/conda/bin/python3.11)
frame #31: PyEval_EvalCode + 0x9f (0x560505a6175f in /opt/conda/bin/python3.11)
frame #32: <unknown function> + 0x2b86ca (0x560505a7f6ca in /opt/conda/bin/python3.11)
frame #33: <unknown function> + 0x2b4353 (0x560505a7b353 in /opt/conda/bin/python3.11)
frame #34: <unknown function> + 0x2c98f0 (0x560505a908f0 in /opt/conda/bin/python3.11)
frame #35: _PyRun_SimpleFileObject + 0x1bc (0x560505a9027c in /opt/conda/bin/python3.11)
frame #36: _PyRun_AnyFileObject + 0x44 (0x560505a90014 in /opt/conda/bin/python3.11)
frame #37: Py_RunMain + 0x383 (0x560505a8a5e3 in /opt/conda/bin/python3.11)
frame #38: Py_BytesMain + 0x37 (0x560505a519d7 in /opt/conda/bin/python3.11)
frame #39: <unknown function> + 0x29d90 (0x148708b78d90 in /lib/x86_64-linux-gnu/libc.so.6)
frame #40: __libc_start_main + 0x80 (0x148708b78e40 in /lib/x86_64-linux-gnu/libc.so.6)
frame #41: <unknown function> + 0x28a88a (0x560505a5188a in /opt/conda/bin/python3.11)

[W1126 19:36:16.537698177 socket.cpp:759] [c10d] The client socket cannot be initialized to connect to [jwb0006.juwels]:30805 (errno: 97 - Address family not supported by protocol).
[W1126 19:36:16.538977753 socket.cpp:759] [c10d] The client socket has failed to connect to jwb0006.juwels:30805 (errno: 113 - No route to host).
[E1126 19:36:16.538985963 socket.cpp:813] [c10d] The client socket has failed to connect to any network address of (10.11.241.16, 30805).
[W1126 19:36:16.539071903 TCPStore.cpp:330] [c10d] TCP client failed to connect/validate to host 10.11.241.16:30805 - retrying (try=18, timeout=900000ms, delay=60711ms): The client socket has failed to connect to any network address of (10.11.241.16, 30805). The client socket has failed to connect to jwb0006.juwels:30805 (errno: 113 - No route to host).
Exception raised from run at /pytorch/torch/csrc/distributed/c10d/socket.cpp:815 (most recent call first):
frame #0: c10::Error::Error(c10::SourceLocation, std::string) + 0x96 (0x14ee9ff6c1b6 in /opt/conda/lib/python3.11/site-packages/torch/lib/libc10.so)
frame #1: <unknown function> + 0x16155eb (0x14ee837da5eb in /opt/conda/lib/python3.11/site-packages/torch/lib/libtorch_cpu.so)
frame #2: <unknown function> + 0x63507f4 (0x14ee885157f4 in /opt/conda/lib/python3.11/site-packages/torch/lib/libtorch_cpu.so)
frame #3: <unknown function> + 0x630d216 (0x14ee884d2216 in /opt/conda/lib/python3.11/site-packages/torch/lib/libtorch_cpu.so)
frame #4: c10d::TCPStore::TCPStore(std::string, c10d::TCPStoreOptions const&) + 0x20c (0x14ee884d514c in /opt/conda/lib/python3.11/site-packages/torch/lib/libtorch_cpu.so)
frame #5: <unknown function> + 0xe486ef (0x14ee980c96ef in /opt/conda/lib/python3.11/site-packages/torch/lib/libtorch_python.so)
frame #6: <unknown function> + 0x51a017 (0x14ee9779b017 in /opt/conda/lib/python3.11/site-packages/torch/lib/libtorch_python.so)
frame #7: <unknown function> + 0x1f9276 (0x5596ebd77276 in /opt/conda/bin/python3.11)
frame #8: _PyObject_MakeTpCall + 0x29b (0x5596ebd5475b in /opt/conda/bin/python3.11)
frame #9: <unknown function> + 0x227206 (0x5596ebda5206 in /opt/conda/bin/python3.11)
frame #10: _PyObject_Call + 0x12b (0x5596ebd90b7b in /opt/conda/bin/python3.11)
frame #11: <unknown function> + 0x2101c4 (0x5596ebd8e1c4 in /opt/conda/bin/python3.11)
frame #12: <unknown function> + 0x1d6a11 (0x5596ebd54a11 in /opt/conda/bin/python3.11)
frame #13: <unknown function> + 0x51880b (0x14ee9779980b in /opt/conda/lib/python3.11/site-packages/torch/lib/libtorch_python.so)
frame #14: _PyObject_MakeTpCall + 0x29b (0x5596ebd5475b in /opt/conda/bin/python3.11)
frame #15: _PyEval_EvalFrameDefault + 0x70a (0x5596ebd61dda in /opt/conda/bin/python3.11)
frame #16: _PyFunction_Vectorcall + 0x17f (0x5596ebd86b4f in /opt/conda/bin/python3.11)
frame #17: _PyEval_EvalFrameDefault + 0x4ae4 (0x5596ebd661b4 in /opt/conda/bin/python3.11)
frame #18: _PyFunction_Vectorcall + 0x17f (0x5596ebd86b4f in /opt/conda/bin/python3.11)
frame #19: _PyEval_EvalFrameDefault + 0x4ae4 (0x5596ebd661b4 in /opt/conda/bin/python3.11)
frame #20: _PyFunction_Vectorcall + 0x17f (0x5596ebd86b4f in /opt/conda/bin/python3.11)
frame #21: _PyEval_EvalFrameDefault + 0x4ae4 (0x5596ebd661b4 in /opt/conda/bin/python3.11)
frame #22: _PyFunction_Vectorcall + 0x17f (0x5596ebd86b4f in /opt/conda/bin/python3.11)
frame #23: _PyObject_FastCallDictTstate + 0x63 (0x5596ebd59353 in /opt/conda/bin/python3.11)
frame #24: _PyObject_Call_Prepend + 0x69 (0x5596ebd8e479 in /opt/conda/bin/python3.11)
frame #25: <unknown function> + 0x2df709 (0x5596ebe5d709 in /opt/conda/bin/python3.11)
frame #26: PyObject_Call + 0xbe (0x5596ebd9088e in /opt/conda/bin/python3.11)
frame #27: _PyEval_EvalFrameDefault + 0x4ae4 (0x5596ebd661b4 in /opt/conda/bin/python3.11)
frame #28: _PyFunction_Vectorcall + 0x17f (0x5596ebd86b4f in /opt/conda/bin/python3.11)
frame #29: _PyEval_EvalFrameDefault + 0x4ae4 (0x5596ebd661b4 in /opt/conda/bin/python3.11)
frame #30: <unknown function> + 0x29b01d (0x5596ebe1901d in /opt/conda/bin/python3.11)
frame #31: PyEval_EvalCode + 0x9f (0x5596ebe1875f in /opt/conda/bin/python3.11)
frame #32: <unknown function> + 0x2b86ca (0x5596ebe366ca in /opt/conda/bin/python3.11)
frame #33: <unknown function> + 0x2b4353 (0x5596ebe32353 in /opt/conda/bin/python3.11)
frame #34: <unknown function> + 0x2c98f0 (0x5596ebe478f0 in /opt/conda/bin/python3.11)
frame #35: _PyRun_SimpleFileObject + 0x1bc (0x5596ebe4727c in /opt/conda/bin/python3.11)
frame #36: _PyRun_AnyFileObject + 0x44 (0x5596ebe47014 in /opt/conda/bin/python3.11)
frame #37: Py_RunMain + 0x383 (0x5596ebe415e3 in /opt/conda/bin/python3.11)
frame #38: Py_BytesMain + 0x37 (0x5596ebe089d7 in /opt/conda/bin/python3.11)
frame #39: <unknown function> + 0x29d90 (0x14eea0c18d90 in /lib/x86_64-linux-gnu/libc.so.6)
frame #40: __libc_start_main + 0x80 (0x14eea0c18e40 in /lib/x86_64-linux-gnu/libc.so.6)
frame #41: <unknown function> + 0x28a88a (0x5596ebe0888a in /opt/conda/bin/python3.11)

[W1126 19:36:26.016128064 socket.cpp:759] [c10d] The client socket cannot be initialized to connect to [jwb0006.juwels]:30805 (errno: 97 - Address family not supported by protocol).
[W1126 19:36:26.017089555 socket.cpp:759] [c10d] The client socket has failed to connect to jwb0006.juwels:30805 (errno: 113 - No route to host).
[E1126 19:36:26.017097715 socket.cpp:813] [c10d] The client socket has failed to connect to any network address of (10.11.241.16, 30805).
[W1126 19:36:26.017178626 TCPStore.cpp:330] [c10d] TCP client failed to connect/validate to host 10.11.241.16:30805 - retrying (try=21, timeout=900000ms, delay=68035ms): The client socket has failed to connect to any network address of (10.11.241.16, 30805). The client socket has failed to connect to jwb0006.juwels:30805 (errno: 113 - No route to host).
Exception raised from run at /pytorch/torch/csrc/distributed/c10d/socket.cpp:815 (most recent call first):
frame #0: c10::Error::Error(c10::SourceLocation, std::string) + 0x96 (0x150873d6c1b6 in /opt/conda/lib/python3.11/site-packages/torch/lib/libc10.so)
frame #1: <unknown function> + 0x16155eb (0x1508579da5eb in /opt/conda/lib/python3.11/site-packages/torch/lib/libtorch_cpu.so)
frame #2: <unknown function> + 0x63507f4 (0x15085c7157f4 in /opt/conda/lib/python3.11/site-packages/torch/lib/libtorch_cpu.so)
frame #3: <unknown function> + 0x630d216 (0x15085c6d2216 in /opt/conda/lib/python3.11/site-packages/torch/lib/libtorch_cpu.so)
frame #4: c10d::TCPStore::TCPStore(std::string, c10d::TCPStoreOptions const&) + 0x20c (0x15085c6d514c in /opt/conda/lib/python3.11/site-packages/torch/lib/libtorch_cpu.so)
frame #5: <unknown function> + 0xe486ef (0x15086c2c96ef in /opt/conda/lib/python3.11/site-packages/torch/lib/libtorch_python.so)
frame #6: <unknown function> + 0x51a017 (0x15086b99b017 in /opt/conda/lib/python3.11/site-packages/torch/lib/libtorch_python.so)
frame #7: <unknown function> + 0x1f9276 (0x561064099276 in /opt/conda/bin/python3.11)
frame #8: _PyObject_MakeTpCall + 0x29b (0x56106407675b in /opt/conda/bin/python3.11)
frame #9: <unknown function> + 0x227206 (0x5610640c7206 in /opt/conda/bin/python3.11)
frame #10: _PyObject_Call + 0x12b (0x5610640b2b7b in /opt/conda/bin/python3.11)
frame #11: <unknown function> + 0x2101c4 (0x5610640b01c4 in /opt/conda/bin/python3.11)
frame #12: <unknown function> + 0x1d6a11 (0x561064076a11 in /opt/conda/bin/python3.11)
frame #13: <unknown function> + 0x51880b (0x15086b99980b in /opt/conda/lib/python3.11/site-packages/torch/lib/libtorch_python.so)
frame #14: _PyObject_MakeTpCall + 0x29b (0x56106407675b in /opt/conda/bin/python3.11)
frame #15: _PyEval_EvalFrameDefault + 0x70a (0x561064083dda in /opt/conda/bin/python3.11)
frame #16: _PyFunction_Vectorcall + 0x17f (0x5610640a8b4f in /opt/conda/bin/python3.11)
frame #17: _PyEval_EvalFrameDefault + 0x4ae4 (0x5610640881b4 in /opt/conda/bin/python3.11)
frame #18: _PyFunction_Vectorcall + 0x17f (0x5610640a8b4f in /opt/conda/bin/python3.11)
frame #19: _PyEval_EvalFrameDefault + 0x4ae4 (0x5610640881b4 in /opt/conda/bin/python3.11)
frame #20: _PyFunction_Vectorcall + 0x17f (0x5610640a8b4f in /opt/conda/bin/python3.11)
frame #21: _PyEval_EvalFrameDefault + 0x4ae4 (0x5610640881b4 in /opt/conda/bin/python3.11)
frame #22: _PyFunction_Vectorcall + 0x17f (0x5610640a8b4f in /opt/conda/bin/python3.11)
frame #23: _PyObject_FastCallDictTstate + 0x63 (0x56106407b353 in /opt/conda/bin/python3.11)
frame #24: _PyObject_Call_Prepend + 0x69 (0x5610640b0479 in /opt/conda/bin/python3.11)
frame #25: <unknown function> + 0x2df709 (0x56106417f709 in /opt/conda/bin/python3.11)
frame #26: PyObject_Call + 0xbe (0x5610640b288e in /opt/conda/bin/python3.11)
frame #27: _PyEval_EvalFrameDefault + 0x4ae4 (0x5610640881b4 in /opt/conda/bin/python3.11)
frame #28: _PyFunction_Vectorcall + 0x17f (0x5610640a8b4f in /opt/conda/bin/python3.11)
frame #29: _PyEval_EvalFrameDefault + 0x4ae4 (0x5610640881b4 in /opt/conda/bin/python3.11)
frame #30: <unknown function> + 0x29b01d (0x56106413b01d in /opt/conda/bin/python3.11)
frame #31: PyEval_EvalCode + 0x9f (0x56106413a75f in /opt/conda/bin/python3.11)
frame #32: <unknown function> + 0x2b86ca (0x5610641586ca in /opt/conda/bin/python3.11)
frame #33: <unknown function> + 0x2b4353 (0x561064154353 in /opt/conda/bin/python3.11)
frame #34: <unknown function> + 0x2c98f0 (0x5610641698f0 in /opt/conda/bin/python3.11)
frame #35: _PyRun_SimpleFileObject + 0x1bc (0x56106416927c in /opt/conda/bin/python3.11)
frame #36: _PyRun_AnyFileObject + 0x44 (0x561064169014 in /opt/conda/bin/python3.11)
frame #37: Py_RunMain + 0x383 (0x5610641635e3 in /opt/conda/bin/python3.11)
frame #38: Py_BytesMain + 0x37 (0x56106412a9d7 in /opt/conda/bin/python3.11)
frame #39: <unknown function> + 0x29d90 (0x150874d40d90 in /lib/x86_64-linux-gnu/libc.so.6)
frame #40: __libc_start_main + 0x80 (0x150874d40e40 in /lib/x86_64-linux-gnu/libc.so.6)
frame #41: <unknown function> + 0x28a88a (0x56106412a88a in /opt/conda/bin/python3.11)

[W1126 19:37:17.256848560 socket.cpp:759] [c10d] The client socket cannot be initialized to connect to [jwb0006.juwels]:30805 (errno: 97 - Address family not supported by protocol).
[W1126 19:37:17.258091705 socket.cpp:759] [c10d] The client socket has failed to connect to jwb0006.juwels:30805 (errno: 113 - No route to host).
[E1126 19:37:17.258099735 socket.cpp:813] [c10d] The client socket has failed to connect to any network address of (10.11.241.16, 30805).
[W1126 19:37:17.258163556 TCPStore.cpp:330] [c10d] TCP client failed to connect/validate to host 10.11.241.16:30805 - retrying (try=19, timeout=900000ms, delay=35299ms): The client socket has failed to connect to any network address of (10.11.241.16, 30805). The client socket has failed to connect to jwb0006.juwels:30805 (errno: 113 - No route to host).
Exception raised from run at /pytorch/torch/csrc/distributed/c10d/socket.cpp:815 (most recent call first):
frame #0: c10::Error::Error(c10::SourceLocation, std::string) + 0x96 (0x14ee9ff6c1b6 in /opt/conda/lib/python3.11/site-packages/torch/lib/libc10.so)
frame #1: <unknown function> + 0x16155eb (0x14ee837da5eb in /opt/conda/lib/python3.11/site-packages/torch/lib/libtorch_cpu.so)
frame #2: <unknown function> + 0x63507f4 (0x14ee885157f4 in /opt/conda/lib/python3.11/site-packages/torch/lib/libtorch_cpu.so)
frame #3: <unknown function> + 0x630d216 (0x14ee884d2216 in /opt/conda/lib/python3.11/site-packages/torch/lib/libtorch_cpu.so)
frame #4: c10d::TCPStore::TCPStore(std::string, c10d::TCPStoreOptions const&) + 0x20c (0x14ee884d514c in /opt/conda/lib/python3.11/site-packages/torch/lib/libtorch_cpu.so)
frame #5: <unknown function> + 0xe486ef (0x14ee980c96ef in /opt/conda/lib/python3.11/site-packages/torch/lib/libtorch_python.so)
frame #6: <unknown function> + 0x51a017 (0x14ee9779b017 in /opt/conda/lib/python3.11/site-packages/torch/lib/libtorch_python.so)
frame #7: <unknown function> + 0x1f9276 (0x5596ebd77276 in /opt/conda/bin/python3.11)
frame #8: _PyObject_MakeTpCall + 0x29b (0x5596ebd5475b in /opt/conda/bin/python3.11)
frame #9: <unknown function> + 0x227206 (0x5596ebda5206 in /opt/conda/bin/python3.11)
frame #10: _PyObject_Call + 0x12b (0x5596ebd90b7b in /opt/conda/bin/python3.11)
frame #11: <unknown function> + 0x2101c4 (0x5596ebd8e1c4 in /opt/conda/bin/python3.11)
frame #12: <unknown function> + 0x1d6a11 (0x5596ebd54a11 in /opt/conda/bin/python3.11)
frame #13: <unknown function> + 0x51880b (0x14ee9779980b in /opt/conda/lib/python3.11/site-packages/torch/lib/libtorch_python.so)
frame #14: _PyObject_MakeTpCall + 0x29b (0x5596ebd5475b in /opt/conda/bin/python3.11)
frame #15: _PyEval_EvalFrameDefault + 0x70a (0x5596ebd61dda in /opt/conda/bin/python3.11)
frame #16: _PyFunction_Vectorcall + 0x17f (0x5596ebd86b4f in /opt/conda/bin/python3.11)
frame #17: _PyEval_EvalFrameDefault + 0x4ae4 (0x5596ebd661b4 in /opt/conda/bin/python3.11)
frame #18: _PyFunction_Vectorcall + 0x17f (0x5596ebd86b4f in /opt/conda/bin/python3.11)
frame #19: _PyEval_EvalFrameDefault + 0x4ae4 (0x5596ebd661b4 in /opt/conda/bin/python3.11)
frame #20: _PyFunction_Vectorcall + 0x17f (0x5596ebd86b4f in /opt/conda/bin/python3.11)
frame #21: _PyEval_EvalFrameDefault + 0x4ae4 (0x5596ebd661b4 in /opt/conda/bin/python3.11)
frame #22: _PyFunction_Vectorcall + 0x17f (0x5596ebd86b4f in /opt/conda/bin/python3.11)
frame #23: _PyObject_FastCallDictTstate + 0x63 (0x5596ebd59353 in /opt/conda/bin/python3.11)
frame #24: _PyObject_Call_Prepend + 0x69 (0x5596ebd8e479 in /opt/conda/bin/python3.11)
frame #25: <unknown function> + 0x2df709 (0x5596ebe5d709 in /opt/conda/bin/python3.11)
frame #26: PyObject_Call + 0xbe (0x5596ebd9088e in /opt/conda/bin/python3.11)
frame #27: _PyEval_EvalFrameDefault + 0x4ae4 (0x5596ebd661b4 in /opt/conda/bin/python3.11)
frame #28: _PyFunction_Vectorcall + 0x17f (0x5596ebd86b4f in /opt/conda/bin/python3.11)
frame #29: _PyEval_EvalFrameDefault + 0x4ae4 (0x5596ebd661b4 in /opt/conda/bin/python3.11)
frame #30: <unknown function> + 0x29b01d (0x5596ebe1901d in /opt/conda/bin/python3.11)
frame #31: PyEval_EvalCode + 0x9f (0x5596ebe1875f in /opt/conda/bin/python3.11)
frame #32: <unknown function> + 0x2b86ca (0x5596ebe366ca in /opt/conda/bin/python3.11)
frame #33: <unknown function> + 0x2b4353 (0x5596ebe32353 in /opt/conda/bin/python3.11)
frame #34: <unknown function> + 0x2c98f0 (0x5596ebe478f0 in /opt/conda/bin/python3.11)
frame #35: _PyRun_SimpleFileObject + 0x1bc (0x5596ebe4727c in /opt/conda/bin/python3.11)
frame #36: _PyRun_AnyFileObject + 0x44 (0x5596ebe47014 in /opt/conda/bin/python3.11)
frame #37: Py_RunMain + 0x383 (0x5596ebe415e3 in /opt/conda/bin/python3.11)
frame #38: Py_BytesMain + 0x37 (0x5596ebe089d7 in /opt/conda/bin/python3.11)
frame #39: <unknown function> + 0x29d90 (0x14eea0c18d90 in /lib/x86_64-linux-gnu/libc.so.6)
frame #40: __libc_start_main + 0x80 (0x14eea0c18e40 in /lib/x86_64-linux-gnu/libc.so.6)
frame #41: <unknown function> + 0x28a88a (0x5596ebe0888a in /opt/conda/bin/python3.11)

[W1126 19:37:20.881469717 socket.cpp:759] [c10d] The client socket cannot be initialized to connect to [jwb0006.juwels]:30805 (errno: 97 - Address family not supported by protocol).
[W1126 19:37:20.882671902 socket.cpp:759] [c10d] The client socket has failed to connect to jwb0006.juwels:30805 (errno: 113 - No route to host).
[E1126 19:37:20.882681232 socket.cpp:813] [c10d] The client socket has failed to connect to any network address of (10.11.241.16, 30805).
[W1126 19:37:20.882752223 TCPStore.cpp:330] [c10d] TCP client failed to connect/validate to host 10.11.241.16:30805 - retrying (try=19, timeout=900000ms, delay=69767ms): The client socket has failed to connect to any network address of (10.11.241.16, 30805). The client socket has failed to connect to jwb0006.juwels:30805 (errno: 113 - No route to host).
Exception raised from run at /pytorch/torch/csrc/distributed/c10d/socket.cpp:815 (most recent call first):
frame #0: c10::Error::Error(c10::SourceLocation, std::string) + 0x96 (0x1536b956c1b6 in /opt/conda/lib/python3.11/site-packages/torch/lib/libc10.so)
frame #1: <unknown function> + 0x16155eb (0x15369cdda5eb in /opt/conda/lib/python3.11/site-packages/torch/lib/libtorch_cpu.so)
frame #2: <unknown function> + 0x63507f4 (0x1536a1b157f4 in /opt/conda/lib/python3.11/site-packages/torch/lib/libtorch_cpu.so)
frame #3: <unknown function> + 0x630d216 (0x1536a1ad2216 in /opt/conda/lib/python3.11/site-packages/torch/lib/libtorch_cpu.so)
frame #4: c10d::TCPStore::TCPStore(std::string, c10d::TCPStoreOptions const&) + 0x20c (0x1536a1ad514c in /opt/conda/lib/python3.11/site-packages/torch/lib/libtorch_cpu.so)
frame #5: <unknown function> + 0xe486ef (0x1536b16c96ef in /opt/conda/lib/python3.11/site-packages/torch/lib/libtorch_python.so)
frame #6: <unknown function> + 0x51a017 (0x1536b0d9b017 in /opt/conda/lib/python3.11/site-packages/torch/lib/libtorch_python.so)
frame #7: <unknown function> + 0x1f9276 (0x555fd5327276 in /opt/conda/bin/python3.11)
frame #8: _PyObject_MakeTpCall + 0x29b (0x555fd530475b in /opt/conda/bin/python3.11)
frame #9: <unknown function> + 0x227206 (0x555fd5355206 in /opt/conda/bin/python3.11)
frame #10: _PyObject_Call + 0x12b (0x555fd5340b7b in /opt/conda/bin/python3.11)
frame #11: <unknown function> + 0x2101c4 (0x555fd533e1c4 in /opt/conda/bin/python3.11)
frame #12: <unknown function> + 0x1d6a11 (0x555fd5304a11 in /opt/conda/bin/python3.11)
frame #13: <unknown function> + 0x51880b (0x1536b0d9980b in /opt/conda/lib/python3.11/site-packages/torch/lib/libtorch_python.so)
frame #14: _PyObject_MakeTpCall + 0x29b (0x555fd530475b in /opt/conda/bin/python3.11)
frame #15: _PyEval_EvalFrameDefault + 0x70a (0x555fd5311dda in /opt/conda/bin/python3.11)
frame #16: _PyFunction_Vectorcall + 0x17f (0x555fd5336b4f in /opt/conda/bin/python3.11)
frame #17: _PyEval_EvalFrameDefault + 0x4ae4 (0x555fd53161b4 in /opt/conda/bin/python3.11)
frame #18: _PyFunction_Vectorcall + 0x17f (0x555fd5336b4f in /opt/conda/bin/python3.11)
frame #19: _PyEval_EvalFrameDefault + 0x4ae4 (0x555fd53161b4 in /opt/conda/bin/python3.11)
frame #20: _PyFunction_Vectorcall + 0x17f (0x555fd5336b4f in /opt/conda/bin/python3.11)
frame #21: _PyEval_EvalFrameDefault + 0x4ae4 (0x555fd53161b4 in /opt/conda/bin/python3.11)
frame #22: _PyFunction_Vectorcall + 0x17f (0x555fd5336b4f in /opt/conda/bin/python3.11)
frame #23: _PyObject_FastCallDictTstate + 0x63 (0x555fd5309353 in /opt/conda/bin/python3.11)
frame #24: _PyObject_Call_Prepend + 0x69 (0x555fd533e479 in /opt/conda/bin/python3.11)
frame #25: <unknown function> + 0x2df709 (0x555fd540d709 in /opt/conda/bin/python3.11)
frame #26: PyObject_Call + 0xbe (0x555fd534088e in /opt/conda/bin/python3.11)
frame #27: _PyEval_EvalFrameDefault + 0x4ae4 (0x555fd53161b4 in /opt/conda/bin/python3.11)
frame #28: _PyFunction_Vectorcall + 0x17f (0x555fd5336b4f in /opt/conda/bin/python3.11)
frame #29: _PyEval_EvalFrameDefault + 0x4ae4 (0x555fd53161b4 in /opt/conda/bin/python3.11)
frame #30: <unknown function> + 0x29b01d (0x555fd53c901d in /opt/conda/bin/python3.11)
frame #31: PyEval_EvalCode + 0x9f (0x555fd53c875f in /opt/conda/bin/python3.11)
frame #32: <unknown function> + 0x2b86ca (0x555fd53e66ca in /opt/conda/bin/python3.11)
frame #33: <unknown function> + 0x2b4353 (0x555fd53e2353 in /opt/conda/bin/python3.11)
frame #34: <unknown function> + 0x2c98f0 (0x555fd53f78f0 in /opt/conda/bin/python3.11)
frame #35: _PyRun_SimpleFileObject + 0x1bc (0x555fd53f727c in /opt/conda/bin/python3.11)
frame #36: _PyRun_AnyFileObject + 0x44 (0x555fd53f7014 in /opt/conda/bin/python3.11)
frame #37: Py_RunMain + 0x383 (0x555fd53f15e3 in /opt/conda/bin/python3.11)
frame #38: Py_BytesMain + 0x37 (0x555fd53b89d7 in /opt/conda/bin/python3.11)
frame #39: <unknown function> + 0x29d90 (0x1536ba2a5d90 in /lib/x86_64-linux-gnu/libc.so.6)
frame #40: __libc_start_main + 0x80 (0x1536ba2a5e40 in /lib/x86_64-linux-gnu/libc.so.6)
frame #41: <unknown function> + 0x28a88a (0x555fd53b888a in /opt/conda/bin/python3.11)

[W1126 19:37:34.058813606 socket.cpp:759] [c10d] The client socket cannot be initialized to connect to [jwb0006.juwels]:30805 (errno: 97 - Address family not supported by protocol).
[W1126 19:37:34.060140641 socket.cpp:759] [c10d] The client socket has failed to connect to jwb0006.juwels:30805 (errno: 113 - No route to host).
[E1126 19:37:34.060160301 socket.cpp:813] [c10d] The client socket has failed to connect to any network address of (10.11.241.16, 30805).
[W1126 19:37:34.060275982 TCPStore.cpp:330] [c10d] TCP client failed to connect/validate to host 10.11.241.16:30805 - retrying (try=22, timeout=900000ms, delay=84683ms): The client socket has failed to connect to any network address of (10.11.241.16, 30805). The client socket has failed to connect to jwb0006.juwels:30805 (errno: 113 - No route to host).
Exception raised from run at /pytorch/torch/csrc/distributed/c10d/socket.cpp:815 (most recent call first):
frame #0: c10::Error::Error(c10::SourceLocation, std::string) + 0x96 (0x150873d6c1b6 in /opt/conda/lib/python3.11/site-packages/torch/lib/libc10.so)
frame #1: <unknown function> + 0x16155eb (0x1508579da5eb in /opt/conda/lib/python3.11/site-packages/torch/lib/libtorch_cpu.so)
frame #2: <unknown function> + 0x63507f4 (0x15085c7157f4 in /opt/conda/lib/python3.11/site-packages/torch/lib/libtorch_cpu.so)
frame #3: <unknown function> + 0x630d216 (0x15085c6d2216 in /opt/conda/lib/python3.11/site-packages/torch/lib/libtorch_cpu.so)
frame #4: c10d::TCPStore::TCPStore(std::string, c10d::TCPStoreOptions const&) + 0x20c (0x15085c6d514c in /opt/conda/lib/python3.11/site-packages/torch/lib/libtorch_cpu.so)
frame #5: <unknown function> + 0xe486ef (0x15086c2c96ef in /opt/conda/lib/python3.11/site-packages/torch/lib/libtorch_python.so)
frame #6: <unknown function> + 0x51a017 (0x15086b99b017 in /opt/conda/lib/python3.11/site-packages/torch/lib/libtorch_python.so)
frame #7: <unknown function> + 0x1f9276 (0x561064099276 in /opt/conda/bin/python3.11)
frame #8: _PyObject_MakeTpCall + 0x29b (0x56106407675b in /opt/conda/bin/python3.11)
frame #9: <unknown function> + 0x227206 (0x5610640c7206 in /opt/conda/bin/python3.11)
frame #10: _PyObject_Call + 0x12b (0x5610640b2b7b in /opt/conda/bin/python3.11)
frame #11: <unknown function> + 0x2101c4 (0x5610640b01c4 in /opt/conda/bin/python3.11)
frame #12: <unknown function> + 0x1d6a11 (0x561064076a11 in /opt/conda/bin/python3.11)
frame #13: <unknown function> + 0x51880b (0x15086b99980b in /opt/conda/lib/python3.11/site-packages/torch/lib/libtorch_python.so)
frame #14: _PyObject_MakeTpCall + 0x29b (0x56106407675b in /opt/conda/bin/python3.11)
frame #15: _PyEval_EvalFrameDefault + 0x70a (0x561064083dda in /opt/conda/bin/python3.11)
frame #16: _PyFunction_Vectorcall + 0x17f (0x5610640a8b4f in /opt/conda/bin/python3.11)
frame #17: _PyEval_EvalFrameDefault + 0x4ae4 (0x5610640881b4 in /opt/conda/bin/python3.11)
frame #18: _PyFunction_Vectorcall + 0x17f (0x5610640a8b4f in /opt/conda/bin/python3.11)
frame #19: _PyEval_EvalFrameDefault + 0x4ae4 (0x5610640881b4 in /opt/conda/bin/python3.11)
frame #20: _PyFunction_Vectorcall + 0x17f (0x5610640a8b4f in /opt/conda/bin/python3.11)
frame #21: _PyEval_EvalFrameDefault + 0x4ae4 (0x5610640881b4 in /opt/conda/bin/python3.11)
frame #22: _PyFunction_Vectorcall + 0x17f (0x5610640a8b4f in /opt/conda/bin/python3.11)
frame #23: _PyObject_FastCallDictTstate + 0x63 (0x56106407b353 in /opt/conda/bin/python3.11)
frame #24: _PyObject_Call_Prepend + 0x69 (0x5610640b0479 in /opt/conda/bin/python3.11)
frame #25: <unknown function> + 0x2df709 (0x56106417f709 in /opt/conda/bin/python3.11)
frame #26: PyObject_Call + 0xbe (0x5610640b288e in /opt/conda/bin/python3.11)
frame #27: _PyEval_EvalFrameDefault + 0x4ae4 (0x5610640881b4 in /opt/conda/bin/python3.11)
frame #28: _PyFunction_Vectorcall + 0x17f (0x5610640a8b4f in /opt/conda/bin/python3.11)
frame #29: _PyEval_EvalFrameDefault + 0x4ae4 (0x5610640881b4 in /opt/conda/bin/python3.11)
frame #30: <unknown function> + 0x29b01d (0x56106413b01d in /opt/conda/bin/python3.11)
frame #31: PyEval_EvalCode + 0x9f (0x56106413a75f in /opt/conda/bin/python3.11)
frame #32: <unknown function> + 0x2b86ca (0x5610641586ca in /opt/conda/bin/python3.11)
frame #33: <unknown function> + 0x2b4353 (0x561064154353 in /opt/conda/bin/python3.11)
frame #34: <unknown function> + 0x2c98f0 (0x5610641698f0 in /opt/conda/bin/python3.11)
frame #35: _PyRun_SimpleFileObject + 0x1bc (0x56106416927c in /opt/conda/bin/python3.11)
frame #36: _PyRun_AnyFileObject + 0x44 (0x561064169014 in /opt/conda/bin/python3.11)
frame #37: Py_RunMain + 0x383 (0x5610641635e3 in /opt/conda/bin/python3.11)
frame #38: Py_BytesMain + 0x37 (0x56106412a9d7 in /opt/conda/bin/python3.11)
frame #39: <unknown function> + 0x29d90 (0x150874d40d90 in /lib/x86_64-linux-gnu/libc.so.6)
frame #40: __libc_start_main + 0x80 (0x150874d40e40 in /lib/x86_64-linux-gnu/libc.so.6)
frame #41: <unknown function> + 0x28a88a (0x56106412a88a in /opt/conda/bin/python3.11)

[W1126 19:37:38.971940322 socket.cpp:759] [c10d] The client socket cannot be initialized to connect to [jwb0006.juwels]:30805 (errno: 97 - Address family not supported by protocol).
[W1126 19:37:38.973156282 socket.cpp:759] [c10d] The client socket has failed to connect to jwb0006.juwels:30805 (errno: 113 - No route to host).
[E1126 19:37:38.973166072 socket.cpp:813] [c10d] The client socket has failed to connect to any network address of (10.11.241.16, 30805).
[W1126 19:37:38.973259243 TCPStore.cpp:330] [c10d] TCP client failed to connect/validate to host 10.11.241.16:30805 - retrying (try=19, timeout=900000ms, delay=41613ms): The client socket has failed to connect to any network address of (10.11.241.16, 30805). The client socket has failed to connect to jwb0006.juwels:30805 (errno: 113 - No route to host).
Exception raised from run at /pytorch/torch/csrc/distributed/c10d/socket.cpp:815 (most recent call first):
frame #0: c10::Error::Error(c10::SourceLocation, std::string) + 0x96 (0x148707b6c1b6 in /opt/conda/lib/python3.11/site-packages/torch/lib/libc10.so)
frame #1: <unknown function> + 0x16155eb (0x1486eb7da5eb in /opt/conda/lib/python3.11/site-packages/torch/lib/libtorch_cpu.so)
frame #2: <unknown function> + 0x63507f4 (0x1486f05157f4 in /opt/conda/lib/python3.11/site-packages/torch/lib/libtorch_cpu.so)
frame #3: <unknown function> + 0x630d216 (0x1486f04d2216 in /opt/conda/lib/python3.11/site-packages/torch/lib/libtorch_cpu.so)
frame #4: c10d::TCPStore::TCPStore(std::string, c10d::TCPStoreOptions const&) + 0x20c (0x1486f04d514c in /opt/conda/lib/python3.11/site-packages/torch/lib/libtorch_cpu.so)
frame #5: <unknown function> + 0xe486ef (0x1487000c96ef in /opt/conda/lib/python3.11/site-packages/torch/lib/libtorch_python.so)
frame #6: <unknown function> + 0x51a017 (0x1486ff79b017 in /opt/conda/lib/python3.11/site-packages/torch/lib/libtorch_python.so)
frame #7: <unknown function> + 0x1f9276 (0x5605059c0276 in /opt/conda/bin/python3.11)
frame #8: _PyObject_MakeTpCall + 0x29b (0x56050599d75b in /opt/conda/bin/python3.11)
frame #9: <unknown function> + 0x227206 (0x5605059ee206 in /opt/conda/bin/python3.11)
frame #10: _PyObject_Call + 0x12b (0x5605059d9b7b in /opt/conda/bin/python3.11)
frame #11: <unknown function> + 0x2101c4 (0x5605059d71c4 in /opt/conda/bin/python3.11)
frame #12: <unknown function> + 0x1d6a11 (0x56050599da11 in /opt/conda/bin/python3.11)
frame #13: <unknown function> + 0x51880b (0x1486ff79980b in /opt/conda/lib/python3.11/site-packages/torch/lib/libtorch_python.so)
frame #14: _PyObject_MakeTpCall + 0x29b (0x56050599d75b in /opt/conda/bin/python3.11)
frame #15: _PyEval_EvalFrameDefault + 0x70a (0x5605059aadda in /opt/conda/bin/python3.11)
frame #16: _PyFunction_Vectorcall + 0x17f (0x5605059cfb4f in /opt/conda/bin/python3.11)
frame #17: _PyEval_EvalFrameDefault + 0x4ae4 (0x5605059af1b4 in /opt/conda/bin/python3.11)
frame #18: _PyFunction_Vectorcall + 0x17f (0x5605059cfb4f in /opt/conda/bin/python3.11)
frame #19: _PyEval_EvalFrameDefault + 0x4ae4 (0x5605059af1b4 in /opt/conda/bin/python3.11)
frame #20: _PyFunction_Vectorcall + 0x17f (0x5605059cfb4f in /opt/conda/bin/python3.11)
frame #21: _PyEval_EvalFrameDefault + 0x4ae4 (0x5605059af1b4 in /opt/conda/bin/python3.11)
frame #22: _PyFunction_Vectorcall + 0x17f (0x5605059cfb4f in /opt/conda/bin/python3.11)
frame #23: _PyObject_FastCallDictTstate + 0x63 (0x5605059a2353 in /opt/conda/bin/python3.11)
frame #24: _PyObject_Call_Prepend + 0x69 (0x5605059d7479 in /opt/conda/bin/python3.11)
frame #25: <unknown function> + 0x2df709 (0x560505aa6709 in /opt/conda/bin/python3.11)
frame #26: PyObject_Call + 0xbe (0x5605059d988e in /opt/conda/bin/python3.11)
frame #27: _PyEval_EvalFrameDefault + 0x4ae4 (0x5605059af1b4 in /opt/conda/bin/python3.11)
frame #28: _PyFunction_Vectorcall + 0x17f (0x5605059cfb4f in /opt/conda/bin/python3.11)
frame #29: _PyEval_EvalFrameDefault + 0x4ae4 (0x5605059af1b4 in /opt/conda/bin/python3.11)
frame #30: <unknown function> + 0x29b01d (0x560505a6201d in /opt/conda/bin/python3.11)
frame #31: PyEval_EvalCode + 0x9f (0x560505a6175f in /opt/conda/bin/python3.11)
frame #32: <unknown function> + 0x2b86ca (0x560505a7f6ca in /opt/conda/bin/python3.11)
frame #33: <unknown function> + 0x2b4353 (0x560505a7b353 in /opt/conda/bin/python3.11)
frame #34: <unknown function> + 0x2c98f0 (0x560505a908f0 in /opt/conda/bin/python3.11)
frame #35: _PyRun_SimpleFileObject + 0x1bc (0x560505a9027c in /opt/conda/bin/python3.11)
frame #36: _PyRun_AnyFileObject + 0x44 (0x560505a90014 in /opt/conda/bin/python3.11)
frame #37: Py_RunMain + 0x383 (0x560505a8a5e3 in /opt/conda/bin/python3.11)
frame #38: Py_BytesMain + 0x37 (0x560505a519d7 in /opt/conda/bin/python3.11)
frame #39: <unknown function> + 0x29d90 (0x148708b78d90 in /lib/x86_64-linux-gnu/libc.so.6)
frame #40: __libc_start_main + 0x80 (0x148708b78e40 in /lib/x86_64-linux-gnu/libc.so.6)
frame #41: <unknown function> + 0x28a88a (0x560505a5188a in /opt/conda/bin/python3.11)

[W1126 19:37:52.563610644 socket.cpp:759] [c10d] The client socket cannot be initialized to connect to [jwb0006.juwels]:30805 (errno: 97 - Address family not supported by protocol).
[W1126 19:37:52.564484768 socket.cpp:759] [c10d] The client socket has failed to connect to jwb0006.juwels:30805 (errno: 113 - No route to host).
[E1126 19:37:52.564494028 socket.cpp:813] [c10d] The client socket has failed to connect to any network address of (10.11.241.16, 30805).
[W1126 19:37:52.564556098 TCPStore.cpp:330] [c10d] TCP client failed to connect/validate to host 10.11.241.16:30805 - retrying (try=20, timeout=900000ms, delay=72763ms): The client socket has failed to connect to any network address of (10.11.241.16, 30805). The client socket has failed to connect to jwb0006.juwels:30805 (errno: 113 - No route to host).
Exception raised from run at /pytorch/torch/csrc/distributed/c10d/socket.cpp:815 (most recent call first):
frame #0: c10::Error::Error(c10::SourceLocation, std::string) + 0x96 (0x14ee9ff6c1b6 in /opt/conda/lib/python3.11/site-packages/torch/lib/libc10.so)
frame #1: <unknown function> + 0x16155eb (0x14ee837da5eb in /opt/conda/lib/python3.11/site-packages/torch/lib/libtorch_cpu.so)
frame #2: <unknown function> + 0x63507f4 (0x14ee885157f4 in /opt/conda/lib/python3.11/site-packages/torch/lib/libtorch_cpu.so)
frame #3: <unknown function> + 0x630d216 (0x14ee884d2216 in /opt/conda/lib/python3.11/site-packages/torch/lib/libtorch_cpu.so)
frame #4: c10d::TCPStore::TCPStore(std::string, c10d::TCPStoreOptions const&) + 0x20c (0x14ee884d514c in /opt/conda/lib/python3.11/site-packages/torch/lib/libtorch_cpu.so)
frame #5: <unknown function> + 0xe486ef (0x14ee980c96ef in /opt/conda/lib/python3.11/site-packages/torch/lib/libtorch_python.so)
frame #6: <unknown function> + 0x51a017 (0x14ee9779b017 in /opt/conda/lib/python3.11/site-packages/torch/lib/libtorch_python.so)
frame #7: <unknown function> + 0x1f9276 (0x5596ebd77276 in /opt/conda/bin/python3.11)
frame #8: _PyObject_MakeTpCall + 0x29b (0x5596ebd5475b in /opt/conda/bin/python3.11)
frame #9: <unknown function> + 0x227206 (0x5596ebda5206 in /opt/conda/bin/python3.11)
frame #10: _PyObject_Call + 0x12b (0x5596ebd90b7b in /opt/conda/bin/python3.11)
frame #11: <unknown function> + 0x2101c4 (0x5596ebd8e1c4 in /opt/conda/bin/python3.11)
frame #12: <unknown function> + 0x1d6a11 (0x5596ebd54a11 in /opt/conda/bin/python3.11)
frame #13: <unknown function> + 0x51880b (0x14ee9779980b in /opt/conda/lib/python3.11/site-packages/torch/lib/libtorch_python.so)
frame #14: _PyObject_MakeTpCall + 0x29b (0x5596ebd5475b in /opt/conda/bin/python3.11)
frame #15: _PyEval_EvalFrameDefault + 0x70a (0x5596ebd61dda in /opt/conda/bin/python3.11)
frame #16: _PyFunction_Vectorcall + 0x17f (0x5596ebd86b4f in /opt/conda/bin/python3.11)
frame #17: _PyEval_EvalFrameDefault + 0x4ae4 (0x5596ebd661b4 in /opt/conda/bin/python3.11)
frame #18: _PyFunction_Vectorcall + 0x17f (0x5596ebd86b4f in /opt/conda/bin/python3.11)
frame #19: _PyEval_EvalFrameDefault + 0x4ae4 (0x5596ebd661b4 in /opt/conda/bin/python3.11)
frame #20: _PyFunction_Vectorcall + 0x17f (0x5596ebd86b4f in /opt/conda/bin/python3.11)
frame #21: _PyEval_EvalFrameDefault + 0x4ae4 (0x5596ebd661b4 in /opt/conda/bin/python3.11)
frame #22: _PyFunction_Vectorcall + 0x17f (0x5596ebd86b4f in /opt/conda/bin/python3.11)
frame #23: _PyObject_FastCallDictTstate + 0x63 (0x5596ebd59353 in /opt/conda/bin/python3.11)
frame #24: _PyObject_Call_Prepend + 0x69 (0x5596ebd8e479 in /opt/conda/bin/python3.11)
frame #25: <unknown function> + 0x2df709 (0x5596ebe5d709 in /opt/conda/bin/python3.11)
frame #26: PyObject_Call + 0xbe (0x5596ebd9088e in /opt/conda/bin/python3.11)
frame #27: _PyEval_EvalFrameDefault + 0x4ae4 (0x5596ebd661b4 in /opt/conda/bin/python3.11)
frame #28: _PyFunction_Vectorcall + 0x17f (0x5596ebd86b4f in /opt/conda/bin/python3.11)
frame #29: _PyEval_EvalFrameDefault + 0x4ae4 (0x5596ebd661b4 in /opt/conda/bin/python3.11)
frame #30: <unknown function> + 0x29b01d (0x5596ebe1901d in /opt/conda/bin/python3.11)
frame #31: PyEval_EvalCode + 0x9f (0x5596ebe1875f in /opt/conda/bin/python3.11)
frame #32: <unknown function> + 0x2b86ca (0x5596ebe366ca in /opt/conda/bin/python3.11)
frame #33: <unknown function> + 0x2b4353 (0x5596ebe32353 in /opt/conda/bin/python3.11)
frame #34: <unknown function> + 0x2c98f0 (0x5596ebe478f0 in /opt/conda/bin/python3.11)
frame #35: _PyRun_SimpleFileObject + 0x1bc (0x5596ebe4727c in /opt/conda/bin/python3.11)
frame #36: _PyRun_AnyFileObject + 0x44 (0x5596ebe47014 in /opt/conda/bin/python3.11)
frame #37: Py_RunMain + 0x383 (0x5596ebe415e3 in /opt/conda/bin/python3.11)
frame #38: Py_BytesMain + 0x37 (0x5596ebe089d7 in /opt/conda/bin/python3.11)
frame #39: <unknown function> + 0x29d90 (0x14eea0c18d90 in /lib/x86_64-linux-gnu/libc.so.6)
frame #40: __libc_start_main + 0x80 (0x14eea0c18e40 in /lib/x86_64-linux-gnu/libc.so.6)
frame #41: <unknown function> + 0x28a88a (0x5596ebe0888a in /opt/conda/bin/python3.11)

[W1126 19:38:20.593078990 socket.cpp:759] [c10d] The client socket cannot be initialized to connect to [jwb0006.juwels]:30805 (errno: 97 - Address family not supported by protocol).
[W1126 19:38:20.593963308 socket.cpp:759] [c10d] The client socket has failed to connect to jwb0006.juwels:30805 (errno: 113 - No route to host).
[E1126 19:38:20.593972198 socket.cpp:813] [c10d] The client socket has failed to connect to any network address of (10.11.241.16, 30805).
[W1126 19:38:20.594068769 TCPStore.cpp:330] [c10d] TCP client failed to connect/validate to host 10.11.241.16:30805 - retrying (try=20, timeout=900000ms, delay=64804ms): The client socket has failed to connect to any network address of (10.11.241.16, 30805). The client socket has failed to connect to jwb0006.juwels:30805 (errno: 113 - No route to host).
Exception raised from run at /pytorch/torch/csrc/distributed/c10d/socket.cpp:815 (most recent call first):
frame #0: c10::Error::Error(c10::SourceLocation, std::string) + 0x96 (0x148707b6c1b6 in /opt/conda/lib/python3.11/site-packages/torch/lib/libc10.so)
frame #1: <unknown function> + 0x16155eb (0x1486eb7da5eb in /opt/conda/lib/python3.11/site-packages/torch/lib/libtorch_cpu.so)
frame #2: <unknown function> + 0x63507f4 (0x1486f05157f4 in /opt/conda/lib/python3.11/site-packages/torch/lib/libtorch_cpu.so)
frame #3: <unknown function> + 0x630d216 (0x1486f04d2216 in /opt/conda/lib/python3.11/site-packages/torch/lib/libtorch_cpu.so)
frame #4: c10d::TCPStore::TCPStore(std::string, c10d::TCPStoreOptions const&) + 0x20c (0x1486f04d514c in /opt/conda/lib/python3.11/site-packages/torch/lib/libtorch_cpu.so)
frame #5: <unknown function> + 0xe486ef (0x1487000c96ef in /opt/conda/lib/python3.11/site-packages/torch/lib/libtorch_python.so)
frame #6: <unknown function> + 0x51a017 (0x1486ff79b017 in /opt/conda/lib/python3.11/site-packages/torch/lib/libtorch_python.so)
frame #7: <unknown function> + 0x1f9276 (0x5605059c0276 in /opt/conda/bin/python3.11)
frame #8: _PyObject_MakeTpCall + 0x29b (0x56050599d75b in /opt/conda/bin/python3.11)
frame #9: <unknown function> + 0x227206 (0x5605059ee206 in /opt/conda/bin/python3.11)
frame #10: _PyObject_Call + 0x12b (0x5605059d9b7b in /opt/conda/bin/python3.11)
frame #11: <unknown function> + 0x2101c4 (0x5605059d71c4 in /opt/conda/bin/python3.11)
frame #12: <unknown function> + 0x1d6a11 (0x56050599da11 in /opt/conda/bin/python3.11)
frame #13: <unknown function> + 0x51880b (0x1486ff79980b in /opt/conda/lib/python3.11/site-packages/torch/lib/libtorch_python.so)
frame #14: _PyObject_MakeTpCall + 0x29b (0x56050599d75b in /opt/conda/bin/python3.11)
frame #15: _PyEval_EvalFrameDefault + 0x70a (0x5605059aadda in /opt/conda/bin/python3.11)
frame #16: _PyFunction_Vectorcall + 0x17f (0x5605059cfb4f in /opt/conda/bin/python3.11)
frame #17: _PyEval_EvalFrameDefault + 0x4ae4 (0x5605059af1b4 in /opt/conda/bin/python3.11)
frame #18: _PyFunction_Vectorcall + 0x17f (0x5605059cfb4f in /opt/conda/bin/python3.11)
frame #19: _PyEval_EvalFrameDefault + 0x4ae4 (0x5605059af1b4 in /opt/conda/bin/python3.11)
frame #20: _PyFunction_Vectorcall + 0x17f (0x5605059cfb4f in /opt/conda/bin/python3.11)
frame #21: _PyEval_EvalFrameDefault + 0x4ae4 (0x5605059af1b4 in /opt/conda/bin/python3.11)
frame #22: _PyFunction_Vectorcall + 0x17f (0x5605059cfb4f in /opt/conda/bin/python3.11)
frame #23: _PyObject_FastCallDictTstate + 0x63 (0x5605059a2353 in /opt/conda/bin/python3.11)
frame #24: _PyObject_Call_Prepend + 0x69 (0x5605059d7479 in /opt/conda/bin/python3.11)
frame #25: <unknown function> + 0x2df709 (0x560505aa6709 in /opt/conda/bin/python3.11)
frame #26: PyObject_Call + 0xbe (0x5605059d988e in /opt/conda/bin/python3.11)
frame #27: _PyEval_EvalFrameDefault + 0x4ae4 (0x5605059af1b4 in /opt/conda/bin/python3.11)
frame #28: _PyFunction_Vectorcall + 0x17f (0x5605059cfb4f in /opt/conda/bin/python3.11)
frame #29: _PyEval_EvalFrameDefault + 0x4ae4 (0x5605059af1b4 in /opt/conda/bin/python3.11)
frame #30: <unknown function> + 0x29b01d (0x560505a6201d in /opt/conda/bin/python3.11)
frame #31: PyEval_EvalCode + 0x9f (0x560505a6175f in /opt/conda/bin/python3.11)
frame #32: <unknown function> + 0x2b86ca (0x560505a7f6ca in /opt/conda/bin/python3.11)
frame #33: <unknown function> + 0x2b4353 (0x560505a7b353 in /opt/conda/bin/python3.11)
frame #34: <unknown function> + 0x2c98f0 (0x560505a908f0 in /opt/conda/bin/python3.11)
frame #35: _PyRun_SimpleFileObject + 0x1bc (0x560505a9027c in /opt/conda/bin/python3.11)
frame #36: _PyRun_AnyFileObject + 0x44 (0x560505a90014 in /opt/conda/bin/python3.11)
frame #37: Py_RunMain + 0x383 (0x560505a8a5e3 in /opt/conda/bin/python3.11)
frame #38: Py_BytesMain + 0x37 (0x560505a519d7 in /opt/conda/bin/python3.11)
frame #39: <unknown function> + 0x29d90 (0x148708b78d90 in /lib/x86_64-linux-gnu/libc.so.6)
frame #40: __libc_start_main + 0x80 (0x148708b78e40 in /lib/x86_64-linux-gnu/libc.so.6)
frame #41: <unknown function> + 0x28a88a (0x560505a5188a in /opt/conda/bin/python3.11)

[W1126 19:38:30.656049192 socket.cpp:759] [c10d] The client socket cannot be initialized to connect to [jwb0006.juwels]:30805 (errno: 97 - Address family not supported by protocol).
[W1126 19:38:30.656967916 socket.cpp:759] [c10d] The client socket has failed to connect to jwb0006.juwels:30805 (errno: 113 - No route to host).
[E1126 19:38:30.656976906 socket.cpp:813] [c10d] The client socket has failed to connect to any network address of (10.11.241.16, 30805).
[W1126 19:38:30.657056927 TCPStore.cpp:330] [c10d] TCP client failed to connect/validate to host 10.11.241.16:30805 - retrying (try=20, timeout=900000ms, delay=68284ms): The client socket has failed to connect to any network address of (10.11.241.16, 30805). The client socket has failed to connect to jwb0006.juwels:30805 (errno: 113 - No route to host).
Exception raised from run at /pytorch/torch/csrc/distributed/c10d/socket.cpp:815 (most recent call first):
frame #0: c10::Error::Error(c10::SourceLocation, std::string) + 0x96 (0x1536b956c1b6 in /opt/conda/lib/python3.11/site-packages/torch/lib/libc10.so)
frame #1: <unknown function> + 0x16155eb (0x15369cdda5eb in /opt/conda/lib/python3.11/site-packages/torch/lib/libtorch_cpu.so)
frame #2: <unknown function> + 0x63507f4 (0x1536a1b157f4 in /opt/conda/lib/python3.11/site-packages/torch/lib/libtorch_cpu.so)
frame #3: <unknown function> + 0x630d216 (0x1536a1ad2216 in /opt/conda/lib/python3.11/site-packages/torch/lib/libtorch_cpu.so)
frame #4: c10d::TCPStore::TCPStore(std::string, c10d::TCPStoreOptions const&) + 0x20c (0x1536a1ad514c in /opt/conda/lib/python3.11/site-packages/torch/lib/libtorch_cpu.so)
frame #5: <unknown function> + 0xe486ef (0x1536b16c96ef in /opt/conda/lib/python3.11/site-packages/torch/lib/libtorch_python.so)
frame #6: <unknown function> + 0x51a017 (0x1536b0d9b017 in /opt/conda/lib/python3.11/site-packages/torch/lib/libtorch_python.so)
frame #7: <unknown function> + 0x1f9276 (0x555fd5327276 in /opt/conda/bin/python3.11)
frame #8: _PyObject_MakeTpCall + 0x29b (0x555fd530475b in /opt/conda/bin/python3.11)
frame #9: <unknown function> + 0x227206 (0x555fd5355206 in /opt/conda/bin/python3.11)
frame #10: _PyObject_Call + 0x12b (0x555fd5340b7b in /opt/conda/bin/python3.11)
frame #11: <unknown function> + 0x2101c4 (0x555fd533e1c4 in /opt/conda/bin/python3.11)
frame #12: <unknown function> + 0x1d6a11 (0x555fd5304a11 in /opt/conda/bin/python3.11)
frame #13: <unknown function> + 0x51880b (0x1536b0d9980b in /opt/conda/lib/python3.11/site-packages/torch/lib/libtorch_python.so)
frame #14: _PyObject_MakeTpCall + 0x29b (0x555fd530475b in /opt/conda/bin/python3.11)
frame #15: _PyEval_EvalFrameDefault + 0x70a (0x555fd5311dda in /opt/conda/bin/python3.11)
frame #16: _PyFunction_Vectorcall + 0x17f (0x555fd5336b4f in /opt/conda/bin/python3.11)
frame #17: _PyEval_EvalFrameDefault + 0x4ae4 (0x555fd53161b4 in /opt/conda/bin/python3.11)
frame #18: _PyFunction_Vectorcall + 0x17f (0x555fd5336b4f in /opt/conda/bin/python3.11)
frame #19: _PyEval_EvalFrameDefault + 0x4ae4 (0x555fd53161b4 in /opt/conda/bin/python3.11)
frame #20: _PyFunction_Vectorcall + 0x17f (0x555fd5336b4f in /opt/conda/bin/python3.11)
frame #21: _PyEval_EvalFrameDefault + 0x4ae4 (0x555fd53161b4 in /opt/conda/bin/python3.11)
frame #22: _PyFunction_Vectorcall + 0x17f (0x555fd5336b4f in /opt/conda/bin/python3.11)
frame #23: _PyObject_FastCallDictTstate + 0x63 (0x555fd5309353 in /opt/conda/bin/python3.11)
frame #24: _PyObject_Call_Prepend + 0x69 (0x555fd533e479 in /opt/conda/bin/python3.11)
frame #25: <unknown function> + 0x2df709 (0x555fd540d709 in /opt/conda/bin/python3.11)
frame #26: PyObject_Call + 0xbe (0x555fd534088e in /opt/conda/bin/python3.11)
frame #27: _PyEval_EvalFrameDefault + 0x4ae4 (0x555fd53161b4 in /opt/conda/bin/python3.11)
frame #28: _PyFunction_Vectorcall + 0x17f (0x555fd5336b4f in /opt/conda/bin/python3.11)
frame #29: _PyEval_EvalFrameDefault + 0x4ae4 (0x555fd53161b4 in /opt/conda/bin/python3.11)
frame #30: <unknown function> + 0x29b01d (0x555fd53c901d in /opt/conda/bin/python3.11)
frame #31: PyEval_EvalCode + 0x9f (0x555fd53c875f in /opt/conda/bin/python3.11)
frame #32: <unknown function> + 0x2b86ca (0x555fd53e66ca in /opt/conda/bin/python3.11)
frame #33: <unknown function> + 0x2b4353 (0x555fd53e2353 in /opt/conda/bin/python3.11)
frame #34: <unknown function> + 0x2c98f0 (0x555fd53f78f0 in /opt/conda/bin/python3.11)
frame #35: _PyRun_SimpleFileObject + 0x1bc (0x555fd53f727c in /opt/conda/bin/python3.11)
frame #36: _PyRun_AnyFileObject + 0x44 (0x555fd53f7014 in /opt/conda/bin/python3.11)
frame #37: Py_RunMain + 0x383 (0x555fd53f15e3 in /opt/conda/bin/python3.11)
frame #38: Py_BytesMain + 0x37 (0x555fd53b89d7 in /opt/conda/bin/python3.11)
frame #39: <unknown function> + 0x29d90 (0x1536ba2a5d90 in /lib/x86_64-linux-gnu/libc.so.6)
frame #40: __libc_start_main + 0x80 (0x1536ba2a5e40 in /lib/x86_64-linux-gnu/libc.so.6)
frame #41: <unknown function> + 0x28a88a (0x555fd53b888a in /opt/conda/bin/python3.11)

[W1126 19:38:59.750882242 socket.cpp:759] [c10d] The client socket cannot be initialized to connect to [jwb0006.juwels]:30805 (errno: 97 - Address family not supported by protocol).
[W1126 19:38:59.752163556 socket.cpp:759] [c10d] The client socket has failed to connect to jwb0006.juwels:30805 (errno: 113 - No route to host).
[E1126 19:38:59.752174697 socket.cpp:813] [c10d] The client socket has failed to connect to any network address of (10.11.241.16, 30805).
[W1126 19:38:59.752252847 TCPStore.cpp:330] [c10d] TCP client failed to connect/validate to host 10.11.241.16:30805 - retrying (try=23, timeout=900000ms, delay=59424ms): The client socket has failed to connect to any network address of (10.11.241.16, 30805). The client socket has failed to connect to jwb0006.juwels:30805 (errno: 113 - No route to host).
Exception raised from run at /pytorch/torch/csrc/distributed/c10d/socket.cpp:815 (most recent call first):
frame #0: c10::Error::Error(c10::SourceLocation, std::string) + 0x96 (0x150873d6c1b6 in /opt/conda/lib/python3.11/site-packages/torch/lib/libc10.so)
frame #1: <unknown function> + 0x16155eb (0x1508579da5eb in /opt/conda/lib/python3.11/site-packages/torch/lib/libtorch_cpu.so)
frame #2: <unknown function> + 0x63507f4 (0x15085c7157f4 in /opt/conda/lib/python3.11/site-packages/torch/lib/libtorch_cpu.so)
frame #3: <unknown function> + 0x630d216 (0x15085c6d2216 in /opt/conda/lib/python3.11/site-packages/torch/lib/libtorch_cpu.so)
frame #4: c10d::TCPStore::TCPStore(std::string, c10d::TCPStoreOptions const&) + 0x20c (0x15085c6d514c in /opt/conda/lib/python3.11/site-packages/torch/lib/libtorch_cpu.so)
frame #5: <unknown function> + 0xe486ef (0x15086c2c96ef in /opt/conda/lib/python3.11/site-packages/torch/lib/libtorch_python.so)
frame #6: <unknown function> + 0x51a017 (0x15086b99b017 in /opt/conda/lib/python3.11/site-packages/torch/lib/libtorch_python.so)
frame #7: <unknown function> + 0x1f9276 (0x561064099276 in /opt/conda/bin/python3.11)
frame #8: _PyObject_MakeTpCall + 0x29b (0x56106407675b in /opt/conda/bin/python3.11)
frame #9: <unknown function> + 0x227206 (0x5610640c7206 in /opt/conda/bin/python3.11)
frame #10: _PyObject_Call + 0x12b (0x5610640b2b7b in /opt/conda/bin/python3.11)
frame #11: <unknown function> + 0x2101c4 (0x5610640b01c4 in /opt/conda/bin/python3.11)
frame #12: <unknown function> + 0x1d6a11 (0x561064076a11 in /opt/conda/bin/python3.11)
frame #13: <unknown function> + 0x51880b (0x15086b99980b in /opt/conda/lib/python3.11/site-packages/torch/lib/libtorch_python.so)
frame #14: _PyObject_MakeTpCall + 0x29b (0x56106407675b in /opt/conda/bin/python3.11)
frame #15: _PyEval_EvalFrameDefault + 0x70a (0x561064083dda in /opt/conda/bin/python3.11)
frame #16: _PyFunction_Vectorcall + 0x17f (0x5610640a8b4f in /opt/conda/bin/python3.11)
frame #17: _PyEval_EvalFrameDefault + 0x4ae4 (0x5610640881b4 in /opt/conda/bin/python3.11)
frame #18: _PyFunction_Vectorcall + 0x17f (0x5610640a8b4f in /opt/conda/bin/python3.11)
frame #19: _PyEval_EvalFrameDefault + 0x4ae4 (0x5610640881b4 in /opt/conda/bin/python3.11)
frame #20: _PyFunction_Vectorcall + 0x17f (0x5610640a8b4f in /opt/conda/bin/python3.11)
frame #21: _PyEval_EvalFrameDefault + 0x4ae4 (0x5610640881b4 in /opt/conda/bin/python3.11)
frame #22: _PyFunction_Vectorcall + 0x17f (0x5610640a8b4f in /opt/conda/bin/python3.11)
frame #23: _PyObject_FastCallDictTstate + 0x63 (0x56106407b353 in /opt/conda/bin/python3.11)
frame #24: _PyObject_Call_Prepend + 0x69 (0x5610640b0479 in /opt/conda/bin/python3.11)
frame #25: <unknown function> + 0x2df709 (0x56106417f709 in /opt/conda/bin/python3.11)
frame #26: PyObject_Call + 0xbe (0x5610640b288e in /opt/conda/bin/python3.11)
frame #27: _PyEval_EvalFrameDefault + 0x4ae4 (0x5610640881b4 in /opt/conda/bin/python3.11)
frame #28: _PyFunction_Vectorcall + 0x17f (0x5610640a8b4f in /opt/conda/bin/python3.11)
frame #29: _PyEval_EvalFrameDefault + 0x4ae4 (0x5610640881b4 in /opt/conda/bin/python3.11)
frame #30: <unknown function> + 0x29b01d (0x56106413b01d in /opt/conda/bin/python3.11)
frame #31: PyEval_EvalCode + 0x9f (0x56106413a75f in /opt/conda/bin/python3.11)
frame #32: <unknown function> + 0x2b86ca (0x5610641586ca in /opt/conda/bin/python3.11)
frame #33: <unknown function> + 0x2b4353 (0x561064154353 in /opt/conda/bin/python3.11)
frame #34: <unknown function> + 0x2c98f0 (0x5610641698f0 in /opt/conda/bin/python3.11)
frame #35: _PyRun_SimpleFileObject + 0x1bc (0x56106416927c in /opt/conda/bin/python3.11)
frame #36: _PyRun_AnyFileObject + 0x44 (0x561064169014 in /opt/conda/bin/python3.11)
frame #37: Py_RunMain + 0x383 (0x5610641635e3 in /opt/conda/bin/python3.11)
frame #38: Py_BytesMain + 0x37 (0x56106412a9d7 in /opt/conda/bin/python3.11)
frame #39: <unknown function> + 0x29d90 (0x150874d40d90 in /lib/x86_64-linux-gnu/libc.so.6)
frame #40: __libc_start_main + 0x80 (0x150874d40e40 in /lib/x86_64-linux-gnu/libc.so.6)
frame #41: <unknown function> + 0x28a88a (0x56106412a88a in /opt/conda/bin/python3.11)

[W1126 19:39:05.334356740 socket.cpp:759] [c10d] The client socket cannot be initialized to connect to [jwb0006.juwels]:30805 (errno: 97 - Address family not supported by protocol).
[W1126 19:39:05.335380864 socket.cpp:759] [c10d] The client socket has failed to connect to jwb0006.juwels:30805 (errno: 113 - No route to host).
[E1126 19:39:05.335389244 socket.cpp:813] [c10d] The client socket has failed to connect to any network address of (10.11.241.16, 30805).
[W1126 19:39:05.335449395 TCPStore.cpp:330] [c10d] TCP client failed to connect/validate to host 10.11.241.16:30805 - retrying (try=21, timeout=900000ms, delay=81006ms): The client socket has failed to connect to any network address of (10.11.241.16, 30805). The client socket has failed to connect to jwb0006.juwels:30805 (errno: 113 - No route to host).
Exception raised from run at /pytorch/torch/csrc/distributed/c10d/socket.cpp:815 (most recent call first):
frame #0: c10::Error::Error(c10::SourceLocation, std::string) + 0x96 (0x14ee9ff6c1b6 in /opt/conda/lib/python3.11/site-packages/torch/lib/libc10.so)
frame #1: <unknown function> + 0x16155eb (0x14ee837da5eb in /opt/conda/lib/python3.11/site-packages/torch/lib/libtorch_cpu.so)
frame #2: <unknown function> + 0x63507f4 (0x14ee885157f4 in /opt/conda/lib/python3.11/site-packages/torch/lib/libtorch_cpu.so)
frame #3: <unknown function> + 0x630d216 (0x14ee884d2216 in /opt/conda/lib/python3.11/site-packages/torch/lib/libtorch_cpu.so)
frame #4: c10d::TCPStore::TCPStore(std::string, c10d::TCPStoreOptions const&) + 0x20c (0x14ee884d514c in /opt/conda/lib/python3.11/site-packages/torch/lib/libtorch_cpu.so)
frame #5: <unknown function> + 0xe486ef (0x14ee980c96ef in /opt/conda/lib/python3.11/site-packages/torch/lib/libtorch_python.so)
frame #6: <unknown function> + 0x51a017 (0x14ee9779b017 in /opt/conda/lib/python3.11/site-packages/torch/lib/libtorch_python.so)
frame #7: <unknown function> + 0x1f9276 (0x5596ebd77276 in /opt/conda/bin/python3.11)
frame #8: _PyObject_MakeTpCall + 0x29b (0x5596ebd5475b in /opt/conda/bin/python3.11)
frame #9: <unknown function> + 0x227206 (0x5596ebda5206 in /opt/conda/bin/python3.11)
frame #10: _PyObject_Call + 0x12b (0x5596ebd90b7b in /opt/conda/bin/python3.11)
frame #11: <unknown function> + 0x2101c4 (0x5596ebd8e1c4 in /opt/conda/bin/python3.11)
frame #12: <unknown function> + 0x1d6a11 (0x5596ebd54a11 in /opt/conda/bin/python3.11)
frame #13: <unknown function> + 0x51880b (0x14ee9779980b in /opt/conda/lib/python3.11/site-packages/torch/lib/libtorch_python.so)
frame #14: _PyObject_MakeTpCall + 0x29b (0x5596ebd5475b in /opt/conda/bin/python3.11)
frame #15: _PyEval_EvalFrameDefault + 0x70a (0x5596ebd61dda in /opt/conda/bin/python3.11)
frame #16: _PyFunction_Vectorcall + 0x17f (0x5596ebd86b4f in /opt/conda/bin/python3.11)
frame #17: _PyEval_EvalFrameDefault + 0x4ae4 (0x5596ebd661b4 in /opt/conda/bin/python3.11)
frame #18: _PyFunction_Vectorcall + 0x17f (0x5596ebd86b4f in /opt/conda/bin/python3.11)
frame #19: _PyEval_EvalFrameDefault + 0x4ae4 (0x5596ebd661b4 in /opt/conda/bin/python3.11)
frame #20: _PyFunction_Vectorcall + 0x17f (0x5596ebd86b4f in /opt/conda/bin/python3.11)
frame #21: _PyEval_EvalFrameDefault + 0x4ae4 (0x5596ebd661b4 in /opt/conda/bin/python3.11)
frame #22: _PyFunction_Vectorcall + 0x17f (0x5596ebd86b4f in /opt/conda/bin/python3.11)
frame #23: _PyObject_FastCallDictTstate + 0x63 (0x5596ebd59353 in /opt/conda/bin/python3.11)
frame #24: _PyObject_Call_Prepend + 0x69 (0x5596ebd8e479 in /opt/conda/bin/python3.11)
frame #25: <unknown function> + 0x2df709 (0x5596ebe5d709 in /opt/conda/bin/python3.11)
frame #26: PyObject_Call + 0xbe (0x5596ebd9088e in /opt/conda/bin/python3.11)
frame #27: _PyEval_EvalFrameDefault + 0x4ae4 (0x5596ebd661b4 in /opt/conda/bin/python3.11)
frame #28: _PyFunction_Vectorcall + 0x17f (0x5596ebd86b4f in /opt/conda/bin/python3.11)
frame #29: _PyEval_EvalFrameDefault + 0x4ae4 (0x5596ebd661b4 in /opt/conda/bin/python3.11)
frame #30: <unknown function> + 0x29b01d (0x5596ebe1901d in /opt/conda/bin/python3.11)
frame #31: PyEval_EvalCode + 0x9f (0x5596ebe1875f in /opt/conda/bin/python3.11)
frame #32: <unknown function> + 0x2b86ca (0x5596ebe366ca in /opt/conda/bin/python3.11)
frame #33: <unknown function> + 0x2b4353 (0x5596ebe32353 in /opt/conda/bin/python3.11)
frame #34: <unknown function> + 0x2c98f0 (0x5596ebe478f0 in /opt/conda/bin/python3.11)
frame #35: _PyRun_SimpleFileObject + 0x1bc (0x5596ebe4727c in /opt/conda/bin/python3.11)
frame #36: _PyRun_AnyFileObject + 0x44 (0x5596ebe47014 in /opt/conda/bin/python3.11)
frame #37: Py_RunMain + 0x383 (0x5596ebe415e3 in /opt/conda/bin/python3.11)
frame #38: Py_BytesMain + 0x37 (0x5596ebe089d7 in /opt/conda/bin/python3.11)
frame #39: <unknown function> + 0x29d90 (0x14eea0c18d90 in /lib/x86_64-linux-gnu/libc.so.6)
frame #40: __libc_start_main + 0x80 (0x14eea0c18e40 in /lib/x86_64-linux-gnu/libc.so.6)
frame #41: <unknown function> + 0x28a88a (0x5596ebe0888a in /opt/conda/bin/python3.11)

[W1126 19:39:25.404791405 socket.cpp:759] [c10d] The client socket cannot be initialized to connect to [jwb0006.juwels]:30805 (errno: 97 - Address family not supported by protocol).
[W1126 19:39:25.405837784 socket.cpp:759] [c10d] The client socket has failed to connect to jwb0006.juwels:30805 (errno: 113 - No route to host).
[E1126 19:39:25.405847634 socket.cpp:813] [c10d] The client socket has failed to connect to any network address of (10.11.241.16, 30805).
[W1126 19:39:25.405933415 TCPStore.cpp:330] [c10d] TCP client failed to connect/validate to host 10.11.241.16:30805 - retrying (try=21, timeout=900000ms, delay=33981ms): The client socket has failed to connect to any network address of (10.11.241.16, 30805). The client socket has failed to connect to jwb0006.juwels:30805 (errno: 113 - No route to host).
Exception raised from run at /pytorch/torch/csrc/distributed/c10d/socket.cpp:815 (most recent call first):
frame #0: c10::Error::Error(c10::SourceLocation, std::string) + 0x96 (0x148707b6c1b6 in /opt/conda/lib/python3.11/site-packages/torch/lib/libc10.so)
frame #1: <unknown function> + 0x16155eb (0x1486eb7da5eb in /opt/conda/lib/python3.11/site-packages/torch/lib/libtorch_cpu.so)
frame #2: <unknown function> + 0x63507f4 (0x1486f05157f4 in /opt/conda/lib/python3.11/site-packages/torch/lib/libtorch_cpu.so)
frame #3: <unknown function> + 0x630d216 (0x1486f04d2216 in /opt/conda/lib/python3.11/site-packages/torch/lib/libtorch_cpu.so)
frame #4: c10d::TCPStore::TCPStore(std::string, c10d::TCPStoreOptions const&) + 0x20c (0x1486f04d514c in /opt/conda/lib/python3.11/site-packages/torch/lib/libtorch_cpu.so)
frame #5: <unknown function> + 0xe486ef (0x1487000c96ef in /opt/conda/lib/python3.11/site-packages/torch/lib/libtorch_python.so)
frame #6: <unknown function> + 0x51a017 (0x1486ff79b017 in /opt/conda/lib/python3.11/site-packages/torch/lib/libtorch_python.so)
frame #7: <unknown function> + 0x1f9276 (0x5605059c0276 in /opt/conda/bin/python3.11)
frame #8: _PyObject_MakeTpCall + 0x29b (0x56050599d75b in /opt/conda/bin/python3.11)
frame #9: <unknown function> + 0x227206 (0x5605059ee206 in /opt/conda/bin/python3.11)
frame #10: _PyObject_Call + 0x12b (0x5605059d9b7b in /opt/conda/bin/python3.11)
frame #11: <unknown function> + 0x2101c4 (0x5605059d71c4 in /opt/conda/bin/python3.11)
frame #12: <unknown function> + 0x1d6a11 (0x56050599da11 in /opt/conda/bin/python3.11)
frame #13: <unknown function> + 0x51880b (0x1486ff79980b in /opt/conda/lib/python3.11/site-packages/torch/lib/libtorch_python.so)
frame #14: _PyObject_MakeTpCall + 0x29b (0x56050599d75b in /opt/conda/bin/python3.11)
frame #15: _PyEval_EvalFrameDefault + 0x70a (0x5605059aadda in /opt/conda/bin/python3.11)
frame #16: _PyFunction_Vectorcall + 0x17f (0x5605059cfb4f in /opt/conda/bin/python3.11)
frame #17: _PyEval_EvalFrameDefault + 0x4ae4 (0x5605059af1b4 in /opt/conda/bin/python3.11)
frame #18: _PyFunction_Vectorcall + 0x17f (0x5605059cfb4f in /opt/conda/bin/python3.11)
frame #19: _PyEval_EvalFrameDefault + 0x4ae4 (0x5605059af1b4 in /opt/conda/bin/python3.11)
frame #20: _PyFunction_Vectorcall + 0x17f (0x5605059cfb4f in /opt/conda/bin/python3.11)
frame #21: _PyEval_EvalFrameDefault + 0x4ae4 (0x5605059af1b4 in /opt/conda/bin/python3.11)
frame #22: _PyFunction_Vectorcall + 0x17f (0x5605059cfb4f in /opt/conda/bin/python3.11)
frame #23: _PyObject_FastCallDictTstate + 0x63 (0x5605059a2353 in /opt/conda/bin/python3.11)
frame #24: _PyObject_Call_Prepend + 0x69 (0x5605059d7479 in /opt/conda/bin/python3.11)
frame #25: <unknown function> + 0x2df709 (0x560505aa6709 in /opt/conda/bin/python3.11)
frame #26: PyObject_Call + 0xbe (0x5605059d988e in /opt/conda/bin/python3.11)
frame #27: _PyEval_EvalFrameDefault + 0x4ae4 (0x5605059af1b4 in /opt/conda/bin/python3.11)
frame #28: _PyFunction_Vectorcall + 0x17f (0x5605059cfb4f in /opt/conda/bin/python3.11)
frame #29: _PyEval_EvalFrameDefault + 0x4ae4 (0x5605059af1b4 in /opt/conda/bin/python3.11)
frame #30: <unknown function> + 0x29b01d (0x560505a6201d in /opt/conda/bin/python3.11)
frame #31: PyEval_EvalCode + 0x9f (0x560505a6175f in /opt/conda/bin/python3.11)
frame #32: <unknown function> + 0x2b86ca (0x560505a7f6ca in /opt/conda/bin/python3.11)
frame #33: <unknown function> + 0x2b4353 (0x560505a7b353 in /opt/conda/bin/python3.11)
frame #34: <unknown function> + 0x2c98f0 (0x560505a908f0 in /opt/conda/bin/python3.11)
frame #35: _PyRun_SimpleFileObject + 0x1bc (0x560505a9027c in /opt/conda/bin/python3.11)
frame #36: _PyRun_AnyFileObject + 0x44 (0x560505a90014 in /opt/conda/bin/python3.11)
frame #37: Py_RunMain + 0x383 (0x560505a8a5e3 in /opt/conda/bin/python3.11)
frame #38: Py_BytesMain + 0x37 (0x560505a519d7 in /opt/conda/bin/python3.11)
frame #39: <unknown function> + 0x29d90 (0x148708b78d90 in /lib/x86_64-linux-gnu/libc.so.6)
frame #40: __libc_start_main + 0x80 (0x148708b78e40 in /lib/x86_64-linux-gnu/libc.so.6)
frame #41: <unknown function> + 0x28a88a (0x560505a5188a in /opt/conda/bin/python3.11)

[W1126 19:39:38.947425906 socket.cpp:759] [c10d] The client socket cannot be initialized to connect to [jwb0006.juwels]:30805 (errno: 97 - Address family not supported by protocol).
[W1126 19:39:38.948810663 socket.cpp:759] [c10d] The client socket has failed to connect to jwb0006.juwels:30805 (errno: 113 - No route to host).
[E1126 19:39:38.948819533 socket.cpp:813] [c10d] The client socket has failed to connect to any network address of (10.11.241.16, 30805).
[W1126 19:39:38.948879493 TCPStore.cpp:330] [c10d] TCP client failed to connect/validate to host 10.11.241.16:30805 - retrying (try=21, timeout=900000ms, delay=46739ms): The client socket has failed to connect to any network address of (10.11.241.16, 30805). The client socket has failed to connect to jwb0006.juwels:30805 (errno: 113 - No route to host).
Exception raised from run at /pytorch/torch/csrc/distributed/c10d/socket.cpp:815 (most recent call first):
frame #0: c10::Error::Error(c10::SourceLocation, std::string) + 0x96 (0x1536b956c1b6 in /opt/conda/lib/python3.11/site-packages/torch/lib/libc10.so)
frame #1: <unknown function> + 0x16155eb (0x15369cdda5eb in /opt/conda/lib/python3.11/site-packages/torch/lib/libtorch_cpu.so)
frame #2: <unknown function> + 0x63507f4 (0x1536a1b157f4 in /opt/conda/lib/python3.11/site-packages/torch/lib/libtorch_cpu.so)
frame #3: <unknown function> + 0x630d216 (0x1536a1ad2216 in /opt/conda/lib/python3.11/site-packages/torch/lib/libtorch_cpu.so)
frame #4: c10d::TCPStore::TCPStore(std::string, c10d::TCPStoreOptions const&) + 0x20c (0x1536a1ad514c in /opt/conda/lib/python3.11/site-packages/torch/lib/libtorch_cpu.so)
frame #5: <unknown function> + 0xe486ef (0x1536b16c96ef in /opt/conda/lib/python3.11/site-packages/torch/lib/libtorch_python.so)
frame #6: <unknown function> + 0x51a017 (0x1536b0d9b017 in /opt/conda/lib/python3.11/site-packages/torch/lib/libtorch_python.so)
frame #7: <unknown function> + 0x1f9276 (0x555fd5327276 in /opt/conda/bin/python3.11)
frame #8: _PyObject_MakeTpCall + 0x29b (0x555fd530475b in /opt/conda/bin/python3.11)
frame #9: <unknown function> + 0x227206 (0x555fd5355206 in /opt/conda/bin/python3.11)
frame #10: _PyObject_Call + 0x12b (0x555fd5340b7b in /opt/conda/bin/python3.11)
frame #11: <unknown function> + 0x2101c4 (0x555fd533e1c4 in /opt/conda/bin/python3.11)
frame #12: <unknown function> + 0x1d6a11 (0x555fd5304a11 in /opt/conda/bin/python3.11)
frame #13: <unknown function> + 0x51880b (0x1536b0d9980b in /opt/conda/lib/python3.11/site-packages/torch/lib/libtorch_python.so)
frame #14: _PyObject_MakeTpCall + 0x29b (0x555fd530475b in /opt/conda/bin/python3.11)
frame #15: _PyEval_EvalFrameDefault + 0x70a (0x555fd5311dda in /opt/conda/bin/python3.11)
frame #16: _PyFunction_Vectorcall + 0x17f (0x555fd5336b4f in /opt/conda/bin/python3.11)
frame #17: _PyEval_EvalFrameDefault + 0x4ae4 (0x555fd53161b4 in /opt/conda/bin/python3.11)
frame #18: _PyFunction_Vectorcall + 0x17f (0x555fd5336b4f in /opt/conda/bin/python3.11)
frame #19: _PyEval_EvalFrameDefault + 0x4ae4 (0x555fd53161b4 in /opt/conda/bin/python3.11)
frame #20: _PyFunction_Vectorcall + 0x17f (0x555fd5336b4f in /opt/conda/bin/python3.11)
frame #21: _PyEval_EvalFrameDefault + 0x4ae4 (0x555fd53161b4 in /opt/conda/bin/python3.11)
frame #22: _PyFunction_Vectorcall + 0x17f (0x555fd5336b4f in /opt/conda/bin/python3.11)
frame #23: _PyObject_FastCallDictTstate + 0x63 (0x555fd5309353 in /opt/conda/bin/python3.11)
frame #24: _PyObject_Call_Prepend + 0x69 (0x555fd533e479 in /opt/conda/bin/python3.11)
frame #25: <unknown function> + 0x2df709 (0x555fd540d709 in /opt/conda/bin/python3.11)
frame #26: PyObject_Call + 0xbe (0x555fd534088e in /opt/conda/bin/python3.11)
frame #27: _PyEval_EvalFrameDefault + 0x4ae4 (0x555fd53161b4 in /opt/conda/bin/python3.11)
frame #28: _PyFunction_Vectorcall + 0x17f (0x555fd5336b4f in /opt/conda/bin/python3.11)
frame #29: _PyEval_EvalFrameDefault + 0x4ae4 (0x555fd53161b4 in /opt/conda/bin/python3.11)
frame #30: <unknown function> + 0x29b01d (0x555fd53c901d in /opt/conda/bin/python3.11)
frame #31: PyEval_EvalCode + 0x9f (0x555fd53c875f in /opt/conda/bin/python3.11)
frame #32: <unknown function> + 0x2b86ca (0x555fd53e66ca in /opt/conda/bin/python3.11)
frame #33: <unknown function> + 0x2b4353 (0x555fd53e2353 in /opt/conda/bin/python3.11)
frame #34: <unknown function> + 0x2c98f0 (0x555fd53f78f0 in /opt/conda/bin/python3.11)
frame #35: _PyRun_SimpleFileObject + 0x1bc (0x555fd53f727c in /opt/conda/bin/python3.11)
frame #36: _PyRun_AnyFileObject + 0x44 (0x555fd53f7014 in /opt/conda/bin/python3.11)
frame #37: Py_RunMain + 0x383 (0x555fd53f15e3 in /opt/conda/bin/python3.11)
frame #38: Py_BytesMain + 0x37 (0x555fd53b89d7 in /opt/conda/bin/python3.11)
frame #39: <unknown function> + 0x29d90 (0x1536ba2a5d90 in /lib/x86_64-linux-gnu/libc.so.6)
frame #40: __libc_start_main + 0x80 (0x1536ba2a5e40 in /lib/x86_64-linux-gnu/libc.so.6)
frame #41: <unknown function> + 0x28a88a (0x555fd53b888a in /opt/conda/bin/python3.11)

[W1126 19:39:58.182789471 socket.cpp:759] [c10d] The client socket cannot be initialized to connect to [jwb0006.juwels]:30805 (errno: 97 - Address family not supported by protocol).
[W1126 19:39:58.183760122 socket.cpp:759] [c10d] The client socket has failed to connect to jwb0006.juwels:30805 (errno: 113 - No route to host).
[E1126 19:39:58.183771292 socket.cpp:813] [c10d] The client socket has failed to connect to any network address of (10.11.241.16, 30805).
[W1126 19:39:58.183847023 TCPStore.cpp:330] [c10d] TCP client failed to connect/validate to host 10.11.241.16:30805 - retrying (try=24, timeout=900000ms, delay=82685ms): The client socket has failed to connect to any network address of (10.11.241.16, 30805). The client socket has failed to connect to jwb0006.juwels:30805 (errno: 113 - No route to host).
Exception raised from run at /pytorch/torch/csrc/distributed/c10d/socket.cpp:815 (most recent call first):
frame #0: c10::Error::Error(c10::SourceLocation, std::string) + 0x96 (0x150873d6c1b6 in /opt/conda/lib/python3.11/site-packages/torch/lib/libc10.so)
frame #1: <unknown function> + 0x16155eb (0x1508579da5eb in /opt/conda/lib/python3.11/site-packages/torch/lib/libtorch_cpu.so)
frame #2: <unknown function> + 0x63507f4 (0x15085c7157f4 in /opt/conda/lib/python3.11/site-packages/torch/lib/libtorch_cpu.so)
frame #3: <unknown function> + 0x630d216 (0x15085c6d2216 in /opt/conda/lib/python3.11/site-packages/torch/lib/libtorch_cpu.so)
frame #4: c10d::TCPStore::TCPStore(std::string, c10d::TCPStoreOptions const&) + 0x20c (0x15085c6d514c in /opt/conda/lib/python3.11/site-packages/torch/lib/libtorch_cpu.so)
frame #5: <unknown function> + 0xe486ef (0x15086c2c96ef in /opt/conda/lib/python3.11/site-packages/torch/lib/libtorch_python.so)
frame #6: <unknown function> + 0x51a017 (0x15086b99b017 in /opt/conda/lib/python3.11/site-packages/torch/lib/libtorch_python.so)
frame #7: <unknown function> + 0x1f9276 (0x561064099276 in /opt/conda/bin/python3.11)
frame #8: _PyObject_MakeTpCall + 0x29b (0x56106407675b in /opt/conda/bin/python3.11)
frame #9: <unknown function> + 0x227206 (0x5610640c7206 in /opt/conda/bin/python3.11)
frame #10: _PyObject_Call + 0x12b (0x5610640b2b7b in /opt/conda/bin/python3.11)
frame #11: <unknown function> + 0x2101c4 (0x5610640b01c4 in /opt/conda/bin/python3.11)
frame #12: <unknown function> + 0x1d6a11 (0x561064076a11 in /opt/conda/bin/python3.11)
frame #13: <unknown function> + 0x51880b (0x15086b99980b in /opt/conda/lib/python3.11/site-packages/torch/lib/libtorch_python.so)
frame #14: _PyObject_MakeTpCall + 0x29b (0x56106407675b in /opt/conda/bin/python3.11)
frame #15: _PyEval_EvalFrameDefault + 0x70a (0x561064083dda in /opt/conda/bin/python3.11)
frame #16: _PyFunction_Vectorcall + 0x17f (0x5610640a8b4f in /opt/conda/bin/python3.11)
frame #17: _PyEval_EvalFrameDefault + 0x4ae4 (0x5610640881b4 in /opt/conda/bin/python3.11)
frame #18: _PyFunction_Vectorcall + 0x17f (0x5610640a8b4f in /opt/conda/bin/python3.11)
frame #19: _PyEval_EvalFrameDefault + 0x4ae4 (0x5610640881b4 in /opt/conda/bin/python3.11)
frame #20: _PyFunction_Vectorcall + 0x17f (0x5610640a8b4f in /opt/conda/bin/python3.11)
frame #21: _PyEval_EvalFrameDefault + 0x4ae4 (0x5610640881b4 in /opt/conda/bin/python3.11)
frame #22: _PyFunction_Vectorcall + 0x17f (0x5610640a8b4f in /opt/conda/bin/python3.11)
frame #23: _PyObject_FastCallDictTstate + 0x63 (0x56106407b353 in /opt/conda/bin/python3.11)
frame #24: _PyObject_Call_Prepend + 0x69 (0x5610640b0479 in /opt/conda/bin/python3.11)
frame #25: <unknown function> + 0x2df709 (0x56106417f709 in /opt/conda/bin/python3.11)
frame #26: PyObject_Call + 0xbe (0x5610640b288e in /opt/conda/bin/python3.11)
frame #27: _PyEval_EvalFrameDefault + 0x4ae4 (0x5610640881b4 in /opt/conda/bin/python3.11)
frame #28: _PyFunction_Vectorcall + 0x17f (0x5610640a8b4f in /opt/conda/bin/python3.11)
frame #29: _PyEval_EvalFrameDefault + 0x4ae4 (0x5610640881b4 in /opt/conda/bin/python3.11)
frame #30: <unknown function> + 0x29b01d (0x56106413b01d in /opt/conda/bin/python3.11)
frame #31: PyEval_EvalCode + 0x9f (0x56106413a75f in /opt/conda/bin/python3.11)
frame #32: <unknown function> + 0x2b86ca (0x5610641586ca in /opt/conda/bin/python3.11)
frame #33: <unknown function> + 0x2b4353 (0x561064154353 in /opt/conda/bin/python3.11)
frame #34: <unknown function> + 0x2c98f0 (0x5610641698f0 in /opt/conda/bin/python3.11)
frame #35: _PyRun_SimpleFileObject + 0x1bc (0x56106416927c in /opt/conda/bin/python3.11)
frame #36: _PyRun_AnyFileObject + 0x44 (0x561064169014 in /opt/conda/bin/python3.11)
frame #37: Py_RunMain + 0x383 (0x5610641635e3 in /opt/conda/bin/python3.11)
frame #38: Py_BytesMain + 0x37 (0x56106412a9d7 in /opt/conda/bin/python3.11)
frame #39: <unknown function> + 0x29d90 (0x150874d40d90 in /lib/x86_64-linux-gnu/libc.so.6)
frame #40: __libc_start_main + 0x80 (0x150874d40e40 in /lib/x86_64-linux-gnu/libc.so.6)
frame #41: <unknown function> + 0x28a88a (0x56106412a88a in /opt/conda/bin/python3.11)

[W1126 19:39:59.393579643 socket.cpp:759] [c10d] The client socket cannot be initialized to connect to [jwb0006.juwels]:30805 (errno: 97 - Address family not supported by protocol).
[W1126 19:39:59.394508661 socket.cpp:759] [c10d] The client socket has failed to connect to jwb0006.juwels:30805 (errno: 113 - No route to host).
[E1126 19:39:59.394517141 socket.cpp:813] [c10d] The client socket has failed to connect to any network address of (10.11.241.16, 30805).
[W1126 19:39:59.394598271 TCPStore.cpp:330] [c10d] TCP client failed to connect/validate to host 10.11.241.16:30805 - retrying (try=22, timeout=900000ms, delay=64968ms): The client socket has failed to connect to any network address of (10.11.241.16, 30805). The client socket has failed to connect to jwb0006.juwels:30805 (errno: 113 - No route to host).
Exception raised from run at /pytorch/torch/csrc/distributed/c10d/socket.cpp:815 (most recent call first):
frame #0: c10::Error::Error(c10::SourceLocation, std::string) + 0x96 (0x148707b6c1b6 in /opt/conda/lib/python3.11/site-packages/torch/lib/libc10.so)
frame #1: <unknown function> + 0x16155eb (0x1486eb7da5eb in /opt/conda/lib/python3.11/site-packages/torch/lib/libtorch_cpu.so)
frame #2: <unknown function> + 0x63507f4 (0x1486f05157f4 in /opt/conda/lib/python3.11/site-packages/torch/lib/libtorch_cpu.so)
frame #3: <unknown function> + 0x630d216 (0x1486f04d2216 in /opt/conda/lib/python3.11/site-packages/torch/lib/libtorch_cpu.so)
frame #4: c10d::TCPStore::TCPStore(std::string, c10d::TCPStoreOptions const&) + 0x20c (0x1486f04d514c in /opt/conda/lib/python3.11/site-packages/torch/lib/libtorch_cpu.so)
frame #5: <unknown function> + 0xe486ef (0x1487000c96ef in /opt/conda/lib/python3.11/site-packages/torch/lib/libtorch_python.so)
frame #6: <unknown function> + 0x51a017 (0x1486ff79b017 in /opt/conda/lib/python3.11/site-packages/torch/lib/libtorch_python.so)
frame #7: <unknown function> + 0x1f9276 (0x5605059c0276 in /opt/conda/bin/python3.11)
frame #8: _PyObject_MakeTpCall + 0x29b (0x56050599d75b in /opt/conda/bin/python3.11)
frame #9: <unknown function> + 0x227206 (0x5605059ee206 in /opt/conda/bin/python3.11)
frame #10: _PyObject_Call + 0x12b (0x5605059d9b7b in /opt/conda/bin/python3.11)
frame #11: <unknown function> + 0x2101c4 (0x5605059d71c4 in /opt/conda/bin/python3.11)
frame #12: <unknown function> + 0x1d6a11 (0x56050599da11 in /opt/conda/bin/python3.11)
frame #13: <unknown function> + 0x51880b (0x1486ff79980b in /opt/conda/lib/python3.11/site-packages/torch/lib/libtorch_python.so)
frame #14: _PyObject_MakeTpCall + 0x29b (0x56050599d75b in /opt/conda/bin/python3.11)
frame #15: _PyEval_EvalFrameDefault + 0x70a (0x5605059aadda in /opt/conda/bin/python3.11)
frame #16: _PyFunction_Vectorcall + 0x17f (0x5605059cfb4f in /opt/conda/bin/python3.11)
frame #17: _PyEval_EvalFrameDefault + 0x4ae4 (0x5605059af1b4 in /opt/conda/bin/python3.11)
frame #18: _PyFunction_Vectorcall + 0x17f (0x5605059cfb4f in /opt/conda/bin/python3.11)
frame #19: _PyEval_EvalFrameDefault + 0x4ae4 (0x5605059af1b4 in /opt/conda/bin/python3.11)
frame #20: _PyFunction_Vectorcall + 0x17f (0x5605059cfb4f in /opt/conda/bin/python3.11)
frame #21: _PyEval_EvalFrameDefault + 0x4ae4 (0x5605059af1b4 in /opt/conda/bin/python3.11)
frame #22: _PyFunction_Vectorcall + 0x17f (0x5605059cfb4f in /opt/conda/bin/python3.11)
frame #23: _PyObject_FastCallDictTstate + 0x63 (0x5605059a2353 in /opt/conda/bin/python3.11)
frame #24: _PyObject_Call_Prepend + 0x69 (0x5605059d7479 in /opt/conda/bin/python3.11)
frame #25: <unknown function> + 0x2df709 (0x560505aa6709 in /opt/conda/bin/python3.11)
frame #26: PyObject_Call + 0xbe (0x5605059d988e in /opt/conda/bin/python3.11)
frame #27: _PyEval_EvalFrameDefault + 0x4ae4 (0x5605059af1b4 in /opt/conda/bin/python3.11)
frame #28: _PyFunction_Vectorcall + 0x17f (0x5605059cfb4f in /opt/conda/bin/python3.11)
frame #29: _PyEval_EvalFrameDefault + 0x4ae4 (0x5605059af1b4 in /opt/conda/bin/python3.11)
frame #30: <unknown function> + 0x29b01d (0x560505a6201d in /opt/conda/bin/python3.11)
frame #31: PyEval_EvalCode + 0x9f (0x560505a6175f in /opt/conda/bin/python3.11)
frame #32: <unknown function> + 0x2b86ca (0x560505a7f6ca in /opt/conda/bin/python3.11)
frame #33: <unknown function> + 0x2b4353 (0x560505a7b353 in /opt/conda/bin/python3.11)
frame #34: <unknown function> + 0x2c98f0 (0x560505a908f0 in /opt/conda/bin/python3.11)
frame #35: _PyRun_SimpleFileObject + 0x1bc (0x560505a9027c in /opt/conda/bin/python3.11)
frame #36: _PyRun_AnyFileObject + 0x44 (0x560505a90014 in /opt/conda/bin/python3.11)
frame #37: Py_RunMain + 0x383 (0x560505a8a5e3 in /opt/conda/bin/python3.11)
frame #38: Py_BytesMain + 0x37 (0x560505a519d7 in /opt/conda/bin/python3.11)
frame #39: <unknown function> + 0x29d90 (0x148708b78d90 in /lib/x86_64-linux-gnu/libc.so.6)
frame #40: __libc_start_main + 0x80 (0x148708b78e40 in /lib/x86_64-linux-gnu/libc.so.6)
frame #41: <unknown function> + 0x28a88a (0x560505a5188a in /opt/conda/bin/python3.11)

[W1126 19:40:25.694257405 socket.cpp:759] [c10d] The client socket cannot be initialized to connect to [jwb0006.juwels]:30805 (errno: 97 - Address family not supported by protocol).
[W1126 19:40:25.695269150 socket.cpp:759] [c10d] The client socket has failed to connect to jwb0006.juwels:30805 (errno: 113 - No route to host).
[E1126 19:40:25.695277930 socket.cpp:813] [c10d] The client socket has failed to connect to any network address of (10.11.241.16, 30805).
[W1126 19:40:25.695328710 TCPStore.cpp:330] [c10d] TCP client failed to connect/validate to host 10.11.241.16:30805 - retrying (try=22, timeout=900000ms, delay=40226ms): The client socket has failed to connect to any network address of (10.11.241.16, 30805). The client socket has failed to connect to jwb0006.juwels:30805 (errno: 113 - No route to host).
Exception raised from run at /pytorch/torch/csrc/distributed/c10d/socket.cpp:815 (most recent call first):
frame #0: c10::Error::Error(c10::SourceLocation, std::string) + 0x96 (0x1536b956c1b6 in /opt/conda/lib/python3.11/site-packages/torch/lib/libc10.so)
frame #1: <unknown function> + 0x16155eb (0x15369cdda5eb in /opt/conda/lib/python3.11/site-packages/torch/lib/libtorch_cpu.so)
frame #2: <unknown function> + 0x63507f4 (0x1536a1b157f4 in /opt/conda/lib/python3.11/site-packages/torch/lib/libtorch_cpu.so)
frame #3: <unknown function> + 0x630d216 (0x1536a1ad2216 in /opt/conda/lib/python3.11/site-packages/torch/lib/libtorch_cpu.so)
frame #4: c10d::TCPStore::TCPStore(std::string, c10d::TCPStoreOptions const&) + 0x20c (0x1536a1ad514c in /opt/conda/lib/python3.11/site-packages/torch/lib/libtorch_cpu.so)
frame #5: <unknown function> + 0xe486ef (0x1536b16c96ef in /opt/conda/lib/python3.11/site-packages/torch/lib/libtorch_python.so)
frame #6: <unknown function> + 0x51a017 (0x1536b0d9b017 in /opt/conda/lib/python3.11/site-packages/torch/lib/libtorch_python.so)
frame #7: <unknown function> + 0x1f9276 (0x555fd5327276 in /opt/conda/bin/python3.11)
frame #8: _PyObject_MakeTpCall + 0x29b (0x555fd530475b in /opt/conda/bin/python3.11)
frame #9: <unknown function> + 0x227206 (0x555fd5355206 in /opt/conda/bin/python3.11)
frame #10: _PyObject_Call + 0x12b (0x555fd5340b7b in /opt/conda/bin/python3.11)
frame #11: <unknown function> + 0x2101c4 (0x555fd533e1c4 in /opt/conda/bin/python3.11)
frame #12: <unknown function> + 0x1d6a11 (0x555fd5304a11 in /opt/conda/bin/python3.11)
frame #13: <unknown function> + 0x51880b (0x1536b0d9980b in /opt/conda/lib/python3.11/site-packages/torch/lib/libtorch_python.so)
frame #14: _PyObject_MakeTpCall + 0x29b (0x555fd530475b in /opt/conda/bin/python3.11)
frame #15: _PyEval_EvalFrameDefault + 0x70a (0x555fd5311dda in /opt/conda/bin/python3.11)
frame #16: _PyFunction_Vectorcall + 0x17f (0x555fd5336b4f in /opt/conda/bin/python3.11)
frame #17: _PyEval_EvalFrameDefault + 0x4ae4 (0x555fd53161b4 in /opt/conda/bin/python3.11)
frame #18: _PyFunction_Vectorcall + 0x17f (0x555fd5336b4f in /opt/conda/bin/python3.11)
frame #19: _PyEval_EvalFrameDefault + 0x4ae4 (0x555fd53161b4 in /opt/conda/bin/python3.11)
frame #20: _PyFunction_Vectorcall + 0x17f (0x555fd5336b4f in /opt/conda/bin/python3.11)
frame #21: _PyEval_EvalFrameDefault + 0x4ae4 (0x555fd53161b4 in /opt/conda/bin/python3.11)
frame #22: _PyFunction_Vectorcall + 0x17f (0x555fd5336b4f in /opt/conda/bin/python3.11)
frame #23: _PyObject_FastCallDictTstate + 0x63 (0x555fd5309353 in /opt/conda/bin/python3.11)
frame #24: _PyObject_Call_Prepend + 0x69 (0x555fd533e479 in /opt/conda/bin/python3.11)
frame #25: <unknown function> + 0x2df709 (0x555fd540d709 in /opt/conda/bin/python3.11)
frame #26: PyObject_Call + 0xbe (0x555fd534088e in /opt/conda/bin/python3.11)
frame #27: _PyEval_EvalFrameDefault + 0x4ae4 (0x555fd53161b4 in /opt/conda/bin/python3.11)
frame #28: _PyFunction_Vectorcall + 0x17f (0x555fd5336b4f in /opt/conda/bin/python3.11)
frame #29: _PyEval_EvalFrameDefault + 0x4ae4 (0x555fd53161b4 in /opt/conda/bin/python3.11)
frame #30: <unknown function> + 0x29b01d (0x555fd53c901d in /opt/conda/bin/python3.11)
frame #31: PyEval_EvalCode + 0x9f (0x555fd53c875f in /opt/conda/bin/python3.11)
frame #32: <unknown function> + 0x2b86ca (0x555fd53e66ca in /opt/conda/bin/python3.11)
frame #33: <unknown function> + 0x2b4353 (0x555fd53e2353 in /opt/conda/bin/python3.11)
frame #34: <unknown function> + 0x2c98f0 (0x555fd53f78f0 in /opt/conda/bin/python3.11)
frame #35: _PyRun_SimpleFileObject + 0x1bc (0x555fd53f727c in /opt/conda/bin/python3.11)
frame #36: _PyRun_AnyFileObject + 0x44 (0x555fd53f7014 in /opt/conda/bin/python3.11)
frame #37: Py_RunMain + 0x383 (0x555fd53f15e3 in /opt/conda/bin/python3.11)
frame #38: Py_BytesMain + 0x37 (0x555fd53b89d7 in /opt/conda/bin/python3.11)
frame #39: <unknown function> + 0x29d90 (0x1536ba2a5d90 in /lib/x86_64-linux-gnu/libc.so.6)
frame #40: __libc_start_main + 0x80 (0x1536ba2a5e40 in /lib/x86_64-linux-gnu/libc.so.6)
frame #41: <unknown function> + 0x28a88a (0x555fd53b888a in /opt/conda/bin/python3.11)

[W1126 19:40:26.347890905 socket.cpp:759] [c10d] The client socket cannot be initialized to connect to [jwb0006.juwels]:30805 (errno: 97 - Address family not supported by protocol).
[W1126 19:40:26.348879410 socket.cpp:759] [c10d] The client socket has failed to connect to jwb0006.juwels:30805 (errno: 113 - No route to host).
[E1126 19:40:26.348887330 socket.cpp:813] [c10d] The client socket has failed to connect to any network address of (10.11.241.16, 30805).
[W1126 19:40:26.348959040 TCPStore.cpp:330] [c10d] TCP client failed to connect/validate to host 10.11.241.16:30805 - retrying (try=22, timeout=900000ms, delay=43120ms): The client socket has failed to connect to any network address of (10.11.241.16, 30805). The client socket has failed to connect to jwb0006.juwels:30805 (errno: 113 - No route to host).
Exception raised from run at /pytorch/torch/csrc/distributed/c10d/socket.cpp:815 (most recent call first):
frame #0: c10::Error::Error(c10::SourceLocation, std::string) + 0x96 (0x14ee9ff6c1b6 in /opt/conda/lib/python3.11/site-packages/torch/lib/libc10.so)
frame #1: <unknown function> + 0x16155eb (0x14ee837da5eb in /opt/conda/lib/python3.11/site-packages/torch/lib/libtorch_cpu.so)
frame #2: <unknown function> + 0x63507f4 (0x14ee885157f4 in /opt/conda/lib/python3.11/site-packages/torch/lib/libtorch_cpu.so)
frame #3: <unknown function> + 0x630d216 (0x14ee884d2216 in /opt/conda/lib/python3.11/site-packages/torch/lib/libtorch_cpu.so)
frame #4: c10d::TCPStore::TCPStore(std::string, c10d::TCPStoreOptions const&) + 0x20c (0x14ee884d514c in /opt/conda/lib/python3.11/site-packages/torch/lib/libtorch_cpu.so)
frame #5: <unknown function> + 0xe486ef (0x14ee980c96ef in /opt/conda/lib/python3.11/site-packages/torch/lib/libtorch_python.so)
frame #6: <unknown function> + 0x51a017 (0x14ee9779b017 in /opt/conda/lib/python3.11/site-packages/torch/lib/libtorch_python.so)
frame #7: <unknown function> + 0x1f9276 (0x5596ebd77276 in /opt/conda/bin/python3.11)
frame #8: _PyObject_MakeTpCall + 0x29b (0x5596ebd5475b in /opt/conda/bin/python3.11)
frame #9: <unknown function> + 0x227206 (0x5596ebda5206 in /opt/conda/bin/python3.11)
frame #10: _PyObject_Call + 0x12b (0x5596ebd90b7b in /opt/conda/bin/python3.11)
frame #11: <unknown function> + 0x2101c4 (0x5596ebd8e1c4 in /opt/conda/bin/python3.11)
frame #12: <unknown function> + 0x1d6a11 (0x5596ebd54a11 in /opt/conda/bin/python3.11)
frame #13: <unknown function> + 0x51880b (0x14ee9779980b in /opt/conda/lib/python3.11/site-packages/torch/lib/libtorch_python.so)
frame #14: _PyObject_MakeTpCall + 0x29b (0x5596ebd5475b in /opt/conda/bin/python3.11)
frame #15: _PyEval_EvalFrameDefault + 0x70a (0x5596ebd61dda in /opt/conda/bin/python3.11)
frame #16: _PyFunction_Vectorcall + 0x17f (0x5596ebd86b4f in /opt/conda/bin/python3.11)
frame #17: _PyEval_EvalFrameDefault + 0x4ae4 (0x5596ebd661b4 in /opt/conda/bin/python3.11)
frame #18: _PyFunction_Vectorcall + 0x17f (0x5596ebd86b4f in /opt/conda/bin/python3.11)
frame #19: _PyEval_EvalFrameDefault + 0x4ae4 (0x5596ebd661b4 in /opt/conda/bin/python3.11)
frame #20: _PyFunction_Vectorcall + 0x17f (0x5596ebd86b4f in /opt/conda/bin/python3.11)
frame #21: _PyEval_EvalFrameDefault + 0x4ae4 (0x5596ebd661b4 in /opt/conda/bin/python3.11)
frame #22: _PyFunction_Vectorcall + 0x17f (0x5596ebd86b4f in /opt/conda/bin/python3.11)
frame #23: _PyObject_FastCallDictTstate + 0x63 (0x5596ebd59353 in /opt/conda/bin/python3.11)
frame #24: _PyObject_Call_Prepend + 0x69 (0x5596ebd8e479 in /opt/conda/bin/python3.11)
frame #25: <unknown function> + 0x2df709 (0x5596ebe5d709 in /opt/conda/bin/python3.11)
frame #26: PyObject_Call + 0xbe (0x5596ebd9088e in /opt/conda/bin/python3.11)
frame #27: _PyEval_EvalFrameDefault + 0x4ae4 (0x5596ebd661b4 in /opt/conda/bin/python3.11)
frame #28: _PyFunction_Vectorcall + 0x17f (0x5596ebd86b4f in /opt/conda/bin/python3.11)
frame #29: _PyEval_EvalFrameDefault + 0x4ae4 (0x5596ebd661b4 in /opt/conda/bin/python3.11)
frame #30: <unknown function> + 0x29b01d (0x5596ebe1901d in /opt/conda/bin/python3.11)
frame #31: PyEval_EvalCode + 0x9f (0x5596ebe1875f in /opt/conda/bin/python3.11)
frame #32: <unknown function> + 0x2b86ca (0x5596ebe366ca in /opt/conda/bin/python3.11)
frame #33: <unknown function> + 0x2b4353 (0x5596ebe32353 in /opt/conda/bin/python3.11)
frame #34: <unknown function> + 0x2c98f0 (0x5596ebe478f0 in /opt/conda/bin/python3.11)
frame #35: _PyRun_SimpleFileObject + 0x1bc (0x5596ebe4727c in /opt/conda/bin/python3.11)
frame #36: _PyRun_AnyFileObject + 0x44 (0x5596ebe47014 in /opt/conda/bin/python3.11)
frame #37: Py_RunMain + 0x383 (0x5596ebe415e3 in /opt/conda/bin/python3.11)
frame #38: Py_BytesMain + 0x37 (0x5596ebe089d7 in /opt/conda/bin/python3.11)
frame #39: <unknown function> + 0x29d90 (0x14eea0c18d90 in /lib/x86_64-linux-gnu/libc.so.6)
frame #40: __libc_start_main + 0x80 (0x14eea0c18e40 in /lib/x86_64-linux-gnu/libc.so.6)
frame #41: <unknown function> + 0x28a88a (0x5596ebe0888a in /opt/conda/bin/python3.11)

[W1126 19:41:04.369404648 socket.cpp:759] [c10d] The client socket cannot be initialized to connect to [jwb0006.juwels]:30805 (errno: 97 - Address family not supported by protocol).
[W1126 19:41:04.370656329 socket.cpp:759] [c10d] The client socket has failed to connect to jwb0006.juwels:30805 (errno: 113 - No route to host).
[E1126 19:41:04.370665289 socket.cpp:813] [c10d] The client socket has failed to connect to any network address of (10.11.241.16, 30805).
[W1126 19:41:04.370758840 TCPStore.cpp:330] [c10d] TCP client failed to connect/validate to host 10.11.241.16:30805 - retrying (try=23, timeout=900000ms, delay=78685ms): The client socket has failed to connect to any network address of (10.11.241.16, 30805). The client socket has failed to connect to jwb0006.juwels:30805 (errno: 113 - No route to host).
Exception raised from run at /pytorch/torch/csrc/distributed/c10d/socket.cpp:815 (most recent call first):
frame #0: c10::Error::Error(c10::SourceLocation, std::string) + 0x96 (0x148707b6c1b6 in /opt/conda/lib/python3.11/site-packages/torch/lib/libc10.so)
frame #1: <unknown function> + 0x16155eb (0x1486eb7da5eb in /opt/conda/lib/python3.11/site-packages/torch/lib/libtorch_cpu.so)
frame #2: <unknown function> + 0x63507f4 (0x1486f05157f4 in /opt/conda/lib/python3.11/site-packages/torch/lib/libtorch_cpu.so)
frame #3: <unknown function> + 0x630d216 (0x1486f04d2216 in /opt/conda/lib/python3.11/site-packages/torch/lib/libtorch_cpu.so)
frame #4: c10d::TCPStore::TCPStore(std::string, c10d::TCPStoreOptions const&) + 0x20c (0x1486f04d514c in /opt/conda/lib/python3.11/site-packages/torch/lib/libtorch_cpu.so)
frame #5: <unknown function> + 0xe486ef (0x1487000c96ef in /opt/conda/lib/python3.11/site-packages/torch/lib/libtorch_python.so)
frame #6: <unknown function> + 0x51a017 (0x1486ff79b017 in /opt/conda/lib/python3.11/site-packages/torch/lib/libtorch_python.so)
frame #7: <unknown function> + 0x1f9276 (0x5605059c0276 in /opt/conda/bin/python3.11)
frame #8: _PyObject_MakeTpCall + 0x29b (0x56050599d75b in /opt/conda/bin/python3.11)
frame #9: <unknown function> + 0x227206 (0x5605059ee206 in /opt/conda/bin/python3.11)
frame #10: _PyObject_Call + 0x12b (0x5605059d9b7b in /opt/conda/bin/python3.11)
frame #11: <unknown function> + 0x2101c4 (0x5605059d71c4 in /opt/conda/bin/python3.11)
frame #12: <unknown function> + 0x1d6a11 (0x56050599da11 in /opt/conda/bin/python3.11)
frame #13: <unknown function> + 0x51880b (0x1486ff79980b in /opt/conda/lib/python3.11/site-packages/torch/lib/libtorch_python.so)
frame #14: _PyObject_MakeTpCall + 0x29b (0x56050599d75b in /opt/conda/bin/python3.11)
frame #15: _PyEval_EvalFrameDefault + 0x70a (0x5605059aadda in /opt/conda/bin/python3.11)
frame #16: _PyFunction_Vectorcall + 0x17f (0x5605059cfb4f in /opt/conda/bin/python3.11)
frame #17: _PyEval_EvalFrameDefault + 0x4ae4 (0x5605059af1b4 in /opt/conda/bin/python3.11)
frame #18: _PyFunction_Vectorcall + 0x17f (0x5605059cfb4f in /opt/conda/bin/python3.11)
frame #19: _PyEval_EvalFrameDefault + 0x4ae4 (0x5605059af1b4 in /opt/conda/bin/python3.11)
frame #20: _PyFunction_Vectorcall + 0x17f (0x5605059cfb4f in /opt/conda/bin/python3.11)
frame #21: _PyEval_EvalFrameDefault + 0x4ae4 (0x5605059af1b4 in /opt/conda/bin/python3.11)
frame #22: _PyFunction_Vectorcall + 0x17f (0x5605059cfb4f in /opt/conda/bin/python3.11)
frame #23: _PyObject_FastCallDictTstate + 0x63 (0x5605059a2353 in /opt/conda/bin/python3.11)
frame #24: _PyObject_Call_Prepend + 0x69 (0x5605059d7479 in /opt/conda/bin/python3.11)
frame #25: <unknown function> + 0x2df709 (0x560505aa6709 in /opt/conda/bin/python3.11)
frame #26: PyObject_Call + 0xbe (0x5605059d988e in /opt/conda/bin/python3.11)
frame #27: _PyEval_EvalFrameDefault + 0x4ae4 (0x5605059af1b4 in /opt/conda/bin/python3.11)
frame #28: _PyFunction_Vectorcall + 0x17f (0x5605059cfb4f in /opt/conda/bin/python3.11)
frame #29: _PyEval_EvalFrameDefault + 0x4ae4 (0x5605059af1b4 in /opt/conda/bin/python3.11)
frame #30: <unknown function> + 0x29b01d (0x560505a6201d in /opt/conda/bin/python3.11)
frame #31: PyEval_EvalCode + 0x9f (0x560505a6175f in /opt/conda/bin/python3.11)
frame #32: <unknown function> + 0x2b86ca (0x560505a7f6ca in /opt/conda/bin/python3.11)
frame #33: <unknown function> + 0x2b4353 (0x560505a7b353 in /opt/conda/bin/python3.11)
frame #34: <unknown function> + 0x2c98f0 (0x560505a908f0 in /opt/conda/bin/python3.11)
frame #35: _PyRun_SimpleFileObject + 0x1bc (0x560505a9027c in /opt/conda/bin/python3.11)
frame #36: _PyRun_AnyFileObject + 0x44 (0x560505a90014 in /opt/conda/bin/python3.11)
frame #37: Py_RunMain + 0x383 (0x560505a8a5e3 in /opt/conda/bin/python3.11)
frame #38: Py_BytesMain + 0x37 (0x560505a519d7 in /opt/conda/bin/python3.11)
frame #39: <unknown function> + 0x29d90 (0x148708b78d90 in /lib/x86_64-linux-gnu/libc.so.6)
frame #40: __libc_start_main + 0x80 (0x148708b78e40 in /lib/x86_64-linux-gnu/libc.so.6)
frame #41: <unknown function> + 0x28a88a (0x560505a5188a in /opt/conda/bin/python3.11)

[W1126 19:41:05.927757426 socket.cpp:759] [c10d] The client socket cannot be initialized to connect to [jwb0006.juwels]:30805 (errno: 97 - Address family not supported by protocol).
[W1126 19:41:05.928701461 socket.cpp:759] [c10d] The client socket has failed to connect to jwb0006.juwels:30805 (errno: 113 - No route to host).
[E1126 19:41:05.928711281 socket.cpp:813] [c10d] The client socket has failed to connect to any network address of (10.11.241.16, 30805).
[W1126 19:41:05.928776231 TCPStore.cpp:330] [c10d] TCP client failed to connect/validate to host 10.11.241.16:30805 - retrying (try=23, timeout=900000ms, delay=86103ms): The client socket has failed to connect to any network address of (10.11.241.16, 30805). The client socket has failed to connect to jwb0006.juwels:30805 (errno: 113 - No route to host).
Exception raised from run at /pytorch/torch/csrc/distributed/c10d/socket.cpp:815 (most recent call first):
frame #0: c10::Error::Error(c10::SourceLocation, std::string) + 0x96 (0x1536b956c1b6 in /opt/conda/lib/python3.11/site-packages/torch/lib/libc10.so)
frame #1: <unknown function> + 0x16155eb (0x15369cdda5eb in /opt/conda/lib/python3.11/site-packages/torch/lib/libtorch_cpu.so)
frame #2: <unknown function> + 0x63507f4 (0x1536a1b157f4 in /opt/conda/lib/python3.11/site-packages/torch/lib/libtorch_cpu.so)
frame #3: <unknown function> + 0x630d216 (0x1536a1ad2216 in /opt/conda/lib/python3.11/site-packages/torch/lib/libtorch_cpu.so)
frame #4: c10d::TCPStore::TCPStore(std::string, c10d::TCPStoreOptions const&) + 0x20c (0x1536a1ad514c in /opt/conda/lib/python3.11/site-packages/torch/lib/libtorch_cpu.so)
frame #5: <unknown function> + 0xe486ef (0x1536b16c96ef in /opt/conda/lib/python3.11/site-packages/torch/lib/libtorch_python.so)
frame #6: <unknown function> + 0x51a017 (0x1536b0d9b017 in /opt/conda/lib/python3.11/site-packages/torch/lib/libtorch_python.so)
frame #7: <unknown function> + 0x1f9276 (0x555fd5327276 in /opt/conda/bin/python3.11)
frame #8: _PyObject_MakeTpCall + 0x29b (0x555fd530475b in /opt/conda/bin/python3.11)
frame #9: <unknown function> + 0x227206 (0x555fd5355206 in /opt/conda/bin/python3.11)
frame #10: _PyObject_Call + 0x12b (0x555fd5340b7b in /opt/conda/bin/python3.11)
frame #11: <unknown function> + 0x2101c4 (0x555fd533e1c4 in /opt/conda/bin/python3.11)
frame #12: <unknown function> + 0x1d6a11 (0x555fd5304a11 in /opt/conda/bin/python3.11)
frame #13: <unknown function> + 0x51880b (0x1536b0d9980b in /opt/conda/lib/python3.11/site-packages/torch/lib/libtorch_python.so)
frame #14: _PyObject_MakeTpCall + 0x29b (0x555fd530475b in /opt/conda/bin/python3.11)
frame #15: _PyEval_EvalFrameDefault + 0x70a (0x555fd5311dda in /opt/conda/bin/python3.11)
frame #16: _PyFunction_Vectorcall + 0x17f (0x555fd5336b4f in /opt/conda/bin/python3.11)
frame #17: _PyEval_EvalFrameDefault + 0x4ae4 (0x555fd53161b4 in /opt/conda/bin/python3.11)
frame #18: _PyFunction_Vectorcall + 0x17f (0x555fd5336b4f in /opt/conda/bin/python3.11)
frame #19: _PyEval_EvalFrameDefault + 0x4ae4 (0x555fd53161b4 in /opt/conda/bin/python3.11)
frame #20: _PyFunction_Vectorcall + 0x17f (0x555fd5336b4f in /opt/conda/bin/python3.11)
frame #21: _PyEval_EvalFrameDefault + 0x4ae4 (0x555fd53161b4 in /opt/conda/bin/python3.11)
frame #22: _PyFunction_Vectorcall + 0x17f (0x555fd5336b4f in /opt/conda/bin/python3.11)
frame #23: _PyObject_FastCallDictTstate + 0x63 (0x555fd5309353 in /opt/conda/bin/python3.11)
frame #24: _PyObject_Call_Prepend + 0x69 (0x555fd533e479 in /opt/conda/bin/python3.11)
frame #25: <unknown function> + 0x2df709 (0x555fd540d709 in /opt/conda/bin/python3.11)
frame #26: PyObject_Call + 0xbe (0x555fd534088e in /opt/conda/bin/python3.11)
frame #27: _PyEval_EvalFrameDefault + 0x4ae4 (0x555fd53161b4 in /opt/conda/bin/python3.11)
frame #28: _PyFunction_Vectorcall + 0x17f (0x555fd5336b4f in /opt/conda/bin/python3.11)
frame #29: _PyEval_EvalFrameDefault + 0x4ae4 (0x555fd53161b4 in /opt/conda/bin/python3.11)
frame #30: <unknown function> + 0x29b01d (0x555fd53c901d in /opt/conda/bin/python3.11)
frame #31: PyEval_EvalCode + 0x9f (0x555fd53c875f in /opt/conda/bin/python3.11)
frame #32: <unknown function> + 0x2b86ca (0x555fd53e66ca in /opt/conda/bin/python3.11)
frame #33: <unknown function> + 0x2b4353 (0x555fd53e2353 in /opt/conda/bin/python3.11)
frame #34: <unknown function> + 0x2c98f0 (0x555fd53f78f0 in /opt/conda/bin/python3.11)
frame #35: _PyRun_SimpleFileObject + 0x1bc (0x555fd53f727c in /opt/conda/bin/python3.11)
frame #36: _PyRun_AnyFileObject + 0x44 (0x555fd53f7014 in /opt/conda/bin/python3.11)
frame #37: Py_RunMain + 0x383 (0x555fd53f15e3 in /opt/conda/bin/python3.11)
frame #38: Py_BytesMain + 0x37 (0x555fd53b89d7 in /opt/conda/bin/python3.11)
frame #39: <unknown function> + 0x29d90 (0x1536ba2a5d90 in /lib/x86_64-linux-gnu/libc.so.6)
frame #40: __libc_start_main + 0x80 (0x1536ba2a5e40 in /lib/x86_64-linux-gnu/libc.so.6)
frame #41: <unknown function> + 0x28a88a (0x555fd53b888a in /opt/conda/bin/python3.11)

[W1126 19:41:09.475446243 socket.cpp:759] [c10d] The client socket cannot be initialized to connect to [jwb0006.juwels]:30805 (errno: 97 - Address family not supported by protocol).
[W1126 19:41:09.476383687 socket.cpp:759] [c10d] The client socket has failed to connect to jwb0006.juwels:30805 (errno: 113 - No route to host).
[E1126 19:41:09.476391698 socket.cpp:813] [c10d] The client socket has failed to connect to any network address of (10.11.241.16, 30805).
[W1126 19:41:09.476458118 TCPStore.cpp:330] [c10d] TCP client failed to connect/validate to host 10.11.241.16:30805 - retrying (try=23, timeout=900000ms, delay=77591ms): The client socket has failed to connect to any network address of (10.11.241.16, 30805). The client socket has failed to connect to jwb0006.juwels:30805 (errno: 113 - No route to host).
Exception raised from run at /pytorch/torch/csrc/distributed/c10d/socket.cpp:815 (most recent call first):
frame #0: c10::Error::Error(c10::SourceLocation, std::string) + 0x96 (0x14ee9ff6c1b6 in /opt/conda/lib/python3.11/site-packages/torch/lib/libc10.so)
frame #1: <unknown function> + 0x16155eb (0x14ee837da5eb in /opt/conda/lib/python3.11/site-packages/torch/lib/libtorch_cpu.so)
frame #2: <unknown function> + 0x63507f4 (0x14ee885157f4 in /opt/conda/lib/python3.11/site-packages/torch/lib/libtorch_cpu.so)
frame #3: <unknown function> + 0x630d216 (0x14ee884d2216 in /opt/conda/lib/python3.11/site-packages/torch/lib/libtorch_cpu.so)
frame #4: c10d::TCPStore::TCPStore(std::string, c10d::TCPStoreOptions const&) + 0x20c (0x14ee884d514c in /opt/conda/lib/python3.11/site-packages/torch/lib/libtorch_cpu.so)
frame #5: <unknown function> + 0xe486ef (0x14ee980c96ef in /opt/conda/lib/python3.11/site-packages/torch/lib/libtorch_python.so)
frame #6: <unknown function> + 0x51a017 (0x14ee9779b017 in /opt/conda/lib/python3.11/site-packages/torch/lib/libtorch_python.so)
frame #7: <unknown function> + 0x1f9276 (0x5596ebd77276 in /opt/conda/bin/python3.11)
frame #8: _PyObject_MakeTpCall + 0x29b (0x5596ebd5475b in /opt/conda/bin/python3.11)
frame #9: <unknown function> + 0x227206 (0x5596ebda5206 in /opt/conda/bin/python3.11)
frame #10: _PyObject_Call + 0x12b (0x5596ebd90b7b in /opt/conda/bin/python3.11)
frame #11: <unknown function> + 0x2101c4 (0x5596ebd8e1c4 in /opt/conda/bin/python3.11)
frame #12: <unknown function> + 0x1d6a11 (0x5596ebd54a11 in /opt/conda/bin/python3.11)
frame #13: <unknown function> + 0x51880b (0x14ee9779980b in /opt/conda/lib/python3.11/site-packages/torch/lib/libtorch_python.so)
frame #14: _PyObject_MakeTpCall + 0x29b (0x5596ebd5475b in /opt/conda/bin/python3.11)
frame #15: _PyEval_EvalFrameDefault + 0x70a (0x5596ebd61dda in /opt/conda/bin/python3.11)
frame #16: _PyFunction_Vectorcall + 0x17f (0x5596ebd86b4f in /opt/conda/bin/python3.11)
frame #17: _PyEval_EvalFrameDefault + 0x4ae4 (0x5596ebd661b4 in /opt/conda/bin/python3.11)
frame #18: _PyFunction_Vectorcall + 0x17f (0x5596ebd86b4f in /opt/conda/bin/python3.11)
frame #19: _PyEval_EvalFrameDefault + 0x4ae4 (0x5596ebd661b4 in /opt/conda/bin/python3.11)
frame #20: _PyFunction_Vectorcall + 0x17f (0x5596ebd86b4f in /opt/conda/bin/python3.11)
frame #21: _PyEval_EvalFrameDefault + 0x4ae4 (0x5596ebd661b4 in /opt/conda/bin/python3.11)
frame #22: _PyFunction_Vectorcall + 0x17f (0x5596ebd86b4f in /opt/conda/bin/python3.11)
frame #23: _PyObject_FastCallDictTstate + 0x63 (0x5596ebd59353 in /opt/conda/bin/python3.11)
frame #24: _PyObject_Call_Prepend + 0x69 (0x5596ebd8e479 in /opt/conda/bin/python3.11)
frame #25: <unknown function> + 0x2df709 (0x5596ebe5d709 in /opt/conda/bin/python3.11)
frame #26: PyObject_Call + 0xbe (0x5596ebd9088e in /opt/conda/bin/python3.11)
frame #27: _PyEval_EvalFrameDefault + 0x4ae4 (0x5596ebd661b4 in /opt/conda/bin/python3.11)
frame #28: _PyFunction_Vectorcall + 0x17f (0x5596ebd86b4f in /opt/conda/bin/python3.11)
frame #29: _PyEval_EvalFrameDefault + 0x4ae4 (0x5596ebd661b4 in /opt/conda/bin/python3.11)
frame #30: <unknown function> + 0x29b01d (0x5596ebe1901d in /opt/conda/bin/python3.11)
frame #31: PyEval_EvalCode + 0x9f (0x5596ebe1875f in /opt/conda/bin/python3.11)
frame #32: <unknown function> + 0x2b86ca (0x5596ebe366ca in /opt/conda/bin/python3.11)
frame #33: <unknown function> + 0x2b4353 (0x5596ebe32353 in /opt/conda/bin/python3.11)
frame #34: <unknown function> + 0x2c98f0 (0x5596ebe478f0 in /opt/conda/bin/python3.11)
frame #35: _PyRun_SimpleFileObject + 0x1bc (0x5596ebe4727c in /opt/conda/bin/python3.11)
frame #36: _PyRun_AnyFileObject + 0x44 (0x5596ebe47014 in /opt/conda/bin/python3.11)
frame #37: Py_RunMain + 0x383 (0x5596ebe415e3 in /opt/conda/bin/python3.11)
frame #38: Py_BytesMain + 0x37 (0x5596ebe089d7 in /opt/conda/bin/python3.11)
frame #39: <unknown function> + 0x29d90 (0x14eea0c18d90 in /lib/x86_64-linux-gnu/libc.so.6)
frame #40: __libc_start_main + 0x80 (0x14eea0c18e40 in /lib/x86_64-linux-gnu/libc.so.6)
frame #41: <unknown function> + 0x28a88a (0x5596ebe0888a in /opt/conda/bin/python3.11)

[W1126 19:41:21.875308952 socket.cpp:759] [c10d] The client socket cannot be initialized to connect to [jwb0006.juwels]:30805 (errno: 97 - Address family not supported by protocol).
[W1126 19:41:21.876371234 socket.cpp:759] [c10d] The client socket has failed to connect to jwb0006.juwels:30805 (errno: 113 - No route to host).
[E1126 19:41:21.876379675 socket.cpp:813] [c10d] The client socket has failed to connect to any network address of (10.11.241.16, 30805).
[W1126 19:41:21.876451875 TCPStore.cpp:330] [c10d] TCP client failed to connect/validate to host 10.11.241.16:30805 - retrying (try=25, timeout=900000ms, delay=57990ms): The client socket has failed to connect to any network address of (10.11.241.16, 30805). The client socket has failed to connect to jwb0006.juwels:30805 (errno: 113 - No route to host).
Exception raised from run at /pytorch/torch/csrc/distributed/c10d/socket.cpp:815 (most recent call first):
frame #0: c10::Error::Error(c10::SourceLocation, std::string) + 0x96 (0x150873d6c1b6 in /opt/conda/lib/python3.11/site-packages/torch/lib/libc10.so)
frame #1: <unknown function> + 0x16155eb (0x1508579da5eb in /opt/conda/lib/python3.11/site-packages/torch/lib/libtorch_cpu.so)
frame #2: <unknown function> + 0x63507f4 (0x15085c7157f4 in /opt/conda/lib/python3.11/site-packages/torch/lib/libtorch_cpu.so)
frame #3: <unknown function> + 0x630d216 (0x15085c6d2216 in /opt/conda/lib/python3.11/site-packages/torch/lib/libtorch_cpu.so)
frame #4: c10d::TCPStore::TCPStore(std::string, c10d::TCPStoreOptions const&) + 0x20c (0x15085c6d514c in /opt/conda/lib/python3.11/site-packages/torch/lib/libtorch_cpu.so)
frame #5: <unknown function> + 0xe486ef (0x15086c2c96ef in /opt/conda/lib/python3.11/site-packages/torch/lib/libtorch_python.so)
frame #6: <unknown function> + 0x51a017 (0x15086b99b017 in /opt/conda/lib/python3.11/site-packages/torch/lib/libtorch_python.so)
frame #7: <unknown function> + 0x1f9276 (0x561064099276 in /opt/conda/bin/python3.11)
frame #8: _PyObject_MakeTpCall + 0x29b (0x56106407675b in /opt/conda/bin/python3.11)
frame #9: <unknown function> + 0x227206 (0x5610640c7206 in /opt/conda/bin/python3.11)
frame #10: _PyObject_Call + 0x12b (0x5610640b2b7b in /opt/conda/bin/python3.11)
frame #11: <unknown function> + 0x2101c4 (0x5610640b01c4 in /opt/conda/bin/python3.11)
frame #12: <unknown function> + 0x1d6a11 (0x561064076a11 in /opt/conda/bin/python3.11)
frame #13: <unknown function> + 0x51880b (0x15086b99980b in /opt/conda/lib/python3.11/site-packages/torch/lib/libtorch_python.so)
frame #14: _PyObject_MakeTpCall + 0x29b (0x56106407675b in /opt/conda/bin/python3.11)
frame #15: _PyEval_EvalFrameDefault + 0x70a (0x561064083dda in /opt/conda/bin/python3.11)
frame #16: _PyFunction_Vectorcall + 0x17f (0x5610640a8b4f in /opt/conda/bin/python3.11)
frame #17: _PyEval_EvalFrameDefault + 0x4ae4 (0x5610640881b4 in /opt/conda/bin/python3.11)
frame #18: _PyFunction_Vectorcall + 0x17f (0x5610640a8b4f in /opt/conda/bin/python3.11)
frame #19: _PyEval_EvalFrameDefault + 0x4ae4 (0x5610640881b4 in /opt/conda/bin/python3.11)
frame #20: _PyFunction_Vectorcall + 0x17f (0x5610640a8b4f in /opt/conda/bin/python3.11)
frame #21: _PyEval_EvalFrameDefault + 0x4ae4 (0x5610640881b4 in /opt/conda/bin/python3.11)
frame #22: _PyFunction_Vectorcall + 0x17f (0x5610640a8b4f in /opt/conda/bin/python3.11)
frame #23: _PyObject_FastCallDictTstate + 0x63 (0x56106407b353 in /opt/conda/bin/python3.11)
frame #24: _PyObject_Call_Prepend + 0x69 (0x5610640b0479 in /opt/conda/bin/python3.11)
frame #25: <unknown function> + 0x2df709 (0x56106417f709 in /opt/conda/bin/python3.11)
frame #26: PyObject_Call + 0xbe (0x5610640b288e in /opt/conda/bin/python3.11)
frame #27: _PyEval_EvalFrameDefault + 0x4ae4 (0x5610640881b4 in /opt/conda/bin/python3.11)
frame #28: _PyFunction_Vectorcall + 0x17f (0x5610640a8b4f in /opt/conda/bin/python3.11)
frame #29: _PyEval_EvalFrameDefault + 0x4ae4 (0x5610640881b4 in /opt/conda/bin/python3.11)
frame #30: <unknown function> + 0x29b01d (0x56106413b01d in /opt/conda/bin/python3.11)
frame #31: PyEval_EvalCode + 0x9f (0x56106413a75f in /opt/conda/bin/python3.11)
frame #32: <unknown function> + 0x2b86ca (0x5610641586ca in /opt/conda/bin/python3.11)
frame #33: <unknown function> + 0x2b4353 (0x561064154353 in /opt/conda/bin/python3.11)
frame #34: <unknown function> + 0x2c98f0 (0x5610641698f0 in /opt/conda/bin/python3.11)
frame #35: _PyRun_SimpleFileObject + 0x1bc (0x56106416927c in /opt/conda/bin/python3.11)
frame #36: _PyRun_AnyFileObject + 0x44 (0x561064169014 in /opt/conda/bin/python3.11)
frame #37: Py_RunMain + 0x383 (0x5610641635e3 in /opt/conda/bin/python3.11)
frame #38: Py_BytesMain + 0x37 (0x56106412a9d7 in /opt/conda/bin/python3.11)
frame #39: <unknown function> + 0x29d90 (0x150874d40d90 in /lib/x86_64-linux-gnu/libc.so.6)
frame #40: __libc_start_main + 0x80 (0x150874d40e40 in /lib/x86_64-linux-gnu/libc.so.6)
frame #41: <unknown function> + 0x28a88a (0x56106412a88a in /opt/conda/bin/python3.11)

[W1126 19:42:19.873444396 socket.cpp:759] [c10d] The client socket cannot be initialized to connect to [jwb0006.juwels]:30805 (errno: 97 - Address family not supported by protocol).
[W1126 19:42:19.874481488 socket.cpp:759] [c10d] The client socket has failed to connect to jwb0006.juwels:30805 (errno: 113 - No route to host).
[E1126 19:42:19.874489538 socket.cpp:813] [c10d] The client socket has failed to connect to any network address of (10.11.241.16, 30805).
[W1126 19:42:19.874561369 TCPStore.cpp:330] [c10d] TCP client failed to connect/validate to host 10.11.241.16:30805 - retrying (try=26, timeout=900000ms, delay=34443ms): The client socket has failed to connect to any network address of (10.11.241.16, 30805). The client socket has failed to connect to jwb0006.juwels:30805 (errno: 113 - No route to host).
Exception raised from run at /pytorch/torch/csrc/distributed/c10d/socket.cpp:815 (most recent call first):
frame #0: c10::Error::Error(c10::SourceLocation, std::string) + 0x96 (0x150873d6c1b6 in /opt/conda/lib/python3.11/site-packages/torch/lib/libc10.so)
frame #1: <unknown function> + 0x16155eb (0x1508579da5eb in /opt/conda/lib/python3.11/site-packages/torch/lib/libtorch_cpu.so)
frame #2: <unknown function> + 0x63507f4 (0x15085c7157f4 in /opt/conda/lib/python3.11/site-packages/torch/lib/libtorch_cpu.so)
frame #3: <unknown function> + 0x630d216 (0x15085c6d2216 in /opt/conda/lib/python3.11/site-packages/torch/lib/libtorch_cpu.so)
frame #4: c10d::TCPStore::TCPStore(std::string, c10d::TCPStoreOptions const&) + 0x20c (0x15085c6d514c in /opt/conda/lib/python3.11/site-packages/torch/lib/libtorch_cpu.so)
frame #5: <unknown function> + 0xe486ef (0x15086c2c96ef in /opt/conda/lib/python3.11/site-packages/torch/lib/libtorch_python.so)
frame #6: <unknown function> + 0x51a017 (0x15086b99b017 in /opt/conda/lib/python3.11/site-packages/torch/lib/libtorch_python.so)
frame #7: <unknown function> + 0x1f9276 (0x561064099276 in /opt/conda/bin/python3.11)
frame #8: _PyObject_MakeTpCall + 0x29b (0x56106407675b in /opt/conda/bin/python3.11)
frame #9: <unknown function> + 0x227206 (0x5610640c7206 in /opt/conda/bin/python3.11)
frame #10: _PyObject_Call + 0x12b (0x5610640b2b7b in /opt/conda/bin/python3.11)
frame #11: <unknown function> + 0x2101c4 (0x5610640b01c4 in /opt/conda/bin/python3.11)
frame #12: <unknown function> + 0x1d6a11 (0x561064076a11 in /opt/conda/bin/python3.11)
frame #13: <unknown function> + 0x51880b (0x15086b99980b in /opt/conda/lib/python3.11/site-packages/torch/lib/libtorch_python.so)
frame #14: _PyObject_MakeTpCall + 0x29b (0x56106407675b in /opt/conda/bin/python3.11)
frame #15: _PyEval_EvalFrameDefault + 0x70a (0x561064083dda in /opt/conda/bin/python3.11)
frame #16: _PyFunction_Vectorcall + 0x17f (0x5610640a8b4f in /opt/conda/bin/python3.11)
frame #17: _PyEval_EvalFrameDefault + 0x4ae4 (0x5610640881b4 in /opt/conda/bin/python3.11)
frame #18: _PyFunction_Vectorcall + 0x17f (0x5610640a8b4f in /opt/conda/bin/python3.11)
frame #19: _PyEval_EvalFrameDefault + 0x4ae4 (0x5610640881b4 in /opt/conda/bin/python3.11)
frame #20: _PyFunction_Vectorcall + 0x17f (0x5610640a8b4f in /opt/conda/bin/python3.11)
frame #21: _PyEval_EvalFrameDefault + 0x4ae4 (0x5610640881b4 in /opt/conda/bin/python3.11)
frame #22: _PyFunction_Vectorcall + 0x17f (0x5610640a8b4f in /opt/conda/bin/python3.11)
frame #23: _PyObject_FastCallDictTstate + 0x63 (0x56106407b353 in /opt/conda/bin/python3.11)
frame #24: _PyObject_Call_Prepend + 0x69 (0x5610640b0479 in /opt/conda/bin/python3.11)
frame #25: <unknown function> + 0x2df709 (0x56106417f709 in /opt/conda/bin/python3.11)
frame #26: PyObject_Call + 0xbe (0x5610640b288e in /opt/conda/bin/python3.11)
frame #27: _PyEval_EvalFrameDefault + 0x4ae4 (0x5610640881b4 in /opt/conda/bin/python3.11)
frame #28: _PyFunction_Vectorcall + 0x17f (0x5610640a8b4f in /opt/conda/bin/python3.11)
frame #29: _PyEval_EvalFrameDefault + 0x4ae4 (0x5610640881b4 in /opt/conda/bin/python3.11)
frame #30: <unknown function> + 0x29b01d (0x56106413b01d in /opt/conda/bin/python3.11)
frame #31: PyEval_EvalCode + 0x9f (0x56106413a75f in /opt/conda/bin/python3.11)
frame #32: <unknown function> + 0x2b86ca (0x5610641586ca in /opt/conda/bin/python3.11)
frame #33: <unknown function> + 0x2b4353 (0x561064154353 in /opt/conda/bin/python3.11)
frame #34: <unknown function> + 0x2c98f0 (0x5610641698f0 in /opt/conda/bin/python3.11)
frame #35: _PyRun_SimpleFileObject + 0x1bc (0x56106416927c in /opt/conda/bin/python3.11)
frame #36: _PyRun_AnyFileObject + 0x44 (0x561064169014 in /opt/conda/bin/python3.11)
frame #37: Py_RunMain + 0x383 (0x5610641635e3 in /opt/conda/bin/python3.11)
frame #38: Py_BytesMain + 0x37 (0x56106412a9d7 in /opt/conda/bin/python3.11)
frame #39: <unknown function> + 0x29d90 (0x150874d40d90 in /lib/x86_64-linux-gnu/libc.so.6)
frame #40: __libc_start_main + 0x80 (0x150874d40e40 in /lib/x86_64-linux-gnu/libc.so.6)
frame #41: <unknown function> + 0x28a88a (0x56106412a88a in /opt/conda/bin/python3.11)

[W1126 19:42:22.062763483 socket.cpp:759] [c10d] The client socket cannot be initialized to connect to [jwb0006.juwels]:30805 (errno: 97 - Address family not supported by protocol).
[W1126 19:42:22.063802642 socket.cpp:759] [c10d] The client socket has failed to connect to jwb0006.juwels:30805 (errno: 113 - No route to host).
[E1126 19:42:22.063812812 socket.cpp:813] [c10d] The client socket has failed to connect to any network address of (10.11.241.16, 30805).
[W1126 19:42:22.063896683 TCPStore.cpp:330] [c10d] TCP client failed to connect/validate to host 10.11.241.16:30805 - retrying (try=24, timeout=900000ms, delay=59757ms): The client socket has failed to connect to any network address of (10.11.241.16, 30805). The client socket has failed to connect to jwb0006.juwels:30805 (errno: 113 - No route to host).
Exception raised from run at /pytorch/torch/csrc/distributed/c10d/socket.cpp:815 (most recent call first):
frame #0: c10::Error::Error(c10::SourceLocation, std::string) + 0x96 (0x148707b6c1b6 in /opt/conda/lib/python3.11/site-packages/torch/lib/libc10.so)
frame #1: <unknown function> + 0x16155eb (0x1486eb7da5eb in /opt/conda/lib/python3.11/site-packages/torch/lib/libtorch_cpu.so)
frame #2: <unknown function> + 0x63507f4 (0x1486f05157f4 in /opt/conda/lib/python3.11/site-packages/torch/lib/libtorch_cpu.so)
frame #3: <unknown function> + 0x630d216 (0x1486f04d2216 in /opt/conda/lib/python3.11/site-packages/torch/lib/libtorch_cpu.so)
frame #4: c10d::TCPStore::TCPStore(std::string, c10d::TCPStoreOptions const&) + 0x20c (0x1486f04d514c in /opt/conda/lib/python3.11/site-packages/torch/lib/libtorch_cpu.so)
frame #5: <unknown function> + 0xe486ef (0x1487000c96ef in /opt/conda/lib/python3.11/site-packages/torch/lib/libtorch_python.so)
frame #6: <unknown function> + 0x51a017 (0x1486ff79b017 in /opt/conda/lib/python3.11/site-packages/torch/lib/libtorch_python.so)
frame #7: <unknown function> + 0x1f9276 (0x5605059c0276 in /opt/conda/bin/python3.11)
frame #8: _PyObject_MakeTpCall + 0x29b (0x56050599d75b in /opt/conda/bin/python3.11)
frame #9: <unknown function> + 0x227206 (0x5605059ee206 in /opt/conda/bin/python3.11)
frame #10: _PyObject_Call + 0x12b (0x5605059d9b7b in /opt/conda/bin/python3.11)
frame #11: <unknown function> + 0x2101c4 (0x5605059d71c4 in /opt/conda/bin/python3.11)
frame #12: <unknown function> + 0x1d6a11 (0x56050599da11 in /opt/conda/bin/python3.11)
frame #13: <unknown function> + 0x51880b (0x1486ff79980b in /opt/conda/lib/python3.11/site-packages/torch/lib/libtorch_python.so)
frame #14: _PyObject_MakeTpCall + 0x29b (0x56050599d75b in /opt/conda/bin/python3.11)
frame #15: _PyEval_EvalFrameDefault + 0x70a (0x5605059aadda in /opt/conda/bin/python3.11)
frame #16: _PyFunction_Vectorcall + 0x17f (0x5605059cfb4f in /opt/conda/bin/python3.11)
frame #17: _PyEval_EvalFrameDefault + 0x4ae4 (0x5605059af1b4 in /opt/conda/bin/python3.11)
frame #18: _PyFunction_Vectorcall + 0x17f (0x5605059cfb4f in /opt/conda/bin/python3.11)
frame #19: _PyEval_EvalFrameDefault + 0x4ae4 (0x5605059af1b4 in /opt/conda/bin/python3.11)
frame #20: _PyFunction_Vectorcall + 0x17f (0x5605059cfb4f in /opt/conda/bin/python3.11)
frame #21: _PyEval_EvalFrameDefault + 0x4ae4 (0x5605059af1b4 in /opt/conda/bin/python3.11)
frame #22: _PyFunction_Vectorcall + 0x17f (0x5605059cfb4f in /opt/conda/bin/python3.11)
frame #23: _PyObject_FastCallDictTstate + 0x63 (0x5605059a2353 in /opt/conda/bin/python3.11)
frame #24: _PyObject_Call_Prepend + 0x69 (0x5605059d7479 in /opt/conda/bin/python3.11)
frame #25: <unknown function> + 0x2df709 (0x560505aa6709 in /opt/conda/bin/python3.11)
frame #26: PyObject_Call + 0xbe (0x5605059d988e in /opt/conda/bin/python3.11)
frame #27: _PyEval_EvalFrameDefault + 0x4ae4 (0x5605059af1b4 in /opt/conda/bin/python3.11)
frame #28: _PyFunction_Vectorcall + 0x17f (0x5605059cfb4f in /opt/conda/bin/python3.11)
frame #29: _PyEval_EvalFrameDefault + 0x4ae4 (0x5605059af1b4 in /opt/conda/bin/python3.11)
frame #30: <unknown function> + 0x29b01d (0x560505a6201d in /opt/conda/bin/python3.11)
frame #31: PyEval_EvalCode + 0x9f (0x560505a6175f in /opt/conda/bin/python3.11)
frame #32: <unknown function> + 0x2b86ca (0x560505a7f6ca in /opt/conda/bin/python3.11)
frame #33: <unknown function> + 0x2b4353 (0x560505a7b353 in /opt/conda/bin/python3.11)
frame #34: <unknown function> + 0x2c98f0 (0x560505a908f0 in /opt/conda/bin/python3.11)
frame #35: _PyRun_SimpleFileObject + 0x1bc (0x560505a9027c in /opt/conda/bin/python3.11)
frame #36: _PyRun_AnyFileObject + 0x44 (0x560505a90014 in /opt/conda/bin/python3.11)
frame #37: Py_RunMain + 0x383 (0x560505a8a5e3 in /opt/conda/bin/python3.11)
frame #38: Py_BytesMain + 0x37 (0x560505a519d7 in /opt/conda/bin/python3.11)
frame #39: <unknown function> + 0x29d90 (0x148708b78d90 in /lib/x86_64-linux-gnu/libc.so.6)
frame #40: __libc_start_main + 0x80 (0x148708b78e40 in /lib/x86_64-linux-gnu/libc.so.6)
frame #41: <unknown function> + 0x28a88a (0x560505a5188a in /opt/conda/bin/python3.11)

[W1126 19:42:26.074270035 socket.cpp:759] [c10d] The client socket cannot be initialized to connect to [jwb0006.juwels]:30805 (errno: 97 - Address family not supported by protocol).
[W1126 19:42:26.075515500 socket.cpp:759] [c10d] The client socket has failed to connect to jwb0006.juwels:30805 (errno: 113 - No route to host).
[E1126 19:42:26.075524180 socket.cpp:813] [c10d] The client socket has failed to connect to any network address of (10.11.241.16, 30805).
[W1126 19:42:26.075608371 TCPStore.cpp:330] [c10d] TCP client failed to connect/validate to host 10.11.241.16:30805 - retrying (try=24, timeout=900000ms, delay=78692ms): The client socket has failed to connect to any network address of (10.11.241.16, 30805). The client socket has failed to connect to jwb0006.juwels:30805 (errno: 113 - No route to host).
Exception raised from run at /pytorch/torch/csrc/distributed/c10d/socket.cpp:815 (most recent call first):
frame #0: c10::Error::Error(c10::SourceLocation, std::string) + 0x96 (0x14ee9ff6c1b6 in /opt/conda/lib/python3.11/site-packages/torch/lib/libc10.so)
frame #1: <unknown function> + 0x16155eb (0x14ee837da5eb in /opt/conda/lib/python3.11/site-packages/torch/lib/libtorch_cpu.so)
frame #2: <unknown function> + 0x63507f4 (0x14ee885157f4 in /opt/conda/lib/python3.11/site-packages/torch/lib/libtorch_cpu.so)
frame #3: <unknown function> + 0x630d216 (0x14ee884d2216 in /opt/conda/lib/python3.11/site-packages/torch/lib/libtorch_cpu.so)
frame #4: c10d::TCPStore::TCPStore(std::string, c10d::TCPStoreOptions const&) + 0x20c (0x14ee884d514c in /opt/conda/lib/python3.11/site-packages/torch/lib/libtorch_cpu.so)
frame #5: <unknown function> + 0xe486ef (0x14ee980c96ef in /opt/conda/lib/python3.11/site-packages/torch/lib/libtorch_python.so)
frame #6: <unknown function> + 0x51a017 (0x14ee9779b017 in /opt/conda/lib/python3.11/site-packages/torch/lib/libtorch_python.so)
frame #7: <unknown function> + 0x1f9276 (0x5596ebd77276 in /opt/conda/bin/python3.11)
frame #8: _PyObject_MakeTpCall + 0x29b (0x5596ebd5475b in /opt/conda/bin/python3.11)
frame #9: <unknown function> + 0x227206 (0x5596ebda5206 in /opt/conda/bin/python3.11)
frame #10: _PyObject_Call + 0x12b (0x5596ebd90b7b in /opt/conda/bin/python3.11)
frame #11: <unknown function> + 0x2101c4 (0x5596ebd8e1c4 in /opt/conda/bin/python3.11)
frame #12: <unknown function> + 0x1d6a11 (0x5596ebd54a11 in /opt/conda/bin/python3.11)
frame #13: <unknown function> + 0x51880b (0x14ee9779980b in /opt/conda/lib/python3.11/site-packages/torch/lib/libtorch_python.so)
frame #14: _PyObject_MakeTpCall + 0x29b (0x5596ebd5475b in /opt/conda/bin/python3.11)
frame #15: _PyEval_EvalFrameDefault + 0x70a (0x5596ebd61dda in /opt/conda/bin/python3.11)
frame #16: _PyFunction_Vectorcall + 0x17f (0x5596ebd86b4f in /opt/conda/bin/python3.11)
frame #17: _PyEval_EvalFrameDefault + 0x4ae4 (0x5596ebd661b4 in /opt/conda/bin/python3.11)
frame #18: _PyFunction_Vectorcall + 0x17f (0x5596ebd86b4f in /opt/conda/bin/python3.11)
frame #19: _PyEval_EvalFrameDefault + 0x4ae4 (0x5596ebd661b4 in /opt/conda/bin/python3.11)
frame #20: _PyFunction_Vectorcall + 0x17f (0x5596ebd86b4f in /opt/conda/bin/python3.11)
frame #21: _PyEval_EvalFrameDefault + 0x4ae4 (0x5596ebd661b4 in /opt/conda/bin/python3.11)
frame #22: _PyFunction_Vectorcall + 0x17f (0x5596ebd86b4f in /opt/conda/bin/python3.11)
frame #23: _PyObject_FastCallDictTstate + 0x63 (0x5596ebd59353 in /opt/conda/bin/python3.11)
frame #24: _PyObject_Call_Prepend + 0x69 (0x5596ebd8e479 in /opt/conda/bin/python3.11)
frame #25: <unknown function> + 0x2df709 (0x5596ebe5d709 in /opt/conda/bin/python3.11)
frame #26: PyObject_Call + 0xbe (0x5596ebd9088e in /opt/conda/bin/python3.11)
frame #27: _PyEval_EvalFrameDefault + 0x4ae4 (0x5596ebd661b4 in /opt/conda/bin/python3.11)
frame #28: _PyFunction_Vectorcall + 0x17f (0x5596ebd86b4f in /opt/conda/bin/python3.11)
frame #29: _PyEval_EvalFrameDefault + 0x4ae4 (0x5596ebd661b4 in /opt/conda/bin/python3.11)
frame #30: <unknown function> + 0x29b01d (0x5596ebe1901d in /opt/conda/bin/python3.11)
frame #31: PyEval_EvalCode + 0x9f (0x5596ebe1875f in /opt/conda/bin/python3.11)
frame #32: <unknown function> + 0x2b86ca (0x5596ebe366ca in /opt/conda/bin/python3.11)
frame #33: <unknown function> + 0x2b4353 (0x5596ebe32353 in /opt/conda/bin/python3.11)
frame #34: <unknown function> + 0x2c98f0 (0x5596ebe478f0 in /opt/conda/bin/python3.11)
frame #35: _PyRun_SimpleFileObject + 0x1bc (0x5596ebe4727c in /opt/conda/bin/python3.11)
frame #36: _PyRun_AnyFileObject + 0x44 (0x5596ebe47014 in /opt/conda/bin/python3.11)
frame #37: Py_RunMain + 0x383 (0x5596ebe415e3 in /opt/conda/bin/python3.11)
frame #38: Py_BytesMain + 0x37 (0x5596ebe089d7 in /opt/conda/bin/python3.11)
frame #39: <unknown function> + 0x29d90 (0x14eea0c18d90 in /lib/x86_64-linux-gnu/libc.so.6)
frame #40: __libc_start_main + 0x80 (0x14eea0c18e40 in /lib/x86_64-linux-gnu/libc.so.6)
frame #41: <unknown function> + 0x28a88a (0x5596ebe0888a in /opt/conda/bin/python3.11)

[W1126 19:42:31.273304928 socket.cpp:464] [c10d] waitForInput: poll for socket SocketImpl(fd=4, addr=jwb0031.juwels:50150, remote=jwb0006.juwels:30805) returned 0, likely a timeout
[W1126 19:42:31.273971937 socket.cpp:489] [c10d] waitForInput: socket SocketImpl(fd=4, addr=jwb0031.juwels:50150, remote=jwb0006.juwels:30805) timed out after 900000ms
[W1126 19:42:31.256966302 socket.cpp:464] [c10d] waitForInput: poll for socket SocketImpl(fd=4, addr=jwb0043.juwels:59932, remote=jwb0006.juwels:30805) returned 0, likely a timeout
[W1126 19:42:31.257559400 socket.cpp:489] [c10d] waitForInput: socket SocketImpl(fd=4, addr=jwb0043.juwels:59932, remote=jwb0006.juwels:30805) timed out after 900000ms
Traceback (most recent call last):
  File "/opt/conda/bin/torchrun", line 8, in <module>
    sys.exit(main())
             ^^^^^^
  File "/opt/conda/lib/python3.11/site-packages/torch/distributed/elastic/multiprocessing/errors/__init__.py", line 355, in wrapper
    return f(*args, **kwargs)
           ^^^^^^^^^^^^^^^^^^
  File "/opt/conda/lib/python3.11/site-packages/torch/distributed/run.py", line 918, in main
    run(args)
  File "/opt/conda/lib/python3.11/site-packages/torch/distributed/run.py", line 909, in run
    elastic_launch(
  File "/opt/conda/lib/python3.11/site-packages/torch/distributed/launcher/api.py", line 138, in __call__
    return launch_agent(self._config, self._entrypoint, list(args))
           ^^^^^^^^^^^^^^^^^^^^^^^^^^^^^^^^^^^^^^^^^^^^^^^^^^^^^^^^
  File "/opt/conda/lib/python3.11/site-packages/torch/distributed/launcher/api.py", line 260, in launch_agent
    result = agent.run()
             ^^^^^^^^^^^
  File "/opt/conda/lib/python3.11/site-packages/torch/distributed/elastic/metrics/api.py", line 137, in wrapper
    result = f(*args, **kwargs)
             ^^^^^^^^^^^^^^^^^^
  File "/opt/conda/lib/python3.11/site-packages/torch/distributed/elastic/agent/server/api.py", line 711, in run
    result = self._invoke_run(role)
             ^^^^^^^^^^^^^^^^^^^^^^
  File "/opt/conda/lib/python3.11/site-packages/torch/distributed/elastic/agent/server/api.py", line 864, in _invoke_run
    self._initialize_workers(self._worker_group)
  File "/opt/conda/lib/python3.11/site-packages/torch/distributed/elastic/metrics/api.py", line 137, in wrapper
    result = f(*args, **kwargs)
             ^^^^^^^^^^^^^^^^^^
  File "/opt/conda/lib/python3.11/site-packages/torch/distributed/elastic/agent/server/api.py", line 683, in _initialize_workers
    self._rendezvous(worker_group)
  File "/opt/conda/lib/python3.11/site-packages/torch/distributed/elastic/metrics/api.py", line 137, in wrapper
    result = f(*args, **kwargs)
             ^^^^^^^^^^^^^^^^^^
  File "/opt/conda/lib/python3.11/site-packages/torch/distributed/elastic/agent/server/api.py", line 513, in _rendezvous
    workers = self._assign_worker_ranks(
              ^^^^^^^^^^^^^^^^^^^^^^^^^^
  File "/opt/conda/lib/python3.11/site-packages/torch/distributed/elastic/metrics/api.py", line 137, in wrapper
    result = f(*args, **kwargs)
             ^^^^^^^^^^^^^^^^^^
  File "/opt/conda/lib/python3.11/site-packages/torch/distributed/elastic/agent/server/api.py", line 648, in _assign_worker_ranks
    ) = json.loads(store.get(f"{ASSIGNED_RANKS_PREFIX}{group_rank}"))
                   ^^^^^^^^^^^^^^^^^^^^^^^^^^^^^^^^^^^^^^^^^^^^^^^^^
torch.distributed.DistStoreError: wait timeout after 900000ms, keys: /none/torchelastic/assigned_ranks/1
Traceback (most recent call last):
  File "/opt/conda/bin/torchrun", line 8, in <module>
    sys.exit(main())
             ^^^^^^
  File "/opt/conda/lib/python3.11/site-packages/torch/distributed/elastic/multiprocessing/errors/__init__.py", line 355, in wrapper
    return f(*args, **kwargs)
           ^^^^^^^^^^^^^^^^^^
  File "/opt/conda/lib/python3.11/site-packages/torch/distributed/run.py", line 918, in main
    run(args)
  File "/opt/conda/lib/python3.11/site-packages/torch/distributed/run.py", line 909, in run
    elastic_launch(
  File "/opt/conda/lib/python3.11/site-packages/torch/distributed/launcher/api.py", line 138, in __call__
    return launch_agent(self._config, self._entrypoint, list(args))
           ^^^^^^^^^^^^^^^^^^^^^^^^^^^^^^^^^^^^^^^^^^^^^^^^^^^^^^^^
  File "/opt/conda/lib/python3.11/site-packages/torch/distributed/launcher/api.py", line 260, in launch_agent
    result = agent.run()
             ^^^^^^^^^^^
  File "/opt/conda/lib/python3.11/site-packages/torch/distributed/elastic/metrics/api.py", line 137, in wrapper
    result = f(*args, **kwargs)
             ^^^^^^^^^^^^^^^^^^
  File "/opt/conda/lib/python3.11/site-packages/torch/distributed/elastic/agent/server/api.py", line 711, in run
    result = self._invoke_run(role)
             ^^^^^^^^^^^^^^^^^^^^^^
  File "/opt/conda/lib/python3.11/site-packages/torch/distributed/elastic/agent/server/api.py", line 864, in _invoke_run
    self._initialize_workers(self._worker_group)
  File "/opt/conda/lib/python3.11/site-packages/torch/distributed/elastic/metrics/api.py", line 137, in wrapper
    result = f(*args, **kwargs)
             ^^^^^^^^^^^^^^^^^^
  File "/opt/conda/lib/python3.11/site-packages/torch/distributed/elastic/agent/server/api.py", line 683, in _initialize_workers
    self._rendezvous(worker_group)
  File "/opt/conda/lib/python3.11/site-packages/torch/distributed/elastic/metrics/api.py", line 137, in wrapper
    result = f(*args, **kwargs)
             ^^^^^^^^^^^^^^^^^^
  File "/opt/conda/lib/python3.11/site-packages/torch/distributed/elastic/agent/server/api.py", line 513, in _rendezvous
    workers = self._assign_worker_ranks(
              ^^^^^^^^^^^^^^^^^^^^^^^^^^
  File "/opt/conda/lib/python3.11/site-packages/torch/distributed/elastic/metrics/api.py", line 137, in wrapper
    result = f(*args, **kwargs)
             ^^^^^^^^^^^^^^^^^^
  File "/opt/conda/lib/python3.11/site-packages/torch/distributed/elastic/agent/server/api.py", line 648, in _assign_worker_ranks
    ) = json.loads(store.get(f"{ASSIGNED_RANKS_PREFIX}{group_rank}"))
                   ^^^^^^^^^^^^^^^^^^^^^^^^^^^^^^^^^^^^^^^^^^^^^^^^^
torch.distributed.DistStoreError: wait timeout after 900000ms, keys: /none/torchelastic/assigned_ranks/3
[W1126 19:42:31.616039618 socket.cpp:464] [c10d] waitForInput: poll for socket SocketImpl(fd=4, addr=jwb0035.juwels:33222, remote=jwb0006.juwels:30805) returned 0, likely a timeout
[W1126 19:42:31.616663005 socket.cpp:489] [c10d] waitForInput: socket SocketImpl(fd=4, addr=jwb0035.juwels:33222, remote=jwb0006.juwels:30805) timed out after 900000ms
Traceback (most recent call last):
  File "/opt/conda/bin/torchrun", line 8, in <module>
    sys.exit(main())
             ^^^^^^
  File "/opt/conda/lib/python3.11/site-packages/torch/distributed/elastic/multiprocessing/errors/__init__.py", line 355, in wrapper
    return f(*args, **kwargs)
           ^^^^^^^^^^^^^^^^^^
  File "/opt/conda/lib/python3.11/site-packages/torch/distributed/run.py", line 918, in main
    run(args)
  File "/opt/conda/lib/python3.11/site-packages/torch/distributed/run.py", line 909, in run
    elastic_launch(
  File "/opt/conda/lib/python3.11/site-packages/torch/distributed/launcher/api.py", line 138, in __call__
    return launch_agent(self._config, self._entrypoint, list(args))
           ^^^^^^^^^^^^^^^^^^^^^^^^^^^^^^^^^^^^^^^^^^^^^^^^^^^^^^^^
  File "/opt/conda/lib/python3.11/site-packages/torch/distributed/launcher/api.py", line 260, in launch_agent
    result = agent.run()
             ^^^^^^^^^^^
  File "/opt/conda/lib/python3.11/site-packages/torch/distributed/elastic/metrics/api.py", line 137, in wrapper
    result = f(*args, **kwargs)
             ^^^^^^^^^^^^^^^^^^
  File "/opt/conda/lib/python3.11/site-packages/torch/distributed/elastic/agent/server/api.py", line 711, in run
    result = self._invoke_run(role)
             ^^^^^^^^^^^^^^^^^^^^^^
  File "/opt/conda/lib/python3.11/site-packages/torch/distributed/elastic/agent/server/api.py", line 864, in _invoke_run
    self._initialize_workers(self._worker_group)
  File "/opt/conda/lib/python3.11/site-packages/torch/distributed/elastic/metrics/api.py", line 137, in wrapper
    result = f(*args, **kwargs)
             ^^^^^^^^^^^^^^^^^^
  File "/opt/conda/lib/python3.11/site-packages/torch/distributed/elastic/agent/server/api.py", line 683, in _initialize_workers
    self._rendezvous(worker_group)
  File "/opt/conda/lib/python3.11/site-packages/torch/distributed/elastic/metrics/api.py", line 137, in wrapper
    result = f(*args, **kwargs)
             ^^^^^^^^^^^^^^^^^^
  File "/opt/conda/lib/python3.11/site-packages/torch/distributed/elastic/agent/server/api.py", line 513, in _rendezvous
    workers = self._assign_worker_ranks(
              ^^^^^^^^^^^^^^^^^^^^^^^^^^
  File "/opt/conda/lib/python3.11/site-packages/torch/distributed/elastic/metrics/api.py", line 137, in wrapper
    result = f(*args, **kwargs)
             ^^^^^^^^^^^^^^^^^^
  File "/opt/conda/lib/python3.11/site-packages/torch/distributed/elastic/agent/server/api.py", line 648, in _assign_worker_ranks
    ) = json.loads(store.get(f"{ASSIGNED_RANKS_PREFIX}{group_rank}"))
                   ^^^^^^^^^^^^^^^^^^^^^^^^^^^^^^^^^^^^^^^^^^^^^^^^^
torch.distributed.DistStoreError: wait timeout after 900000ms, keys: /none/torchelastic/assigned_ranks/2
Traceback (most recent call last):
  File "/opt/conda/bin/torchrun", line 8, in <module>
    sys.exit(main())
             ^^^^^^
  File "/opt/conda/lib/python3.11/site-packages/torch/distributed/elastic/multiprocessing/errors/__init__.py", line 355, in wrapper
    return f(*args, **kwargs)
           ^^^^^^^^^^^^^^^^^^
  File "/opt/conda/lib/python3.11/site-packages/torch/distributed/run.py", line 918, in main
    run(args)
  File "/opt/conda/lib/python3.11/site-packages/torch/distributed/run.py", line 909, in run
    elastic_launch(
  File "/opt/conda/lib/python3.11/site-packages/torch/distributed/launcher/api.py", line 138, in __call__
    return launch_agent(self._config, self._entrypoint, list(args))
           ^^^^^^^^^^^^^^^^^^^^^^^^^^^^^^^^^^^^^^^^^^^^^^^^^^^^^^^^
  File "/opt/conda/lib/python3.11/site-packages/torch/distributed/launcher/api.py", line 260, in launch_agent
    result = agent.run()
             ^^^^^^^^^^^
  File "/opt/conda/lib/python3.11/site-packages/torch/distributed/elastic/metrics/api.py", line 137, in wrapper
    result = f(*args, **kwargs)
             ^^^^^^^^^^^^^^^^^^
  File "/opt/conda/lib/python3.11/site-packages/torch/distributed/elastic/agent/server/api.py", line 711, in run
    result = self._invoke_run(role)
             ^^^^^^^^^^^^^^^^^^^^^^
  File "/opt/conda/lib/python3.11/site-packages/torch/distributed/elastic/agent/server/api.py", line 864, in _invoke_run
    self._initialize_workers(self._worker_group)
  File "/opt/conda/lib/python3.11/site-packages/torch/distributed/elastic/metrics/api.py", line 137, in wrapper
    result = f(*args, **kwargs)
             ^^^^^^^^^^^^^^^^^^
  File "/opt/conda/lib/python3.11/site-packages/torch/distributed/elastic/agent/server/api.py", line 683, in _initialize_workers
    self._rendezvous(worker_group)
  File "/opt/conda/lib/python3.11/site-packages/torch/distributed/elastic/metrics/api.py", line 137, in wrapper
    result = f(*args, **kwargs)
             ^^^^^^^^^^^^^^^^^^
  File "/opt/conda/lib/python3.11/site-packages/torch/distributed/elastic/agent/server/api.py", line 500, in _rendezvous
    rdzv_info = spec.rdzv_handler.next_rendezvous()
                ^^^^^^^^^^^^^^^^^^^^^^^^^^^^^^^^^^^
  File "/opt/conda/lib/python3.11/site-packages/torch/distributed/elastic/rendezvous/static_tcp_rendezvous.py", line 67, in next_rendezvous
    self._store = TCPStore(  # type: ignore[call-arg]
                  ^^^^^^^^^^^^^^^^^^^^^^^^^^^^^^^^^^^
torch.distributed.DistStoreError: Timed out after 901 seconds waiting for clients. 4/8 clients joined.
Traceback (most recent call last):
  File "/opt/conda/bin/llamafactory-cli", line 7, in <module>
    sys.exit(main())
             ^^^^^^
  File "/app/src/llamafactory/cli.py", line 24, in main
    launcher.launch()
  File "/app/src/llamafactory/launcher.py", line 110, in launch
    process = subprocess.run(
              ^^^^^^^^^^^^^^^
Traceback (most recent call last):
  File "/opt/conda/bin/llamafactory-cli", line 7, in <module>
  File "/opt/conda/lib/python3.11/subprocess.py", line 571, in run
    sys.exit(main())
             ^^^^^^
  File "/app/src/llamafactory/cli.py", line 24, in main
    launcher.launch()
  File "/app/src/llamafactory/launcher.py", line 110, in launch
    process = subprocess.run(
              ^^^^^^^^^^^^^^^
  File "/opt/conda/lib/python3.11/subprocess.py", line 571, in run
    raise CalledProcessError(retcode, process.args,
subprocess.CalledProcessError: Command '['torchrun', '--nnodes', '8', '--node_rank', '3', '--nproc_per_node', '4', '--master_addr', '10.11.241.16', '--master_port', '30805', '/app/src/llamafactory/launcher.py', 'examples/train_full/opensci_full_sft_fsdp.yaml']' returned non-zero exit status 1.
    raise CalledProcessError(retcode, process.args,
subprocess.CalledProcessError: Command '['torchrun', '--nnodes', '8', '--node_rank', '1', '--nproc_per_node', '4', '--master_addr', '10.11.241.16', '--master_port', '30805', '/app/src/llamafactory/launcher.py', 'examples/train_full/opensci_full_sft_fsdp.yaml']' returned non-zero exit status 1.
[W1126 19:42:31.037954626 socket.cpp:759] [c10d] The client socket cannot be initialized to connect to [jwb0006.juwels]:30805 (errno: 97 - Address family not supported by protocol).
[W1126 19:42:31.038871171 socket.cpp:759] [c10d] The client socket has failed to connect to jwb0006.juwels:30805 (errno: 113 - No route to host).
[E1126 19:42:31.038880351 socket.cpp:813] [c10d] The client socket has failed to connect to any network address of (10.11.241.16, 30805).
[E1126 19:42:31.038943901 TCPStore.cpp:318] [c10d] TCP client failed to connect/validate to host 10.11.241.16:30805 - timed out (try=24, timeout=900000ms): The client socket has failed to connect to any network address of (10.11.241.16, 30805). The client socket has failed to connect to jwb0006.juwels:30805 (errno: 113 - No route to host).
Exception raised from run at /pytorch/torch/csrc/distributed/c10d/socket.cpp:815 (most recent call first):
frame #0: c10::Error::Error(c10::SourceLocation, std::string) + 0x96 (0x1536b956c1b6 in /opt/conda/lib/python3.11/site-packages/torch/lib/libc10.so)
frame #1: <unknown function> + 0x16155eb (0x15369cdda5eb in /opt/conda/lib/python3.11/site-packages/torch/lib/libtorch_cpu.so)
frame #2: <unknown function> + 0x63507f4 (0x1536a1b157f4 in /opt/conda/lib/python3.11/site-packages/torch/lib/libtorch_cpu.so)
frame #3: <unknown function> + 0x630d216 (0x1536a1ad2216 in /opt/conda/lib/python3.11/site-packages/torch/lib/libtorch_cpu.so)
frame #4: c10d::TCPStore::TCPStore(std::string, c10d::TCPStoreOptions const&) + 0x20c (0x1536a1ad514c in /opt/conda/lib/python3.11/site-packages/torch/lib/libtorch_cpu.so)
frame #5: <unknown function> + 0xe486ef (0x1536b16c96ef in /opt/conda/lib/python3.11/site-packages/torch/lib/libtorch_python.so)
frame #6: <unknown function> + 0x51a017 (0x1536b0d9b017 in /opt/conda/lib/python3.11/site-packages/torch/lib/libtorch_python.so)
frame #7: <unknown function> + 0x1f9276 (0x555fd5327276 in /opt/conda/bin/python3.11)
frame #8: _PyObject_MakeTpCall + 0x29b (0x555fd530475b in /opt/conda/bin/python3.11)
frame #9: <unknown function> + 0x227206 (0x555fd5355206 in /opt/conda/bin/python3.11)
frame #10: _PyObject_Call + 0x12b (0x555fd5340b7b in /opt/conda/bin/python3.11)
frame #11: <unknown function> + 0x2101c4 (0x555fd533e1c4 in /opt/conda/bin/python3.11)
frame #12: <unknown function> + 0x1d6a11 (0x555fd5304a11 in /opt/conda/bin/python3.11)
frame #13: <unknown function> + 0x51880b (0x1536b0d9980b in /opt/conda/lib/python3.11/site-packages/torch/lib/libtorch_python.so)
frame #14: _PyObject_MakeTpCall + 0x29b (0x555fd530475b in /opt/conda/bin/python3.11)
frame #15: _PyEval_EvalFrameDefault + 0x70a (0x555fd5311dda in /opt/conda/bin/python3.11)
frame #16: _PyFunction_Vectorcall + 0x17f (0x555fd5336b4f in /opt/conda/bin/python3.11)
frame #17: _PyEval_EvalFrameDefault + 0x4ae4 (0x555fd53161b4 in /opt/conda/bin/python3.11)
frame #18: _PyFunction_Vectorcall + 0x17f (0x555fd5336b4f in /opt/conda/bin/python3.11)
frame #19: _PyEval_EvalFrameDefault + 0x4ae4 (0x555fd53161b4 in /opt/conda/bin/python3.11)
frame #20: _PyFunction_Vectorcall + 0x17f (0x555fd5336b4f in /opt/conda/bin/python3.11)
frame #21: _PyEval_EvalFrameDefault + 0x4ae4 (0x555fd53161b4 in /opt/conda/bin/python3.11)
frame #22: _PyFunction_Vectorcall + 0x17f (0x555fd5336b4f in /opt/conda/bin/python3.11)
frame #23: _PyObject_FastCallDictTstate + 0x63 (0x555fd5309353 in /opt/conda/bin/python3.11)
frame #24: _PyObject_Call_Prepend + 0x69 (0x555fd533e479 in /opt/conda/bin/python3.11)
frame #25: <unknown function> + 0x2df709 (0x555fd540d709 in /opt/conda/bin/python3.11)
frame #26: PyObject_Call + 0xbe (0x555fd534088e in /opt/conda/bin/python3.11)
frame #27: _PyEval_EvalFrameDefault + 0x4ae4 (0x555fd53161b4 in /opt/conda/bin/python3.11)
frame #28: _PyFunction_Vectorcall + 0x17f (0x555fd5336b4f in /opt/conda/bin/python3.11)
frame #29: _PyEval_EvalFrameDefault + 0x4ae4 (0x555fd53161b4 in /opt/conda/bin/python3.11)
frame #30: <unknown function> + 0x29b01d (0x555fd53c901d in /opt/conda/bin/python3.11)
frame #31: PyEval_EvalCode + 0x9f (0x555fd53c875f in /opt/conda/bin/python3.11)
frame #32: <unknown function> + 0x2b86ca (0x555fd53e66ca in /opt/conda/bin/python3.11)
frame #33: <unknown function> + 0x2b4353 (0x555fd53e2353 in /opt/conda/bin/python3.11)
frame #34: <unknown function> + 0x2c98f0 (0x555fd53f78f0 in /opt/conda/bin/python3.11)
frame #35: _PyRun_SimpleFileObject + 0x1bc (0x555fd53f727c in /opt/conda/bin/python3.11)
frame #36: _PyRun_AnyFileObject + 0x44 (0x555fd53f7014 in /opt/conda/bin/python3.11)
frame #37: Py_RunMain + 0x383 (0x555fd53f15e3 in /opt/conda/bin/python3.11)
frame #38: Py_BytesMain + 0x37 (0x555fd53b89d7 in /opt/conda/bin/python3.11)
frame #39: <unknown function> + 0x29d90 (0x1536ba2a5d90 in /lib/x86_64-linux-gnu/libc.so.6)
frame #40: __libc_start_main + 0x80 (0x1536ba2a5e40 in /lib/x86_64-linux-gnu/libc.so.6)
frame #41: <unknown function> + 0x28a88a (0x555fd53b888a in /opt/conda/bin/python3.11)

Traceback (most recent call last):
  File "/opt/conda/bin/torchrun", line 8, in <module>
    sys.exit(main())
             ^^^^^^
  File "/opt/conda/lib/python3.11/site-packages/torch/distributed/elastic/multiprocessing/errors/__init__.py", line 355, in wrapper
    return f(*args, **kwargs)
           ^^^^^^^^^^^^^^^^^^
  File "/opt/conda/lib/python3.11/site-packages/torch/distributed/run.py", line 918, in main
    run(args)
  File "/opt/conda/lib/python3.11/site-packages/torch/distributed/run.py", line 909, in run
    elastic_launch(
  File "/opt/conda/lib/python3.11/site-packages/torch/distributed/launcher/api.py", line 138, in __call__
    return launch_agent(self._config, self._entrypoint, list(args))
           ^^^^^^^^^^^^^^^^^^^^^^^^^^^^^^^^^^^^^^^^^^^^^^^^^^^^^^^^
  File "/opt/conda/lib/python3.11/site-packages/torch/distributed/launcher/api.py", line 260, in launch_agent
    result = agent.run()
             ^^^^^^^^^^^
  File "/opt/conda/lib/python3.11/site-packages/torch/distributed/elastic/metrics/api.py", line 137, in wrapper
    result = f(*args, **kwargs)
             ^^^^^^^^^^^^^^^^^^
  File "/opt/conda/lib/python3.11/site-packages/torch/distributed/elastic/agent/server/api.py", line 711, in run
    result = self._invoke_run(role)
             ^^^^^^^^^^^^^^^^^^^^^^
  File "/opt/conda/lib/python3.11/site-packages/torch/distributed/elastic/agent/server/api.py", line 864, in _invoke_run
    self._initialize_workers(self._worker_group)
  File "/opt/conda/lib/python3.11/site-packages/torch/distributed/elastic/metrics/api.py", line 137, in wrapper
    result = f(*args, **kwargs)
             ^^^^^^^^^^^^^^^^^^
  File "/opt/conda/lib/python3.11/site-packages/torch/distributed/elastic/agent/server/api.py", line 683, in _initialize_workers
    self._rendezvous(worker_group)
  File "/opt/conda/lib/python3.11/site-packages/torch/distributed/elastic/metrics/api.py", line 137, in wrapper
    result = f(*args, **kwargs)
             ^^^^^^^^^^^^^^^^^^
  File "/opt/conda/lib/python3.11/site-packages/torch/distributed/elastic/agent/server/api.py", line 500, in _rendezvous
    rdzv_info = spec.rdzv_handler.next_rendezvous()
                ^^^^^^^^^^^^^^^^^^^^^^^^^^^^^^^^^^^
  File "/opt/conda/lib/python3.11/site-packages/torch/distributed/elastic/rendezvous/static_tcp_rendezvous.py", line 67, in next_rendezvous
    self._store = TCPStore(  # type: ignore[call-arg]
                  ^^^^^^^^^^^^^^^^^^^^^^^^^^^^^^^^^^^
torch.distributed.DistNetworkError: The client socket has failed to connect to any network address of (10.11.241.16, 30805). The client socket has failed to connect to jwb0006.juwels:30805 (errno: 113 - No route to host).
Traceback (most recent call last):
  File "/opt/conda/bin/llamafactory-cli", line 7, in <module>
    sys.exit(main())
             ^^^^^^
  File "/app/src/llamafactory/cli.py", line 24, in main
    launcher.launch()
  File "/app/src/llamafactory/launcher.py", line 110, in launch
    process = subprocess.run(
              ^^^^^^^^^^^^^^^
  File "/opt/conda/lib/python3.11/subprocess.py", line 571, in run
    raise CalledProcessError(retcode, process.args,
subprocess.CalledProcessError: Command '['torchrun', '--nnodes', '8', '--node_rank', '2', '--nproc_per_node', '4', '--master_addr', '10.11.241.16', '--master_port', '30805', '/app/src/llamafactory/launcher.py', 'examples/train_full/opensci_full_sft_fsdp.yaml']' returned non-zero exit status 1.
Traceback (most recent call last):
  File "/opt/conda/bin/llamafactory-cli", line 7, in <module>
    sys.exit(main())
             ^^^^^^
  File "/app/src/llamafactory/cli.py", line 24, in main
    launcher.launch()
  File "/app/src/llamafactory/launcher.py", line 110, in launch
    process = subprocess.run(
              ^^^^^^^^^^^^^^^
  File "/opt/conda/lib/python3.11/subprocess.py", line 571, in run
    raise CalledProcessError(retcode, process.args,
subprocess.CalledProcessError: Command '['torchrun', '--nnodes', '8', '--node_rank', '0', '--nproc_per_node', '4', '--master_addr', '10.11.241.16', '--master_port', '30805', '/app/src/llamafactory/launcher.py', 'examples/train_full/opensci_full_sft_fsdp.yaml']' returned non-zero exit status 1.
Traceback (most recent call last):
  File "/opt/conda/bin/llamafactory-cli", line 7, in <module>
    sys.exit(main())
             ^^^^^^
  File "/app/src/llamafactory/cli.py", line 24, in main
    launcher.launch()
  File "/app/src/llamafactory/launcher.py", line 110, in launch
    process = subprocess.run(
              ^^^^^^^^^^^^^^^
  File "/opt/conda/lib/python3.11/subprocess.py", line 571, in run
    raise CalledProcessError(retcode, process.args,
subprocess.CalledProcessError: Command '['torchrun', '--nnodes', '8', '--node_rank', '7', '--nproc_per_node', '4', '--master_addr', '10.11.241.16', '--master_port', '30805', '/app/src/llamafactory/launcher.py', 'examples/train_full/opensci_full_sft_fsdp.yaml']' returned non-zero exit status 1.
srun: error: jwb0031: task 1: Exited with exit code 1
srun: Terminating StepId=12911305.0
srun: error: jwb0043: task 3: Exited with exit code 1
srun: error: jwb0006: task 0: Terminated
srun: Force Terminated StepId=12911305.0
